chrom	start	end	name	split	hmmer_score	fasthumas_scaled_score	raw_gotoh_score	ratio_hmmer_to_raw
NC_060925.1	121806006	121806177	S1C1/5/19H1L.5	train	194.60	195.10	229.53	0.8478
NC_060925.1	121829772	121829943	S1C1/5/19H1L.5	train	178.60	182.90	215.18	0.8300
NC_060925.1	121835716	121835885	S1C1/5/19H1L.6/4	train	193.30	193.70	227.88	0.8482
NC_060925.1	121836396	121836565	S1C1/5/19H1L.6	train	185.50	187.90	221.06	0.8391
NC_060925.1	121836565	121836736	S1C1/5/19H1L.1/5	train	179.20	182.40	214.59	0.8351
NC_060925.1	121845569	121845737	S1C1/5/19H1L.4	train	199.70	199.10	234.24	0.8526
NC_060925.1	121847269	121847437	S1C1/5/19H1L.4	train	194.50	194.40	228.71	0.8504
NC_060925.1	121848625	121848794	S1C1/5/19H1L.6/4	train	190.40	190.40	224.00	0.8500
NC_060925.1	121855572	121855741	S1C1/5/19H1L.6/4	train	195.60	195.40	229.88	0.8509
NC_060925.1	121873716	121873887	S1C1/5/19H1L.5	train	189.00	190.80	224.47	0.8420
NC_060925.1	121877616	121877784	S1C1/5/19H1L.6	train	179.10	183.30	215.65	0.8305
NC_060925.1	121880665	121880833	S1C1/5/19H1L.6	train	179.10	183.30	215.65	0.8305
NC_060925.1	121880833	121881004	S1C1/5/19H1L.5	train	194.60	195.10	229.53	0.8478
NC_060925.1	121891259	121891428	S1C1/5/19H1L.2	train	192.10	192.40	226.35	0.8487
NC_060925.1	121893294	121893463	S1C1/5/19H1L.6	train	193.40	193.60	227.76	0.8491
NC_060925.1	121901095	121901264	S1C1/5/19H1L.6	train	182.20	184.20	216.71	0.8408
NC_060925.1	121902454	121902623	S1C1/5/19H1L.6/4	train	201.10	200.10	235.41	0.8542
NC_060925.1	121910420	121910591	S1C1/5/19H1L.5	train	186.20	188.50	221.76	0.8396
NC_060925.1	121910591	121910760	S1C1/5/19H1L.6	train	181.40	183.80	216.24	0.8389
NC_060925.1	121921620	121921791	S1C1/5/19H1L.5	train	196.40	196.30	230.94	0.8504
NC_060925.1	121922550	121922719	S1C1/5/19H1L.6	train	190.00	191.00	224.71	0.8455
NC_060925.1	121925098	121925268	S1C1/5/19H1L.5	train	184.60	187.50	220.59	0.8369
NC_060925.1	121928326	121928495	S1C1/5/19H1L.6	train	191.30	192.40	226.35	0.8451
NC_060925.1	121932063	121932232	S1C1/5/19H1L.6/4	train	196.70	196.00	230.59	0.8530
NC_060925.1	121932912	121933083	S1C1/5/19H1L.5	train	189.90	191.00	224.71	0.8451
NC_060925.1	121937503	121937672	S1C1/5/19H1L.6	train	189.90	190.90	224.59	0.8455
NC_060925.1	121938352	121938524	S1C1/5/19H1L.5	train	176.20	180.10	211.88	0.8316
NC_060925.1	121945326	121945495	S1C1/5/19H1L.6/4	train	198.30	197.60	232.47	0.8530
NC_060925.1	121951781	121951950	S1C1/5/19H1L.6/4	train	193.80	193.70	227.88	0.8504
NC_060925.1	121952121	121952290	S1C1/5/19H1L.6/4	train	198.30	197.60	232.47	0.8530
NC_060925.1	121957211	121957380	S1C1/5/19H1L.6/4	train	196.00	195.80	230.35	0.8509
NC_060925.1	121959249	121959418	S1C1/5/19H1L.6/4	train	194.30	194.20	228.47	0.8504
NC_060925.1	121966204	121966373	S1C1/5/19H1L.6	train	184.30	186.50	219.41	0.8400
NC_060925.1	121969081	121969249	S1C1/5/19H1L.4	train	191.70	192.50	226.47	0.8465
NC_060925.1	121981549	121981718	S1C1/5/19H1L.6/4	train	197.40	197.40	232.24	0.8500
NC_060925.1	121982228	121982397	S1C1/5/19H1L.6/4	train	189.90	190.60	224.24	0.8469
NC_060925.1	121982568	121982737	S1C1/5/19H1L.6/4	train	195.30	195.00	229.41	0.8513
NC_060925.1	121987325	121987493	S1C1/5/19H1L.6/4	train	189.40	189.70	223.18	0.8487
NC_060925.1	121988005	121988174	S1C1/5/19H1L.6/4	train	188.70	189.80	223.29	0.8451
NC_060925.1	121989704	121989873	S1C1/5/19H1L.2	train	193.10	193.00	227.06	0.8504
NC_060925.1	121993780	121993949	S1C1/5/19H1L.6	train	190.40	191.10	224.82	0.8469
NC_060925.1	121996667	121996838	S1C1/5/19H1L.5	train	200.40	199.60	234.82	0.8534
NC_060925.1	122000394	122000563	S1C1/5/19H1L.6	train	178.40	181.50	213.53	0.8355
NC_060925.1	122009228	122009397	S1C1/5/19H1L.6/4	train	192.00	192.20	226.12	0.8491
NC_060925.1	122017722	122017891	S1C1/5/19H1L.6	train	183.40	185.90	218.71	0.8386
NC_060925.1	122028931	122029100	S1C1/5/19H1L.6/4	train	193.80	193.70	227.88	0.8504
NC_060925.1	122033858	122034029	S1C1/5/19H1L.5	train	194.60	195.10	229.53	0.8478
NC_060925.1	122035217	122035388	S1C1/5/19H1L.5	train	185.10	186.80	219.76	0.8423
NC_060925.1	122038186	122038354	S1C1/5/19H1L.4	train	199.70	199.10	234.24	0.8526
NC_060925.1	122041244	122041413	S1C1/5/19H1L.6/4	train	196.40	195.80	230.35	0.8526
NC_060925.1	122041584	122041753	S1C1/5/19H1L.6	train	183.90	185.80	218.59	0.8413
NC_060925.1	122051097	122051266	S1C1/5/19H1L.6/4	train	193.80	193.80	228.00	0.8500
NC_060925.1	122054148	122054316	S1C1/5/19H1L.4	train	199.70	199.10	234.24	0.8526
NC_060925.1	122066377	122066546	S1C1/5/19H1L.6/4	train	195.40	195.30	229.76	0.8504
NC_060925.1	122070111	122070280	S1C1/5/19H1L.6	train	186.60	188.30	221.53	0.8423
NC_060925.1	122081317	122081486	S1C1/5/19H1L.2	train	188.70	189.20	222.59	0.8478
NC_060925.1	122081996	122082165	S1C1/5/19H1L.6/4	train	197.40	197.40	232.24	0.8500
NC_060925.1	122082845	122083016	S1C1/5/19H1L.5	train	197.30	197.40	232.24	0.8496
NC_060925.1	122087260	122087431	S1C1/5/19H1L.5	train	187.70	189.10	222.47	0.8437
NC_060925.1	122102723	122102892	S1C1/5/19H1L.6/4	train	198.80	198.00	232.94	0.8534
NC_060925.1	122104763	122104932	S1C1/5/19H1L.6/4	train	198.30	197.60	232.47	0.8530
NC_060925.1	122117755	122117923	S1C1/5/19H1L.4	train	195.10	194.90	229.29	0.8509
NC_060925.1	122126590	122126759	S1C1/5/19H1L.6/4	train	190.50	190.80	224.47	0.8487
NC_060925.1	122128969	122129138	S1C1/5/19H1L.6	train	190.00	191.00	224.71	0.8455
NC_060925.1	122133727	122133896	S1C1/5/19H1L.6	train	181.90	183.70	216.12	0.8417
NC_060925.1	122138141	122138310	S1C1/5/19H1L.6/4	train	195.30	195.00	229.41	0.8513
NC_060925.1	122138481	122138649	S1C1/5/19H1L.4	train	199.70	199.10	234.24	0.8526
NC_060925.1	122141541	122141710	S1C1/5/19H1L.6/4	train	193.10	193.30	227.41	0.8491
NC_060925.1	122145620	122145788	S1C1/5/19H1L.4	train	197.40	197.10	231.88	0.8513
NC_060925.1	122145959	122146128	S1C1/5/19H1L.6/4	train	197.20	196.40	231.06	0.8535
NC_060925.1	122146640	122146809	S1C1/5/19H1L.6	train	183.40	185.10	217.76	0.8422
NC_060925.1	122150888	122151059	S1C1/5/19H1L.5	train	180.30	183.40	215.76	0.8356
NC_060925.1	122155481	122155650	S1C1/5/19H1L.6/4	train	195.40	195.30	229.76	0.8504
NC_060925.1	122156162	122156331	S1C1/5/19H1L.6/4	train	198.30	197.60	232.47	0.8530
NC_060925.1	122163471	122163642	S1C1/5/19H1L.5	train	184.60	188.00	221.18	0.8346
NC_060925.1	122165682	122165851	S1C1/5/19H1L.6	train	181.10	183.90	216.35	0.8371
NC_060925.1	122167721	122167890	S1C1/5/19H1L.6/4	train	194.70	194.90	229.29	0.8491
NC_060925.1	122171800	122171969	S1C1/5/19H1L.6/4	train	195.30	195.00	229.41	0.8513
NC_060925.1	122175199	122175367	S1C1/5/19H1L.4	train	196.90	196.80	231.53	0.8504
NC_060925.1	122176900	122177069	S1C1/5/19H1L.6/4	train	193.40	193.40	227.53	0.8500
NC_060925.1	122186081	122186249	S1C1/5/19H1L.4	train	193.80	194.30	228.59	0.8478
NC_060925.1	122197636	122197805	S1C1/5/19H1L.6/4	train	194.70	194.90	229.29	0.8491
NC_060925.1	122198996	122199164	S1C1/5/19H1L.4	train	196.00	195.50	230.00	0.8522
NC_060925.1	122203756	122203925	S1C1/5/19H1L.6	train	178.90	181.90	214.00	0.8360
NC_060925.1	122205285	122205456	S1C1/5/19H1L.5	train	187.40	189.90	223.41	0.8388
NC_060925.1	122208856	122209025	S1C1/5/19H1L.6/4	train	196.00	195.50	230.00	0.8522
NC_060925.1	122212595	122212764	S1C1/5/19H1L.6	train	186.50	188.20	221.41	0.8423
NC_060925.1	122215654	122215823	S1C1/5/19H1L.6/4	train	192.40	193.20	227.29	0.8465
NC_060925.1	122220073	122220241	S1C1/5/19H1L.4	train	196.60	196.80	231.53	0.8491
NC_060925.1	122222112	122222280	S1C1/5/19H1L.4	train	194.00	194.50	228.82	0.8478
NC_060925.1	122225171	122225340	S1C1/5/19H1L.6/4	train	198.30	197.60	232.47	0.8530
NC_060925.1	122234348	122234516	S1C1/5/19H1L.4	train	199.70	199.10	234.24	0.8526
NC_060925.1	122242164	122242333	S1C1/5/19H1L.6/2	train	199.20	198.00	232.94	0.8552
NC_060925.1	122242504	122242673	S1C1/5/19H1L.6/4	train	193.60	193.40	227.53	0.8509
NC_060925.1	122244372	122244543	S1C1/5/19H1L.5	train	190.70	191.10	224.82	0.8482
NC_060925.1	122256948	122257119	S1C1/5/19H1L.5	train	194.10	194.80	229.18	0.8469
NC_060925.1	122257799	122257967	S1C1/5/19H1L.4	train	193.40	194.00	228.24	0.8474
NC_060925.1	122276146	122276315	S1C1/5/19H1L.6	train	189.10	190.40	224.00	0.8442
NC_060925.1	122292465	122292634	S1C1/5/19H1L.6/4	train	198.30	197.60	232.47	0.8530
NC_060925.1	122292634	122292805	S1C1/5/19H1L.5	train	197.30	197.40	232.24	0.8496
NC_060925.1	122302154	122302325	S1C1/5/19H1L.5	train	195.00	195.00	229.41	0.8500
NC_060925.1	122311163	122311332	S1C1/5/19H1L.6/4	train	188.90	189.60	223.06	0.8469
NC_060925.1	122323062	122323231	S1C1/5/19H1L.6/4	train	194.30	194.20	228.47	0.8504
NC_060925.1	122324422	122324591	S1C1/5/19H1L.6/4	train	198.30	197.60	232.47	0.8530
NC_060925.1	122325442	122325611	S1C1/5/19H1L.6/4	train	193.90	194.20	228.47	0.8487
NC_060925.1	122326291	122326462	S1C1/5/19H1L.5	train	196.40	196.30	230.94	0.8504
NC_060925.1	122330200	122330368	S1C1/5/19H1L.4	train	199.70	199.10	234.24	0.8526
NC_060925.1	122332069	122332240	S1C1/5/19H1L.5	train	196.40	196.30	230.94	0.8504
NC_060925.1	122333260	122333429	S1C1/5/19H1L.6	train	186.50	188.20	221.41	0.8423
NC_060925.1	122337336	122337505	S1C1/5/19H1L.6/4	train	189.90	190.10	223.65	0.8491
NC_060925.1	122345153	122345322	S1C1/5/19H1L.6	train	186.50	188.20	221.41	0.8423
NC_060925.1	122348552	122348721	S1C1/5/19H1L.6/4	train	189.90	190.40	224.00	0.8478
NC_060925.1	122351101	122351272	S1C1/5/19H1L.5	train	194.30	194.80	229.18	0.8478
NC_060925.1	122366061	122366232	S1C1/5/19H1L.5	train	189.70	190.50	224.12	0.8464
NC_060925.1	122366232	122366401	S1C1/5/19H1L.6/4	train	198.30	197.60	232.47	0.8530
NC_060925.1	122371332	122371501	S1C1/5/19H1L.6/4	train	190.70	191.40	225.18	0.8469
NC_060925.1	122384079	122384250	S1C1/5/19H1L.5	train	193.90	194.10	228.35	0.8491
NC_060925.1	122391728	122391896	S1C1/5/19H1L.4	train	199.70	199.10	234.24	0.8526
NC_060925.1	122393088	122393257	S1C1/5/19H1L.6/4	train	193.90	194.20	228.47	0.8487
NC_060925.1	122399543	122399712	S1C1/5/19H1L.6	train	190.00	191.00	224.71	0.8455
NC_060925.1	122400728	122400899	S1C1/5/19H1L.5	train	195.00	195.00	229.41	0.8500
NC_060925.1	122407013	122407182	S1C1/5/19H1L.6/4	train	191.40	191.80	225.65	0.8482
NC_060925.1	122409559	122409730	S1C1/5/19H1L.5	train	193.10	193.80	228.00	0.8469
NC_060925.1	122414487	122414656	S1C1/5/19H1L.6/4	train	198.30	197.60	232.47	0.8530
NC_060925.1	122428427	122428596	S1C1/5/19H1L.6/4	train	195.60	195.20	229.65	0.8517
NC_060925.1	122429952	122430123	S1C1/5/19H1L.5	train	195.00	195.00	229.41	0.8500
NC_060925.1	122430972	122431143	S1C1/5/19H1L.5	train	192.50	192.90	226.94	0.8482
NC_060925.1	122437766	122437937	S1C1/5/19H1L.5	train	192.90	193.70	227.88	0.8465
NC_060925.1	122437937	122438106	S1C1/5/19H1L.6/4	train	198.30	197.60	232.47	0.8530
NC_060925.1	122443546	122443717	S1C1/5/19H1L.5	train	194.40	194.60	228.94	0.8491
NC_060925.1	122447457	122447626	S1C1/5/19H1L.6/4	train	190.70	191.40	225.18	0.8469
NC_060925.1	122450178	122450347	S1C1/5/19H1L.6	train	190.00	191.00	224.71	0.8455
NC_060925.1	122451537	122451705	S1C1/5/19H1L.4	train	199.70	199.10	234.24	0.8526
NC_060925.1	122454256	122454425	S1C1/5/19H1L.6/4	train	183.80	185.40	218.12	0.8427
NC_060925.1	122459007	122459176	S1C1/5/19H1L.6/4	train	198.30	197.60	232.47	0.8530
NC_060925.1	122467336	122467507	S1C1/5/19H1L.5	train	196.40	196.30	230.94	0.8504
NC_060925.1	122469887	122470056	S1C1/5/19H1L.6	train	187.70	188.90	222.24	0.8446
NC_060925.1	122472096	122472267	S1C1/5/19H1L.5	train	196.40	196.30	230.94	0.8504
NC_060925.1	122472267	122472436	S1C1/5/19H1L.6/4	train	195.60	195.20	229.65	0.8517
NC_060925.1	122475327	122475496	S1C1/5/19H1L.6	train	190.00	191.00	224.71	0.8455
NC_060925.1	122476007	122476175	S1C1/5/19H1L.4	train	199.70	199.10	234.24	0.8526
NC_060925.1	122482467	122482636	S1C1/5/19H1L.6/4	train	194.30	194.20	228.47	0.8504
NC_060925.1	122486716	122486887	S1C1/5/19H1L.5	train	197.30	197.40	232.24	0.8496
NC_060925.1	122494367	122494535	S1C1/5/19H1L.4	train	196.60	196.80	231.53	0.8491
NC_060925.1	122506262	122506430	S1C1/5/19H1L.6/4	train	189.00	189.40	222.82	0.8482
NC_060925.1	122508129	122508300	S1C1/5/19H1L.5	train	189.10	191.00	224.71	0.8415
NC_060925.1	122515440	122515608	S1C1/5/19H1L.4	train	199.70	199.10	234.24	0.8526
NC_060925.1	122520539	122520707	S1C1/5/19H1L.4	train	199.70	199.10	234.24	0.8526
NC_060925.1	122520707	122520879	S1C1/5/19H1L.5	train	178.70	182.30	214.47	0.8332
NC_060925.1	122523088	122523259	S1C1/5/19H1L.5	train	194.10	194.70	229.06	0.8474
NC_060925.1	122528358	122528527	S1C1/5/19H1L.6/4	train	197.20	196.40	231.06	0.8535
NC_060925.1	122531247	122531418	S1C1/5/19H1L.5	train	193.90	194.10	228.35	0.8491
NC_060925.1	122534138	122534307	S1C1/5/19H1L.6	train	190.00	191.00	224.71	0.8455
NC_060925.1	122536006	122536178	S1C1/5/19H1L.5	train	178.70	182.30	214.47	0.8332
NC_060925.1	122549262	122549433	S1C1/5/19H1L.5	train	191.50	192.60	226.59	0.8451
NC_060925.1	122553000	122553171	S1C1/5/19H1L.5	train	189.10	191.00	224.71	0.8415
NC_060925.1	122558440	122558611	S1C1/5/19H1L.5	train	194.10	194.70	229.06	0.8474
NC_060925.1	122564730	122564899	S1C1/5/19H1L.6	train	187.70	188.90	222.24	0.8446
NC_060925.1	122575269	122575438	S1C1/5/19H1L.6/4	train	198.30	197.60	232.47	0.8530
NC_060925.1	122587341	122587512	S1C1/5/19H1L.5	train	197.00	197.00	231.76	0.8500
NC_060925.1	122590740	122590912	S1C1/5/19H1L.5	train	175.00	179.50	211.18	0.8287
NC_060925.1	122591592	122591761	S1C1/5/19H1L.6/4	train	197.20	196.40	231.06	0.8535
NC_060925.1	122593801	122593973	S1C1/5/19H1L.5	train	178.70	182.30	214.47	0.8332
NC_060925.1	122594142	122594313	S1C1/5/19H1L.5	train	191.90	192.70	226.71	0.8465
NC_060925.1	122594313	122594482	S1C1/5/19H1L.6/4	train	197.20	196.40	231.06	0.8535
NC_060925.1	122594482	122594654	S1C1/5/19H1L.5	train	178.70	182.30	214.47	0.8332
NC_060925.1	122607064	122607235	S1C1/5/19H1L.5	train	192.90	193.40	227.53	0.8478
NC_060925.1	122614718	122614887	S1C1/5/19H1L.6/4	train	190.70	191.40	225.18	0.8469
NC_060925.1	122616418	122616587	S1C1/5/19H1L.6/4	train	190.80	191.80	225.65	0.8456
NC_060925.1	122618117	122618286	S1C1/5/19H1L.6/4	train	192.40	192.10	226.00	0.8513
NC_060925.1	122619986	122620157	S1C1/5/19H1L.5	train	191.90	192.70	226.71	0.8465
NC_060925.1	122630522	122630694	S1C1/5/19H1L.5	train	178.70	182.30	214.47	0.8332
NC_060925.1	122631714	122631883	S1C1/5/19H1L.6	train	191.10	191.60	225.41	0.8478
NC_060925.1	122638512	122638681	S1C1/5/19H1L.6/4	train	194.30	194.20	228.47	0.8504
NC_060925.1	122641061	122641232	S1C1/5/19H1L.5	train	193.20	193.40	227.53	0.8491
NC_060925.1	122644631	122644800	S1C1/5/19H1L.6/4	train	188.50	189.50	222.94	0.8455
NC_060925.1	122651940	122652111	S1C1/5/19H1L.5	train	191.90	192.70	226.71	0.8465
NC_060925.1	122654831	122655000	S1C1/5/19H1L.6	train	187.70	188.90	222.24	0.8446
NC_060925.1	122657891	122658060	S1C1/5/19H1L.6/4	train	189.10	189.90	223.41	0.8464
NC_060925.1	122661770	122661942	S1C1/5/19H1L.5	train	178.70	182.30	214.47	0.8332
NC_060925.1	122669419	122669588	S1C1/5/19H1L.6	train	187.70	188.90	222.24	0.8446
NC_060925.1	122671119	122671288	S1C1/5/19H1L.6/4	train	190.00	190.90	224.59	0.8460
NC_060925.1	122677406	122677578	S1C1/5/19H1L.5	train	178.70	182.30	214.47	0.8332
NC_060925.1	122678938	122679107	S1C1/5/19H1L.6	train	186.50	188.20	221.41	0.8423
NC_060925.1	122680638	122680807	S1C1/5/19H1L.6/4	train	193.90	194.20	228.47	0.8487
NC_060925.1	122684718	122684887	S1C1/5/19H1L.6/4	train	190.70	191.40	225.18	0.8469
NC_060925.1	122687439	122687608	S1C1/5/19H1L.6/4	train	194.30	194.20	228.47	0.8504
NC_060925.1	122696281	122696450	S1C1/5/19H1L.6/4	train	190.70	191.40	225.18	0.8469
NC_060925.1	122705631	122705802	S1C1/5/19H1L.5	train	197.00	197.00	231.76	0.8500
NC_060925.1	122707842	122708011	S1C1/5/19H1L.6/4	train	197.20	196.40	231.06	0.8535
NC_060925.1	122708692	122708863	S1C1/5/19H1L.5	train	196.40	196.30	230.94	0.8504
NC_060925.1	122709372	122709544	S1C1/5/19H1L.5	train	178.70	182.30	214.47	0.8332
NC_060925.1	122710564	122710733	S1C1/5/19H1L.6/4	train	190.70	191.40	225.18	0.8469
NC_060925.1	122722974	122723145	S1C1/5/19H1L.5	train	191.90	192.70	226.71	0.8465
NC_060925.1	122730116	122730287	S1C1/5/19H1L.5	train	191.90	192.70	226.71	0.8465
NC_060925.1	122732327	122732496	S1C1/5/19H1L.6/4	train	194.30	194.20	228.47	0.8504
NC_060925.1	122733007	122733176	S1C1/5/19H1L.6	train	190.00	191.00	224.71	0.8455
NC_060925.1	122734195	122734367	S1C1/5/19H1L.5	train	178.70	182.30	214.47	0.8332
NC_060925.1	122736235	122736407	S1C1/5/19H1L.5	train	178.70	182.30	214.47	0.8332
NC_060925.1	122741679	122741850	S1C1/5/19H1L.5	train	197.00	197.00	231.76	0.8500
NC_060925.1	122744571	122744740	S1C1/5/19H1L.6/4	train	194.30	194.20	228.47	0.8504
NC_060925.1	122745932	122746101	S1C1/5/19H1L.6/4	train	194.30	194.20	228.47	0.8504
NC_060925.1	122748652	122748821	S1C1/5/19H1L.6/4	train	198.30	197.60	232.47	0.8530
NC_060925.1	122749840	122750011	S1C1/5/19H1L.5	train	189.00	190.30	223.88	0.8442
NC_060925.1	122751539	122751711	S1C1/5/19H1L.5	train	178.70	182.30	214.47	0.8332
NC_060925.1	122754259	122754430	S1C1/5/19H1L.5	train	197.30	197.40	232.24	0.8496
NC_060925.1	122755449	122755618	S1C1/5/19H1L.6/4	train	190.20	191.00	224.71	0.8464
NC_060925.1	122757829	122757998	S1C1/5/19H1L.6	train	189.80	190.80	224.47	0.8455
NC_060925.1	122759357	122759528	S1C1/5/19H1L.5	train	194.70	195.20	229.65	0.8478
NC_060925.1	122760717	122760888	S1C1/5/19H1L.5	train	191.90	192.70	226.71	0.8465
NC_060925.1	122763267	122763436	S1C1/5/19H1L.6	train	187.70	188.90	222.24	0.8446
NC_060925.1	122769554	122769725	S1C1/5/19H1L.5	train	196.40	196.30	230.94	0.8504
NC_060925.1	122770912	122771084	S1C1/5/19H1L.5	train	178.70	182.30	214.47	0.8332
NC_060925.1	122774823	122774992	S1C1/5/19H1L.6/4	train	194.30	194.20	228.47	0.8504
NC_060925.1	122781620	122781789	S1C1/5/19H1L.6/4	train	190.20	191.00	224.71	0.8464
NC_060925.1	122787060	122787228	S1C1/5/19H1L.4	train	199.70	199.10	234.24	0.8526
NC_060925.1	122790120	122790289	S1C1/5/19H1L.6/4	train	192.40	192.60	226.59	0.8491
NC_060925.1	122800318	122800487	S1C1/5/19H1L.6	train	187.70	188.90	222.24	0.8446
NC_060925.1	122825613	122825785	S1C1/5/19H1L.5	train	178.70	182.30	214.47	0.8332
NC_060925.1	122833434	122833605	S1C1/5/19H1L.5	train	196.40	196.30	230.94	0.8504
NC_060925.1	122836662	122836831	S1C1/5/19H1L.6/4	train	192.70	192.60	226.59	0.8504
NC_060925.1	122837680	122837848	S1C1/5/19H1L.4	train	196.60	196.50	231.18	0.8504
NC_060925.1	122845499	122845667	S1C1/5/19H1L.4	train	196.60	196.80	231.53	0.8491
NC_060925.1	122848218	122848387	S1C1/5/19H1L.6/4	train	190.70	191.40	225.18	0.8469
NC_060925.1	122851787	122851958	S1C1/5/19H1L.5	train	196.40	196.30	230.94	0.8504
NC_060925.1	122855017	122855186	S1C1/5/19H1L.6/4	train	197.20	196.40	231.06	0.8535
NC_060925.1	122855357	122855526	S1C1/5/19H1L.6	train	187.70	188.90	222.24	0.8446
NC_060925.1	122866575	122866743	S1C1/5/19H1L.4	train	199.70	199.10	234.24	0.8526
NC_060925.1	122879664	122879836	S1C1/5/19H1L.5	train	178.70	182.30	214.47	0.8332
NC_060925.1	122882895	122883064	S1C1/5/19H1L.6	train	190.00	191.00	224.71	0.8455
NC_060925.1	122884084	122884255	S1C1/5/19H1L.5	train	195.00	195.10	229.53	0.8496
NC_060925.1	122884255	122884424	S1C1/5/19H1L.6/4	train	188.50	189.60	223.06	0.8451
NC_060925.1	122890375	122890544	S1C1/5/19H1L.6	train	193.40	193.60	227.76	0.8491
NC_060925.1	122891905	122892076	S1C1/5/19H1L.5	train	191.90	192.70	226.71	0.8465
NC_060925.1	122901253	122901422	S1C1/5/19H1L.6/4	train	197.20	196.40	231.06	0.8535
NC_060925.1	122907712	122907881	S1C1/5/19H1L.6	train	190.00	191.00	224.71	0.8455
NC_060925.1	122910940	122911112	S1C1/5/19H1L.5	train	178.70	182.30	214.47	0.8332
NC_060925.1	122912302	122912473	S1C1/5/19H1L.5	train	191.90	192.70	226.71	0.8465
NC_060925.1	122912813	122912982	S1C1/5/19H1L.6/4	train	197.20	196.40	231.06	0.8535
NC_060925.1	122918253	122918421	S1C1/5/19H1L.4	train	199.70	199.10	234.24	0.8526
NC_060925.1	122934062	122934233	S1C1/5/19H1L.5	train	191.90	192.70	226.71	0.8465
NC_060925.1	122936782	122936953	S1C1/5/19H1L.5	train	196.00	195.90	230.47	0.8504
NC_060925.1	122952420	122952591	S1C1/5/19H1L.5	train	190.80	191.50	225.29	0.8469
NC_060925.1	122959731	122959899	S1C1/5/19H1L.4	train	199.70	199.10	234.24	0.8526
NC_060925.1	122970606	122970775	S1C1/5/19H1L.6/4	train	195.60	195.20	229.65	0.8517
NC_060925.1	122976726	122976895	S1C1/5/19H1L.6/4	train	197.20	196.40	231.06	0.8535
NC_060925.1	122979954	122980126	S1C1/5/19H1L.5	train	178.70	182.30	214.47	0.8332
NC_060925.1	122995421	122995590	S1C1/5/19H1L.6/4	train	197.20	196.40	231.06	0.8535
NC_060925.1	122997461	122997630	S1C1/5/19H1L.6	train	190.00	191.00	224.71	0.8455
NC_060925.1	122998141	122998309	S1C1/5/19H1L.4	train	199.70	199.10	234.24	0.8526
NC_060925.1	123003746	123003917	S1C1/5/19H1L.5	train	189.90	190.80	224.47	0.8460
NC_060925.1	123008166	123008338	S1C1/5/19H1L.5	train	178.70	182.30	214.47	0.8332
NC_060925.1	123013947	123014119	S1C1/5/19H1L.5	train	175.10	179.60	211.29	0.8287
NC_060925.1	123017179	123017348	S1C1/5/19H1L.6/4	train	190.70	191.40	225.18	0.8469
NC_060925.1	123036557	123036726	S1C1/5/19H1L.6/4	train	187.50	188.80	222.12	0.8441
NC_060925.1	123037066	123037237	S1C1/5/19H1L.5	train	197.30	197.40	232.24	0.8496
NC_060925.1	123039783	123039954	S1C1/5/19H1L.5	train	189.50	190.60	224.24	0.8451
NC_060925.1	123040294	123040463	S1C1/5/19H1L.6/4	train	194.90	194.40	228.71	0.8522
NC_060925.1	123045217	123045389	S1C1/5/19H1L.5	train	178.70	182.30	214.47	0.8332
NC_060925.1	123059305	123059474	S1C1/5/19H1L.6/4	train	190.70	191.40	225.18	0.8469
NC_060925.1	123072871	123073040	S1C1/5/19H1L.6/4	train	189.30	190.70	224.35	0.8438
NC_060925.1	123080690	123080859	S1C1/5/19H1L.6/4	train	190.70	191.40	225.18	0.8469
NC_060925.1	123081370	123081539	S1C1/5/19H1L.6	train	191.10	191.60	225.41	0.8478
NC_060925.1	123086468	123086637	S1C1/5/19H1L.6/4	train	192.40	192.90	226.94	0.8478
NC_060925.1	123087828	123087996	S1C1/5/19H1L.4	train	199.70	199.10	234.24	0.8526
NC_060925.1	123091908	123092076	S1C1/5/19H1L.4	train	199.70	199.10	234.24	0.8526
NC_060925.1	123095476	123095647	S1C1/5/19H1L.5	train	197.30	197.40	232.24	0.8496
NC_060925.1	123097856	123098027	S1C1/5/19H1L.5	train	196.40	196.30	230.94	0.8504
NC_060925.1	123098027	123098195	S1C1/5/19H1L.6/2	train	192.50	192.10	226.00	0.8518
NC_060925.1	123112303	123112472	S1C1/5/19H1L.6/2	train	181.10	183.40	215.76	0.8393
NC_060925.1	123119270	123119442	S1C1/5/19H1L.5	train	178.70	182.30	214.47	0.8332
NC_060925.1	123123349	123123521	S1C1/5/19H1L.5	train	178.70	182.30	214.47	0.8332
NC_060925.1	123124710	123124881	S1C1/5/19H1L.5	train	196.00	195.90	230.47	0.8504
NC_060925.1	123138991	123139162	S1C1/5/19H1L.5	train	196.40	196.30	230.94	0.8504
NC_060925.1	123141202	123141371	S1C1/5/19H1L.6/4	train	190.70	191.40	225.18	0.8469
NC_060925.1	123141542	123141711	S1C1/5/19H1L.6/4	train	197.20	196.40	231.06	0.8535
NC_060925.1	123142730	123142902	S1C1/5/19H1L.5	train	178.70	182.30	214.47	0.8332
NC_060925.1	123146809	123146981	S1C1/5/19H1L.5	train	178.70	182.30	214.47	0.8332
NC_060925.1	123154463	123154632	S1C1/5/19H1L.6/4	train	197.20	196.40	231.06	0.8535
NC_060925.1	123160922	123161091	S1C1/5/19H1L.6	train	185.30	186.90	219.88	0.8427
NC_060925.1	123163809	123163981	S1C1/5/19H1L.5	train	178.70	182.30	214.47	0.8332
NC_060925.1	123166701	123166870	S1C1/5/19H1L.6/4	train	190.70	191.40	225.18	0.8469
NC_060925.1	123170441	123170610	S1C1/5/19H1L.6	train	193.40	193.60	227.76	0.8491
NC_060925.1	123173162	123173330	S1C1/5/19H1L.4	train	196.50	196.50	231.18	0.8500
NC_060925.1	123175881	123176050	S1C1/5/19H1L.6/4	train	188.50	189.60	223.06	0.8451
NC_060925.1	123194066	123194238	S1C1/5/19H1L.5	train	177.40	181.70	213.76	0.8299
NC_060925.1	123196958	123197127	S1C1/5/19H1L.6/4	train	197.20	196.40	231.06	0.8535
NC_060925.1	123207497	123207666	S1C1/5/19H1L.6/4	train	190.70	191.40	225.18	0.8469
NC_060925.1	123238099	123238268	S1C1/5/19H1L.6/4	train	192.40	193.10	227.18	0.8469
NC_060925.1	123241500	123241669	S1C1/5/19H1L.6/4	train	195.30	195.40	229.88	0.8496
NC_060925.1	123242860	123243028	S1C1/5/19H1L.4	train	199.70	199.10	234.24	0.8526
NC_060925.1	123248300	123248469	S1C1/5/19H1L.6/4	train	190.70	191.40	225.18	0.8469
NC_060925.1	123255100	123255269	S1C1/5/19H1L.6/4	train	190.70	191.40	225.18	0.8469
NC_060925.1	123269545	123269717	S1C1/5/19H1L.5	train	175.40	179.60	211.29	0.8301
NC_060925.1	123273961	123274132	S1C1/5/19H1L.5	train	195.00	195.10	229.53	0.8496
NC_060925.1	123275662	123275833	S1C1/5/19H1L.5	train	197.30	197.40	232.24	0.8496
NC_060925.1	123275833	123276002	S1C1/5/19H1L.6	train	190.00	191.00	224.71	0.8455
NC_060925.1	123282634	123282803	S1C1/5/19H1L.6/4	train	190.70	191.40	225.18	0.8469
NC_060925.1	123284164	123284335	S1C1/5/19H1L.5	train	197.30	197.40	232.24	0.8496
NC_060925.1	123286035	123286204	S1C1/5/19H1L.6/4	train	196.80	196.00	230.59	0.8535
NC_060925.1	123289092	123289261	S1C1/5/19H1L.6/4	train	193.90	194.20	228.47	0.8487
NC_060925.1	123292662	123292833	S1C1/5/19H1L.5	train	197.30	197.40	232.24	0.8496
NC_060925.1	123292833	123293002	S1C1/5/19H1L.6	train	190.00	191.00	224.71	0.8455
NC_060925.1	123294022	123294193	S1C1/5/19H1L.5	train	197.00	197.00	231.76	0.8500
NC_060925.1	123297422	123297594	S1C1/5/19H1L.5	train	178.70	182.30	214.47	0.8332
NC_060925.1	123305242	123305414	S1C1/5/19H1L.5	train	178.70	182.30	214.47	0.8332
NC_060925.1	123307790	123307959	S1C1/5/19H1L.6/4	train	187.50	188.80	222.12	0.8441
NC_060925.1	123312547	123312715	S1C1/5/19H1L.4	train	199.70	199.10	234.24	0.8526
NC_060925.1	123316282	123316450	S1C1/5/19H1L.4	train	199.70	199.10	234.24	0.8526
NC_060925.1	123319682	123319851	S1C1/5/19H1L.6	train	190.00	191.00	224.71	0.8455
NC_060925.1	123320358	123320526	S1C1/5/19H1L.4	train	199.70	199.10	234.24	0.8526
NC_060925.1	123323750	123323918	S1C1/5/19H1L.4	train	199.70	199.10	234.24	0.8526
NC_060925.1	123332918	123333087	S1C1/5/19H1L.6/4	train	190.70	191.40	225.18	0.8469
NC_060925.1	123337674	123337843	S1C1/5/19H1L.6/4	train	193.60	193.70	227.88	0.8496
NC_060925.1	123340054	123340223	S1C1/5/19H1L.6/4	train	196.80	196.00	230.59	0.8535
NC_060925.1	123352464	123352636	S1C1/5/19H1L.5	train	175.40	179.60	211.29	0.8301
NC_060925.1	123353656	123353825	S1C1/5/19H1L.6/4	train	198.30	197.60	232.47	0.8530
NC_060925.1	123358416	123358584	S1C1/5/19H1L.4	train	199.70	199.10	234.24	0.8526
NC_060925.1	123368276	123368445	S1C1/5/19H1L.6	train	190.00	191.00	224.71	0.8455
NC_060925.1	123373201	123373372	S1C1/5/19H1L.5	train	187.30	188.80	222.12	0.8432
NC_060925.1	123374052	123374221	S1C1/5/19H1L.6	train	194.70	194.90	229.29	0.8491
NC_060925.1	123375072	123375241	S1C1/5/19H1L.6/4	train	198.30	197.60	232.47	0.8530
NC_060925.1	123382722	123382893	S1C1/5/19H1L.5	train	192.30	192.80	226.82	0.8478
NC_060925.1	123388669	123388838	S1C1/5/19H1L.6/4	train	195.30	195.40	229.88	0.8496
NC_060925.1	123399379	123399550	S1C1/5/19H1L.5	train	196.40	196.30	230.94	0.8504
NC_060925.1	123402609	123402778	S1C1/5/19H1L.6/4	train	194.00	193.80	228.00	0.8509
NC_060925.1	123404309	123404477	S1C1/5/19H1L.4	train	199.70	199.10	234.24	0.8526
NC_060925.1	123404477	123404648	S1C1/5/19H1L.5	train	203.00	202.30	238.00	0.8529
NC_060925.1	123415528	123415697	S1C1/5/19H1L.6/4	train	195.60	195.20	229.65	0.8517
NC_060925.1	123422835	123423006	S1C1/5/19H1L.5	train	197.00	197.00	231.76	0.8500
NC_060925.1	123434051	123434222	S1C1/5/19H1L.5	train	197.80	197.80	232.71	0.8500
NC_060925.1	123435923	123436091	S1C1/5/19H1L.4	train	199.70	199.10	234.24	0.8526
NC_060925.1	123439662	123439831	S1C1/5/19H1L.6/4	train	191.00	191.90	225.76	0.8460
NC_060925.1	123443057	123443226	S1C1/5/19H1L.6/4	train	195.30	195.40	229.88	0.8496
NC_060925.1	123449689	123449860	S1C1/5/19H1L.5	train	191.70	192.90	226.94	0.8447
NC_060925.1	123455128	123455299	S1C1/5/19H1L.5	train	193.80	194.40	228.71	0.8474
NC_060925.1	123459039	123459208	S1C1/5/19H1L.6/4	train	195.10	195.10	229.53	0.8500
NC_060925.1	123467026	123467197	S1C1/5/19H1L.5	train	203.00	202.30	238.00	0.8529
NC_060925.1	123482493	123482662	S1C1/5/19H1L.6/4	train	183.70	185.50	218.24	0.8418
NC_060925.1	123483513	123483682	S1C1/5/19H1L.6/4	train	195.60	195.20	229.65	0.8517
NC_060925.1	123489119	123489291	S1C1/5/19H1L.5	train	167.00	172.50	202.94	0.8229
NC_060925.1	123490991	123491160	S1C1/5/19H1L.6	train	186.60	188.30	221.53	0.8423
NC_060925.1	123497958	123498129	S1C1/5/19H1L.5	train	194.30	194.80	229.18	0.8478
NC_060925.1	123498809	123498977	S1C1/5/19H1L.4	train	199.70	199.10	234.24	0.8526
NC_060925.1	123500169	123500338	S1C1/5/19H1L.6/4	train	192.20	192.80	226.82	0.8474
NC_060925.1	123500849	123501018	S1C1/5/19H1L.6	train	186.60	188.30	221.53	0.8423
NC_060925.1	123511048	123511217	S1C1/5/19H1L.6/4	train	197.20	196.40	231.06	0.8535
NC_060925.1	123514449	123514617	S1C1/5/19H1L.4	train	199.70	199.10	234.24	0.8526
NC_060925.1	123518529	123518698	S1C1/5/19H1L.6/4	train	188.50	189.30	222.71	0.8464
NC_060925.1	123526511	123526682	S1C1/5/19H1L.5	train	192.80	193.40	227.53	0.8474
NC_060925.1	123533312	123533483	S1C1/5/19H1L.5	train	197.30	197.40	232.24	0.8496
NC_060925.1	123540622	123540791	S1C1/5/19H1L.6/4	train	193.00	193.00	227.06	0.8500
NC_060925.1	123545721	123545890	S1C1/5/19H1L.6	train	190.00	191.00	224.71	0.8455
NC_060925.1	123554047	123554218	S1C1/5/19H1L.5	train	191.20	192.20	226.12	0.8456
NC_060925.1	123554218	123554387	S1C1/5/19H1L.6/4	train	195.30	195.40	229.88	0.8496
NC_060925.1	123563564	123563735	S1C1/5/19H1L.5	train	197.30	197.40	232.24	0.8496
NC_060925.1	123564415	123564583	S1C1/5/19H1L.4	train	199.70	199.10	234.24	0.8526
NC_060925.1	123564583	123564755	S1C1/5/19H1L.5	train	175.50	180.00	211.76	0.8287
NC_060925.1	123565431	123565600	S1C1/5/19H1L.6/4	train	193.90	194.20	228.47	0.8487
NC_060925.1	123565771	123565940	S1C1/5/19H1L.6/4	train	190.70	191.40	225.18	0.8469
NC_060925.1	123567470	123567639	S1C1/5/19H1L.6/4	train	190.70	191.30	225.06	0.8473
NC_060925.1	123569338	123569509	S1C1/5/19H1L.5	train	190.50	191.60	225.41	0.8451
NC_060925.1	123577497	123577668	S1C1/5/19H1L.5	train	197.00	197.00	231.76	0.8500
NC_060925.1	123582936	123583107	S1C1/5/19H1L.5	train	190.70	191.00	224.71	0.8487
NC_060925.1	123589054	123589225	S1C1/5/19H1L.5	train	190.70	191.00	224.71	0.8487
NC_060925.1	123595342	123595511	S1C1/5/19H1L.6	train	190.00	191.00	224.71	0.8455
NC_060925.1	123606044	123606215	S1C1/5/19H1L.5	train	196.40	196.30	230.94	0.8504
NC_060925.1	123606555	123606724	S1C1/5/19H1L.6/4	train	190.90	191.40	225.18	0.8478
NC_060925.1	123610799	123610970	S1C1/5/19H1L.5	train	196.40	196.30	230.94	0.8504
NC_060925.1	123613178	123613349	S1C1/5/19H1L.5	train	199.30	199.40	234.59	0.8496
NC_060925.1	123614197	123614369	S1C1/5/19H1L.5	train	175.50	180.00	211.76	0.8287
NC_060925.1	123615729	123615898	S1C1/5/19H1L.6/4	train	193.60	193.70	227.88	0.8496
NC_060925.1	123619808	123619977	S1C1/5/19H1L.6/4	train	195.30	195.40	229.88	0.8496
NC_060925.1	123622188	123622357	S1C1/5/19H1L.6/4	train	190.70	191.40	225.18	0.8469
NC_060925.1	123630855	123631026	S1C1/5/19H1L.5	train	195.50	195.60	230.12	0.8496
NC_060925.1	123632725	123632894	S1C1/5/19H1L.6/4	train	198.30	197.60	232.47	0.8530
NC_060925.1	123637140	123637309	S1C1/5/19H1L.6/4	train	195.30	195.40	229.88	0.8496
NC_060925.1	123637309	123637480	S1C1/5/19H1L.5	train	196.40	196.30	230.94	0.8504
NC_060925.1	123642579	123642748	S1C1/5/19H1L.6/4	train	195.30	195.40	229.88	0.8496
NC_060925.1	123647338	123647507	S1C1/5/19H1L.6/4	train	195.40	195.30	229.76	0.8504
NC_060925.1	123649038	123649207	S1C1/5/19H1L.6/4	train	190.70	191.40	225.18	0.8469
NC_060925.1	123649718	123649887	S1C1/5/19H1L.6/4	train	190.70	191.40	225.18	0.8469
NC_060925.1	123651757	123651926	S1C1/5/19H1L.6/4	train	195.30	195.40	229.88	0.8496
NC_060925.1	123651926	123652097	S1C1/5/19H1L.5	train	196.40	196.30	230.94	0.8504
NC_060925.1	123653117	123653285	S1C1/5/19H1L.4	train	199.70	199.10	234.24	0.8526
NC_060925.1	123654137	123654306	S1C1/5/19H1L.6/4	train	193.60	193.70	227.88	0.8496
NC_060925.1	123654477	123654646	S1C1/5/19H1L.6	train	190.00	191.00	224.71	0.8455
NC_060925.1	123656345	123656516	S1C1/5/19H1L.5	train	197.30	197.40	232.24	0.8496
NC_060925.1	123662976	123663144	S1C1/5/19H1L.4	train	192.90	194.00	228.24	0.8452
NC_060925.1	123663995	123664164	S1C1/5/19H1L.6/4	train	195.60	194.80	229.18	0.8535
NC_060925.1	123669775	123669944	S1C1/5/19H1L.6/4	train	184.50	186.40	219.29	0.8413
NC_060925.1	123671815	123671984	S1C1/5/19H1L.6/4	train	187.70	189.20	222.59	0.8433
NC_060925.1	123680149	123680320	S1C1/5/19H1L.5	train	199.40	199.20	234.35	0.8509
NC_060925.1	123681509	123681680	S1C1/5/19H1L.5	train	197.30	197.40	232.24	0.8496
NC_060925.1	123688648	123688819	S1C1/5/19H1L.5	train	188.20	188.90	222.24	0.8469
NC_060925.1	123692219	123692388	S1C1/5/19H1L.6/4	train	195.50	194.80	229.18	0.8531
NC_060925.1	123696128	123696299	S1C1/5/19H1L.5	train	196.40	196.30	230.94	0.8504
NC_060925.1	123696639	123696808	S1C1/5/19H1L.6	train	190.00	191.00	224.71	0.8455
NC_060925.1	123708707	123708878	S1C1/5/19H1L.5	train	194.10	195.10	229.53	0.8456
NC_060925.1	123710918	123711087	S1C1/5/19H1L.6	train	186.90	188.50	221.76	0.8428
NC_060925.1	123715166	123715338	S1C1/5/19H1L.5	train	186.90	189.40	222.82	0.8388
NC_060925.1	123716018	123716186	S1C1/5/19H1L.4	train	196.60	196.80	231.53	0.8491
NC_060925.1	123717885	123718057	S1C1/5/19H1L.5	train	178.70	182.30	214.47	0.8332
NC_060925.1	123719925	123720097	S1C1/5/19H1L.5	train	178.70	182.30	214.47	0.8332
NC_060925.1	123720266	123720437	S1C1/5/19H1L.5	train	190.50	191.00	224.71	0.8478
NC_060925.1	123722817	123722986	S1C1/5/19H1L.6/4	train	195.50	194.80	229.18	0.8531
NC_060925.1	123744401	123744573	S1C1/5/19H1L.5	train	175.50	180.00	211.76	0.8287
NC_060925.1	123744742	123744913	S1C1/5/19H1L.5	train	199.40	199.20	234.35	0.8509
NC_060925.1	123746273	123746442	S1C1/5/19H1L.6	train	190.00	191.00	224.71	0.8455
NC_060925.1	123748822	123748993	S1C1/5/19H1L.5	train	192.20	193.10	227.18	0.8460
NC_060925.1	123750182	123750353	S1C1/5/19H1L.5	train	195.70	196.40	231.06	0.8470
NC_060925.1	123758853	123759022	S1C1/5/19H1L.6/4	train	192.20	192.10	226.00	0.8504
NC_060925.1	123759193	123759362	S1C1/5/19H1L.6	train	186.90	188.50	221.76	0.8428
NC_060925.1	123763953	123764122	S1C1/5/19H1L.6/4	train	193.30	192.80	226.82	0.8522
NC_060925.1	123766161	123766332	S1C1/5/19H1L.5	train	192.10	192.60	226.59	0.8478
NC_060925.1	123775851	123776019	S1C1/5/19H1L.4	train	191.40	192.50	226.47	0.8451
NC_060925.1	123777546	123777715	S1C1/5/19H1L.6/4	train	184.30	185.20	217.88	0.8459
NC_060925.1	123778566	123778735	S1C1/5/19H1L.6	train	187.70	188.90	222.24	0.8446
NC_060925.1	123784685	123784853	S1C1/5/19H1L.4	train	194.60	194.80	229.18	0.8491
NC_060925.1	123791310	123791481	S1C1/5/19H1L.5	train	197.30	197.40	232.24	0.8496
NC_060925.1	123792501	123792670	S1C1/5/19H1L.6/4	train	192.10	192.60	226.59	0.8478
NC_060925.1	123793181	123793349	S1C1/5/19H1L.6/4	train	181.70	184.20	216.71	0.8385
NC_060925.1	123793520	123793689	S1C1/5/19H1L.6	train	191.70	192.30	226.24	0.8473
NC_060925.1	123795899	123796067	S1C1/5/19H1L.4	train	192.30	192.80	226.82	0.8478
NC_060925.1	123796579	123796748	S1C1/5/19H1L.6	train	183.10	185.50	218.24	0.8390
NC_060925.1	123800995	123801164	S1C1/5/19H1L.2	train	198.60	197.70	232.59	0.8539
NC_060925.1	123803715	123803884	S1C1/5/19H1L.2	train	198.60	197.70	232.59	0.8539
NC_060925.1	123816126	123816297	S1C1/5/19H1L.5	train	191.30	192.20	226.12	0.8460
NC_060925.1	123823437	123823606	S1C1/5/19H1L.6/4	train	190.70	191.40	225.18	0.8469
NC_060925.1	123824797	123824966	S1C1/5/19H1L.6	train	190.00	191.00	224.71	0.8455
NC_060925.1	123828876	123829045	S1C1/5/19H1L.6/4	train	190.70	191.40	225.18	0.8469
NC_060925.1	123829045	123829216	S1C1/5/19H1L.5	train	187.10	188.60	221.88	0.8432
NC_060925.1	123844838	123845007	S1C1/5/19H1L.6/4	train	197.20	196.40	231.06	0.8535
NC_060925.1	123855887	123856058	S1C1/5/19H1L.5	train	194.30	194.80	229.18	0.8478
NC_060925.1	123856738	123856907	S1C1/5/19H1L.6/4	train	191.70	191.80	225.65	0.8496
NC_060925.1	123864046	123864217	S1C1/5/19H1L.5	train	187.50	189.40	222.82	0.8415
NC_060925.1	123869313	123869481	S1C1/5/19H1L.4	train	196.50	196.60	231.29	0.8496
NC_060925.1	123873391	123873560	S1C1/5/19H1L.6/4	train	187.60	187.80	220.94	0.8491
NC_060925.1	123876790	123876959	S1C1/5/19H1L.6	train	184.70	186.60	219.53	0.8413
NC_060925.1	123879505	123879674	S1C1/5/19H1L.6/4	train	188.10	189.30	222.71	0.8446
NC_060925.1	123891399	123891568	S1C1/5/19H1L.6/4	train	188.10	189.30	222.71	0.8446
NC_060925.1	123893950	123894121	S1C1/5/19H1L.5	train	192.80	193.10	227.18	0.8487
NC_060925.1	123903127	123903298	S1C1/5/19H1L.5	train	192.80	193.50	227.65	0.8469
NC_060925.1	123903298	123903467	S1C1/5/19H1L.6/4	train	198.30	197.60	232.47	0.8530
NC_060925.1	123905338	123905507	S1C1/5/19H1L.6/4	train	191.90	192.60	226.59	0.8469
NC_060925.1	123910097	123910266	S1C1/5/19H1L.6	train	186.80	188.60	221.88	0.8419
NC_060925.1	123916555	123916724	S1C1/5/19H1L.6/4	train	194.30	194.20	228.47	0.8504
NC_060925.1	123917915	123918084	S1C1/5/19H1L.6/4	train	191.70	192.10	226.00	0.8482
NC_060925.1	123919275	123919443	S1C1/5/19H1L.4	train	194.30	194.80	229.18	0.8478
NC_060925.1	123927601	123927772	S1C1/5/19H1L.5	train	193.90	194.10	228.35	0.8491
NC_060925.1	123929471	123929640	S1C1/5/19H1L.6/4	train	191.70	192.10	226.00	0.8482
NC_060925.1	123930151	123930320	S1C1/5/19H1L.6	train	190.00	191.00	224.71	0.8455
NC_060925.1	123931510	123931679	S1C1/5/19H1L.6/4	train	186.80	188.30	221.53	0.8432
NC_060925.1	123932190	123932359	S1C1/5/19H1L.6/4	train	198.30	197.60	232.47	0.8530
NC_060925.1	123938137	123938308	S1C1/5/19H1L.5	train	192.80	193.50	227.65	0.8469
NC_060925.1	123938987	123939156	S1C1/5/19H1L.6/4	train	194.30	194.20	228.47	0.8504
NC_060925.1	123941706	123941875	S1C1/5/19H1L.6/4	train	183.90	186.10	218.94	0.8400
NC_060925.1	123943406	123943575	S1C1/5/19H1L.6/4	train	197.20	196.40	231.06	0.8535
NC_060925.1	123943746	123943915	S1C1/5/19H1L.6/4	train	195.10	195.10	229.53	0.8500
NC_060925.1	123948334	123948505	S1C1/5/19H1L.5	train	196.40	196.30	230.94	0.8504
NC_060925.1	123964141	123964310	S1C1/5/19H1L.6/4	train	189.70	190.60	224.24	0.8460
NC_060925.1	123968728	123968899	S1C1/5/19H1L.5	train	196.40	196.30	230.94	0.8504
NC_060925.1	123970087	123970258	S1C1/5/19H1L.5	train	192.80	193.50	227.65	0.8469
NC_060925.1	123971618	123971787	S1C1/5/19H1L.6/4	train	198.30	197.60	232.47	0.8530
NC_060925.1	123984194	123984363	S1C1/5/19H1L.6/4	train	190.10	190.00	223.53	0.8504
NC_060925.1	123985214	123985383	S1C1/5/19H1L.6/4	train	192.80	192.30	226.24	0.8522
NC_060925.1	123986235	123986404	S1C1/5/19H1L.6/4	train	188.40	189.50	222.94	0.8451
NC_060925.1	123988274	123988442	S1C1/5/19H1L.4	train	194.50	194.80	229.18	0.8487
NC_060925.1	123990141	123990313	S1C1/5/19H1L.5	train	175.00	179.50	211.18	0.8287
NC_060925.1	123994217	123994388	S1C1/5/19H1L.5	train	196.40	196.30	230.94	0.8504
NC_060925.1	123995408	123995576	S1C1/5/19H1L.4	train	192.00	192.40	226.35	0.8482
NC_060925.1	124000504	124000673	S1C1/5/19H1L.6/4	train	191.70	192.60	226.59	0.8460
NC_060925.1	124002710	124002881	S1C1/5/19H1L.5	train	196.40	196.30	230.94	0.8504
NC_060925.1	124011041	124011209	S1C1/5/19H1L.4	train	196.60	196.80	231.53	0.8491
NC_060925.1	124013080	124013249	S1C1/5/19H1L.6/4	train	196.10	195.60	230.12	0.8522
NC_060925.1	124022938	124023107	S1C1/5/19H1L.6/4	train	199.50	198.20	233.18	0.8556
NC_060925.1	124023447	124023618	S1C1/5/19H1L.5	train	188.30	189.30	222.71	0.8455
NC_060925.1	124026167	124026338	S1C1/5/19H1L.5	train	196.40	196.30	230.94	0.8504
NC_060925.1	124030417	124030585	S1C1/5/19H1L.4	train	194.40	194.80	229.18	0.8483
NC_060925.1	124050128	124050296	S1C1/5/19H1L.4	train	196.60	196.80	231.53	0.8491
NC_060925.1	124057607	124057776	S1C1/5/19H1L.6/4	train	197.20	196.40	231.06	0.8535
NC_060925.1	124057946	124058115	S1C1/5/19H1L.6	train	186.60	188.30	221.53	0.8423
NC_060925.1	124058286	124058455	S1C1/5/19H1L.2	train	195.80	195.40	229.88	0.8517
NC_060925.1	124058794	124058966	S1C1/5/19H1L.5	train	178.70	182.30	214.47	0.8332
NC_060925.1	124062193	124062363	S1C1/5/19H1L.5	train	191.90	192.10	226.00	0.8491
NC_060925.1	124065930	124066101	S1C1/5/19H1L.5	train	196.40	196.30	230.94	0.8504
NC_060925.1	124067121	124067290	S1C1/5/19H1L.6	train	187.20	188.40	221.65	0.8446
NC_060925.1	124073241	124073410	S1C1/5/19H1L.6/4	train	192.70	192.90	226.94	0.8491
NC_060925.1	124085987	124086158	S1C1/5/19H1L.5	train	193.90	194.10	228.35	0.8491
NC_060925.1	124089217	124089386	S1C1/5/19H1L.6	train	190.00	191.00	224.71	0.8455
NC_060925.1	124092277	124092445	S1C1/5/19H1L.4	train	199.70	199.10	234.24	0.8526
NC_060925.1	124095507	124095679	S1C1/5/19H1L.5	train	178.70	182.30	214.47	0.8332
NC_060925.1	124096528	124096699	S1C1/5/19H1L.5	train	197.80	197.80	232.71	0.8500
NC_060925.1	124100950	124101121	S1C1/5/19H1L.5	train	197.00	197.00	231.76	0.8500
NC_060925.1	124105884	124106052	S1C1/5/19H1L.4	train	199.70	199.10	234.24	0.8526
NC_060925.1	124115067	124115236	S1C1/5/19H1L.6/4	train	198.30	197.60	232.47	0.8530
NC_060925.1	124121017	124121189	S1C1/5/19H1L.5	train	181.90	184.80	217.41	0.8367
NC_060925.1	124122038	124122209	S1C1/5/19H1L.5	train	191.00	192.40	226.35	0.8438
NC_060925.1	124126287	124126456	S1C1/5/19H1L.6/4	train	192.40	192.90	226.94	0.8478
NC_060925.1	124129000	124129168	S1C1/5/19H1L.4	train	193.90	194.10	228.35	0.8491
NC_060925.1	125861320	125861489	S1C1/5/19H1L.2	train	193.40	193.20	227.29	0.8509
NC_060925.1	125867097	125867266	S1C1/5/19H1L.6/4	train	188.20	188.90	222.24	0.8469
NC_060925.1	125873217	125873386	S1C1/5/19H1L.6/4	train	190.20	191.40	225.18	0.8447
NC_060925.1	125876274	125876443	S1C1/5/19H1L.6/4	train	188.90	190.00	223.53	0.8451
NC_060925.1	125880695	125880863	S1C1/5/19H1L.4	train	194.60	194.40	228.71	0.8509
NC_060925.1	125881543	125881714	S1C1/5/19H1L.5	train	188.80	190.30	223.88	0.8433
NC_060925.1	125882394	125882562	S1C1/5/19H1L.4	train	196.60	196.40	231.06	0.8509
NC_060925.1	125908044	125908216	S1C1/5/19H1L.5	train	188.10	189.90	223.41	0.8419
NC_060925.1	125913141	125913312	S1C1/5/19H1L.5	train	192.20	193.20	227.29	0.8456
NC_060925.1	125919599	125919770	S1C1/5/19H1L.5	train	193.60	193.50	227.65	0.8504
NC_060925.1	125921809	125921978	S1C1/5/19H1L.6/4	train	193.60	193.70	227.88	0.8496
NC_060925.1	125922149	125922318	S1C1/5/19H1L.6/4	train	192.90	193.00	227.06	0.8496
NC_060925.1	125923509	125923677	S1C1/5/19H1L.4	train	197.40	197.10	231.88	0.8513
NC_060925.1	125933868	125934039	S1C1/5/19H1L.5	train	197.30	197.40	232.24	0.8496
NC_060925.1	125935394	125935563	S1C1/5/19H1L.6/4	train	197.40	197.40	232.24	0.8500
NC_060925.1	125939128	125939297	S1C1/5/19H1L.6/4	train	193.30	193.20	227.29	0.8504
NC_060925.1	125941159	125941328	S1C1/5/19H1L.6/4	train	194.30	194.20	228.47	0.8504
NC_060925.1	125941499	125941668	S1C1/5/19H1L.6	train	184.60	186.90	219.88	0.8395
NC_060925.1	125945065	125945236	S1C1/5/19H1L.5	train	194.20	195.10	229.53	0.8461
NC_060925.1	125951692	125951860	S1C1/5/19H1L.4	train	196.10	196.30	230.94	0.8491
NC_060925.1	125957129	125957298	S1C1/5/19H1L.6/4	train	191.20	192.30	226.24	0.8451
NC_060925.1	125958318	125958489	S1C1/5/19H1L.5	train	186.70	188.30	221.53	0.8428
NC_060925.1	125960529	125960697	S1C1/5/19H1L.4	train	199.70	199.10	234.24	0.8526
NC_060925.1	125964095	125964266	S1C1/5/19H1L.5	train	188.70	190.40	224.00	0.8424
NC_060925.1	125965965	125966134	S1C1/5/19H1L.6	train	190.00	191.00	224.71	0.8455
NC_060925.1	125984480	125984651	S1C1/5/19H1L.5	train	189.10	190.20	223.76	0.8451
NC_060925.1	125985331	125985500	S1C1/5/19H1L.6/4	train	188.90	189.10	222.47	0.8491
NC_060925.1	125990086	125990255	S1C1/5/19H1L.6/4	train	196.10	195.70	230.24	0.8517
NC_060925.1	126016442	126016611	S1C1/5/19H1L.6/4	train	201.10	200.10	235.41	0.8542
NC_060925.1	126024257	126024426	S1C1/5/19H1L.6/4	train	191.90	192.10	226.00	0.8491
NC_060925.1	126027317	126027485	S1C1/5/19H1L.4	train	196.60	196.50	231.18	0.8504
NC_060925.1	126029355	126029525	S1C1/5/19H1L.6/4	train	189.40	189.40	222.82	0.8500
NC_060925.1	126033434	126033603	S1C1/5/19H1L.6	train	194.70	195.10	229.53	0.8483
NC_060925.1	126036440	126036609	S1C1/5/19H1L.6/4	train	185.50	186.90	219.88	0.8436
NC_060925.1	126039842	126040012	S1C1/5/19H1L.6/4	train	189.40	189.40	222.82	0.8500
NC_060925.1	126044940	126045109	S1C1/5/19H1L.6/4	train	190.70	191.40	225.18	0.8469
NC_060925.1	126046927	126047096	S1C1/5/19H1L.6/4	train	188.10	189.20	222.59	0.8451
NC_060925.1	126047437	126047608	S1C1/5/19H1L.5	train	191.40	192.50	226.47	0.8451
NC_060925.1	126064893	126065062	S1C1/5/19H1L.6/4	train	191.50	191.70	225.53	0.8491
NC_060925.1	126068628	126068796	S1C1/5/19H1L.4	train	199.70	199.10	234.24	0.8526
NC_060925.1	126069648	126069817	S1C1/5/19H1L.6/4	train	196.50	195.50	230.00	0.8543
NC_060925.1	126078097	126078266	S1C1/5/19H1L.6/4	train	198.30	197.60	232.47	0.8530
NC_060925.1	126093167	126093338	S1C1/5/19H1L.5	train	187.30	189.20	222.59	0.8415
NC_060925.1	126094358	126094527	S1C1/5/19H1L.2	train	191.10	190.80	224.47	0.8513
NC_060925.1	126095545	126095716	S1C1/5/19H1L.5	train	197.30	197.40	232.24	0.8496
NC_060925.1	126095716	126095885	S1C1/5/19H1L.6	train	183.60	185.70	218.47	0.8404
NC_060925.1	126099457	126099625	S1C1/5/19H1L.4	train	198.30	197.50	232.35	0.8534
NC_060925.1	126105815	126105982	S1C1/5/19H1L.6/4	train	194.10	193.00	227.06	0.8548
NC_060925.1	126106153	126106322	S1C1/5/19H1L.6	train	194.70	195.10	229.53	0.8483
NC_060925.1	126107853	126108022	S1C1/5/19H1L.6/4	train	196.70	196.00	230.59	0.8530
NC_060925.1	126113623	126113792	S1C1/5/19H1L.6/4	train	197.80	197.50	232.35	0.8513
NC_060925.1	126114301	126114470	S1C1/5/19H1L.6/4	train	189.40	189.60	223.06	0.8491
NC_060925.1	126119737	126119906	S1C1/5/19H1L.6/4	train	193.60	193.70	227.88	0.8496
NC_060925.1	126122797	126122967	S1C1/5/19H1L.6/4	train	189.40	189.40	222.82	0.8500
NC_060925.1	126129256	126129424	S1C1/5/19H1L.4	train	197.40	197.10	231.88	0.8513
NC_060925.1	126134643	126134812	S1C1/5/19H1L.6/4	train	196.10	195.70	230.24	0.8517
NC_060925.1	126138210	126138381	S1C1/5/19H1L.5	train	197.80	197.80	232.71	0.8500
NC_060925.1	126140708	126140877	S1C1/5/19H1L.6	train	187.10	188.60	221.88	0.8432
NC_060925.1	126141897	126142068	S1C1/5/19H1L.5	train	191.40	192.50	226.47	0.8451
NC_060925.1	126142748	126142916	S1C1/5/19H1L.4	train	197.40	197.10	231.88	0.8513
NC_060925.1	126146995	126147166	S1C1/5/19H1L.5	train	192.60	192.90	226.94	0.8487
NC_060925.1	126152041	126152212	S1C1/5/19H1L.5	train	196.70	196.60	231.29	0.8504
NC_060925.1	126159862	126160033	S1C1/5/19H1L.5	train	185.10	188.50	221.76	0.8347
NC_060925.1	126165634	126165805	S1C1/5/19H1L.5	train	191.80	192.60	226.59	0.8465
NC_060925.1	126172431	126172602	S1C1/5/19H1L.5	train	193.00	193.70	227.88	0.8469
NC_060925.1	126179010	126179178	S1C1/5/19H1L.4	train	193.90	194.10	228.35	0.8491
NC_060925.1	126180710	126180878	S1C1/5/19H1L.4	train	199.70	199.10	234.24	0.8526
NC_060925.1	126181899	126182070	S1C1/5/19H1L.5	train	197.30	197.40	232.24	0.8496
NC_060925.1	126188526	126188695	S1C1/5/19H1L.6	train	190.10	190.80	224.47	0.8469
NC_060925.1	126198892	126199063	S1C1/5/19H1L.5	train	191.80	192.80	226.82	0.8456
NC_060925.1	126200252	126200423	S1C1/5/19H1L.5	train	194.50	195.10	229.53	0.8474
NC_060925.1	126201103	126201271	S1C1/5/19H1L.4	train	185.00	187.20	220.24	0.8400
NC_060925.1	126203143	126203312	S1C1/5/19H1L.6/4	train	195.40	195.30	229.76	0.8504
NC_060925.1	126204163	126204331	S1C1/5/19H1L.2	train	180.00	181.10	213.06	0.8448
NC_060925.1	126205524	126205693	S1C1/5/19H1L.6/4	train	198.00	197.60	232.47	0.8517
NC_060925.1	126206883	126207052	S1C1/5/19H1L.6/4	train	188.00	188.70	222.00	0.8468
NC_060925.1	126213002	126213170	S1C1/5/19H1L.6/4	train	196.80	196.10	230.71	0.8530
NC_060925.1	126216229	126216400	S1C1/5/19H1L.5	train	188.60	189.70	223.18	0.8451
NC_060925.1	126222340	126222511	S1C1/5/19H1L.5	train	191.80	192.50	226.47	0.8469
NC_060925.1	126223016	126223187	S1C1/5/19H1L.5	train	197.30	197.40	232.24	0.8496
NC_060925.1	126231000	126231168	S1C1/5/19H1L.4	train	196.60	196.50	231.18	0.8504
NC_060925.1	126233378	126233547	S1C1/5/19H1L.6/4	train	193.00	193.30	227.41	0.8487
NC_060925.1	126235418	126235586	S1C1/5/19H1L.4	train	197.10	196.70	231.41	0.8517
NC_060925.1	126236777	126236945	S1C1/5/19H1L.4	train	189.40	191.30	225.06	0.8416
NC_060925.1	126240515	126240684	S1C1/5/19H1L.6	train	185.70	187.90	221.06	0.8400
NC_060925.1	126241024	126241195	S1C1/5/19H1L.3	train	197.80	197.20	232.00	0.8526
NC_060925.1	126241534	126241703	S1C1/5/19H1L.6/4	train	192.80	193.00	227.06	0.8491
NC_060925.1	126243233	126243402	S1C1/5/19H1L.6/4	train	182.80	184.40	216.94	0.8426
NC_060925.1	126244253	126244422	S1C1/5/19H1L.6/4	train	196.00	195.00	229.41	0.8544
NC_060925.1	126246291	126246460	S1C1/5/19H1L.6	train	177.60	181.10	213.06	0.8336
NC_060925.1	126258868	126259036	S1C1/5/19H1L.4	train	197.60	197.00	231.76	0.8526
NC_060925.1	126259887	126260056	S1C1/5/19H1L.6/4	train	184.90	186.50	219.41	0.8427
NC_060925.1	126279931	126280100	S1C1/5/19H1L.6/4	train	198.30	197.60	232.47	0.8530
NC_060925.1	126283326	126283495	S1C1/5/19H1L.6/2	train	188.40	189.40	222.82	0.8455
NC_060925.1	126286386	126286555	S1C1/5/19H1L.6/4	train	195.70	195.50	230.00	0.8509
NC_060925.1	126292673	126292844	S1C1/5/19H1L.1	train	193.90	194.20	228.47	0.8487
NC_060925.1	126294030	126294201	S1C1/5/19H1L.5	train	189.40	190.10	223.65	0.8469
NC_060925.1	126299298	126299467	S1C1/5/19H1L.6/4	train	185.00	186.90	219.88	0.8414
NC_060925.1	126765168	126765338	S5C1H5d.1	train	159.10	159.10	187.18	0.8500
NC_060925.1	126786879	126787051	S5C1H6d.1	train	166.00	168.40	198.12	0.8379
NC_060925.1	126802930	126803100	S5C1H5d.2	train	180.60	180.90	212.82	0.8486
NC_060925.1	126804466	126804637	S5C1H5d.1	train	174.70	173.60	204.24	0.8554
NC_060925.1	126812338	126812508	S5C1H5d.2	train	180.80	181.70	213.76	0.8458
NC_060925.1	126814901	126815071	S5C1H5d.1	train	157.10	158.40	186.35	0.8430
NC_060927.1	90892311	90892482	S01C3H2.3	train	196.50	197.20	232.00	0.8470
NC_060927.1	90897578	90897747	S01C3H2.4	train	172.90	177.60	208.94	0.8275
NC_060927.1	90908279	90908448	S01C3H2.7	train	197.10	197.00	231.76	0.8504
NC_060927.1	90915412	90915581	S01C3H2.9	train	195.10	196.40	231.06	0.8444
NC_060927.1	90921018	90921187	S01C3H2.2	train	193.20	193.10	227.18	0.8504
NC_060927.1	90925434	90925605	S01C3H2.8	train	206.20	204.60	240.71	0.8566
NC_060927.1	90925774	90925943	S01C3H2.10	train	173.50	177.70	209.06	0.8299
NC_060927.1	90929679	90929850	S01C3H2.3	train	197.80	197.90	232.82	0.8496
NC_060927.1	90931548	90931717	S01C3H2.4	train	185.50	188.70	222.00	0.8356
NC_060927.1	90934604	90934773	S01C3H2.2	train	188.50	189.40	222.82	0.8460
NC_060927.1	90935793	90935962	S01C3H2.9	train	194.80	195.40	229.88	0.8474
NC_060927.1	90939358	90939527	S01C3H2.10	train	179.60	182.90	215.18	0.8347
NC_060927.1	90948533	90948702	S01C3H2.4	train	185.50	188.70	222.00	0.8356
NC_060927.1	90953630	90953799	S01C3H2.4	train	183.60	186.70	219.65	0.8359
NC_060927.1	90960255	90960426	S01C3H2.3	train	197.80	197.90	232.82	0.8496
NC_060927.1	90961276	90961445	S01C3H2.9	train	197.90	197.90	232.82	0.8500
NC_060927.1	90963823	90963992	S01C3H2.4	train	181.90	186.20	219.06	0.8304
NC_060927.1	90971128	90971297	S01C3H2.7	train	195.30	195.90	230.47	0.8474
NC_060927.1	90971468	90971637	S01C3H2.9	train	193.50	194.00	228.24	0.8478
NC_060927.1	90974016	90974185	S01C3H2.9	train	186.00	188.70	222.00	0.8378
NC_060927.1	90978263	90978432	S01C3H2.4	train	183.60	186.70	219.65	0.8359
NC_060927.1	90982170	90982339	S01C3H2.7	train	195.30	195.90	230.47	0.8474
NC_060927.1	90986074	90986243	S01C3H2.10	train	174.70	178.50	210.00	0.8319
NC_060927.1	90987941	90988112	S01C3H2.1	train	190.60	191.50	225.29	0.8460
NC_060927.1	90992018	90992188	S01C3H2.5	train	175.00	177.70	209.06	0.8371
NC_060927.1	90994905	90995074	S01C3H2.2	train	187.70	189.00	222.35	0.8442
NC_060927.1	90996094	90996263	S01C3H2.9	train	194.80	195.40	229.88	0.8474
NC_060927.1	90998641	90998810	S01C3H2.4	train	183.60	186.70	219.65	0.8359
NC_060927.1	91003567	91003738	S01C3H2.3	train	197.80	197.90	232.82	0.8496
NC_060927.1	91008495	91008664	S01C3H2.2	train	187.70	189.00	222.35	0.8442
NC_060927.1	91012232	91012401	S01C3H2.4	train	179.70	184.00	216.47	0.8301
NC_060927.1	91017158	91017329	S01C3H2.3	train	194.10	195.10	229.53	0.8456
NC_060927.1	91018517	91018688	S01C3H2.1	train	192.60	193.50	227.65	0.8460
NC_060927.1	91019196	91019366	S01C3H2.5	train	187.10	188.60	221.88	0.8432
NC_060927.1	91020386	91020555	S01C3H2.2	train	187.70	189.00	222.35	0.8442
NC_060927.1	91025143	91025312	S01C3H2.10	train	181.80	185.10	217.76	0.8348
NC_060927.1	91027351	91027522	S01C3H2.3	train	197.80	197.90	232.82	0.8496
NC_060927.1	91036017	91036186	S01C3H2.4	train	183.60	186.70	219.65	0.8359
NC_060927.1	91042300	91042471	S01C3H2.1	train	190.60	191.50	225.29	0.8460
NC_060927.1	91043829	91043998	S01C3H2.10	train	179.60	182.90	215.18	0.8347
NC_060927.1	91044338	91044509	S01C3H2.3	train	197.80	197.90	232.82	0.8496
NC_060927.1	91055211	91055380	S01C3H2.7	train	197.20	197.20	232.00	0.8500
NC_060927.1	91057078	91057249	S01C3H2.8	train	203.80	202.40	238.12	0.8559
NC_060927.1	91058947	91059116	S01C3H2.9	train	195.80	196.90	231.65	0.8453
NC_060927.1	91060474	91060645	S01C3H2.8	train	203.30	202.10	237.76	0.8550
NC_060927.1	91066590	91066759	S01C3H2.4	train	185.50	188.70	222.00	0.8356
NC_060927.1	91068458	91068628	S01C3H2.5	train	182.60	184.90	217.53	0.8394
NC_060927.1	91084087	91084256	S01C3H2.2	train	183.80	185.10	217.76	0.8440
NC_060927.1	91088675	91088844	S01C3H2.9	train	190.50	191.40	225.18	0.8460
NC_060927.1	91091393	91091562	S01C3H2.10	train	184.20	187.20	220.24	0.8364
NC_060927.1	91094960	91095131	S01C3H2.1	train	190.60	191.50	225.29	0.8460
NC_060927.1	91095300	91095471	S01C3H2.3	train	197.80	197.90	232.82	0.8496
NC_060927.1	91098189	91098358	S01C3H2.10	train	181.20	184.80	217.41	0.8334
NC_060927.1	91098869	91099038	S01C3H2.4	train	180.50	184.40	216.94	0.8320
NC_060927.1	91100567	91100737	S01C3H2.4	train	178.40	183.00	215.29	0.8286
NC_060927.1	91103795	91103966	S01C3H2.3	train	194.50	195.60	230.12	0.8452
NC_060927.1	91106514	91106683	S01C3H2.9	train	193.70	194.00	228.24	0.8487
NC_060927.1	91108890	91109061	S01C3H2.3	train	194.60	195.50	230.00	0.8461
NC_060927.1	91109911	91110080	S01C3H2.9	train	199.10	199.30	234.47	0.8491
NC_060927.1	91110249	91110420	S01C3H2.1	train	191.20	192.00	225.88	0.8465
NC_060927.1	91113139	91113310	S01C3H2.8	train	201.80	200.40	235.76	0.8559
NC_060927.1	91113988	91114159	S01C3H2.3	train	195.50	195.80	230.35	0.8487
NC_060927.1	91114838	91115009	S01C3H2.8	train	196.10	195.90	230.47	0.8509
NC_060927.1	91119765	91119934	S01C3H2.7	train	201.80	201.10	236.59	0.8530
NC_060927.1	91122312	91122481	S01C3H2.2	train	188.30	189.20	222.59	0.8460
NC_060927.1	91127238	91127409	S01C3H2.1	train	189.50	191.10	224.82	0.8429
NC_060927.1	91128428	91128599	S01C3H2.8	train	201.30	200.40	235.76	0.8538
NC_060927.1	91128599	91128767	S01C3H2.9	train	185.30	187.60	220.71	0.8396
NC_060927.1	91129616	91129786	S01C3H2.5	train	191.10	191.80	225.65	0.8469
NC_060927.1	91132672	91132843	S01C3H2.3	train	183.20	185.00	217.65	0.8417
NC_060927.1	91135391	91135559	S01C3H2.9	train	180.50	183.10	215.41	0.8379
NC_060927.1	91137426	91137597	S01C3H2.1	train	189.50	191.10	224.82	0.8429
NC_060927.1	91139295	91139464	S01C3H2.2	train	186.40	187.90	221.06	0.8432
NC_060932.1	43849439	43849615	Ca	train	150.80	153.40	180.47	0.8356
NC_060932.1	43860187	43860354	Ca	train	159.30	158.90	186.94	0.8521
NC_060932.1	43863088	43863260	Ca	train	161.20	163.20	192.00	0.8396
NC_060932.1	43867653	43867825	Ca	train	139.90	144.50	170.00	0.8229
NC_060932.1	43869691	43869858	Ca	train	163.10	162.60	191.29	0.8526
NC_060932.1	43871918	43872089	Ca	train	149.20	151.30	178.00	0.8382
NC_060932.1	43884022	43884194	Ca	train	144.10	146.60	172.47	0.8355
NC_060932.1	43891345	43891517	Ca	train	176.00	175.40	206.35	0.8529
NC_060932.1	43907849	43908019	Ca	train	148.60	152.50	179.41	0.8283
NC_060932.1	43910588	43910755	Ca	train	157.70	157.50	185.29	0.8511
NC_060932.1	43959162	43959334	Ca	train	154.80	155.80	183.29	0.8445
NC_060932.1	44001290	44001462	Ca	train	144.00	148.90	175.18	0.8220
NC_060932.1	44042431	44042602	Ca	train	143.30	146.10	171.88	0.8337
NC_060932.1	44052013	44052183	Ca	train	152.30	153.90	181.06	0.8412
NC_060932.1	44055868	44056038	Ca	train	148.50	152.80	179.76	0.8261
NC_060932.1	44062964	44063136	Ca	train	152.40	153.90	181.06	0.8417
NC_060932.1	44064168	44064340	Ca	train	138.30	142.00	167.06	0.8279
NC_060932.1	44067321	44067492	Ca	train	121.10	127.30	149.76	0.8086
NC_060932.1	44069211	44069383	Ca	train	161.10	162.90	191.65	0.8406
NC_060932.1	44089373	44089544	Ca	train	155.50	156.30	183.88	0.8456
NC_060932.1	44108123	44108294	Ca	train	119.60	131.70	154.94	0.7719
NC_060932.1	44112905	44113078	Ca	train	140.00	142.70	167.88	0.8339
NC_060932.1	44113422	44113593	Ca	train	154.60	155.90	183.41	0.8429
NC_060932.1	44122675	44122846	Ca	train	137.10	140.00	164.71	0.8324
NC_060932.1	44168861	44169033	Ca	train	134.30	140.90	165.76	0.8102
NC_060932.1	44185818	44185988	R2	train	159.30	161.40	189.88	0.8389
NC_060932.1	44187865	44188036	R2	train	172.80	173.60	204.24	0.8461
NC_060932.1	44196602	44196773	R2	train	165.10	167.50	197.06	0.8378
NC_060932.1	44202980	44203150	S5C1H6d.1	train	156.30	160.50	188.82	0.8278
NC_060932.1	44213811	44213983	R2	train	159.20	160.50	188.82	0.8431
NC_060932.1	44244566	44244737	S2C8H1L.10	train	194.70	194.40	228.71	0.8513
NC_060932.1	44246947	44247114	S2C8H1L.2	train	189.30	189.90	223.41	0.8473
NC_060932.1	44249495	44249666	S2C8H1L.6	train	206.40	204.20	240.24	0.8592
NC_060932.1	44252719	44252890	S2C8H1L.3	train	204.30	202.10	237.76	0.8593
NC_060932.1	44252890	44253061	S2C8H1L.4	train	194.20	194.50	228.82	0.8487
NC_060932.1	44255612	44255779	S2C8H1L.9	train	194.20	193.90	228.12	0.8513
NC_060932.1	44259350	44259517	S2C8H1L.9	train	202.70	200.80	236.24	0.8580
NC_060932.1	44266655	44266825	S2C8H1L.8	train	192.00	192.00	225.88	0.8500
NC_060932.1	44266825	44266992	S2C8H1L.9	train	202.70	200.80	236.24	0.8580
NC_060932.1	44268010	44268182	S2C8H1L.5	train	192.10	192.20	226.12	0.8496
NC_060932.1	44268861	44269032	S2C8H1L.10	train	188.30	189.00	222.35	0.8469
NC_060932.1	44271405	44271576	S2C8H1L.3	train	201.80	200.00	235.29	0.8577
NC_060932.1	44273274	44273445	S2C8H1L.3	train	193.50	193.10	227.18	0.8518
NC_060932.1	44275940	44276111	S2C8H1L.7	train	187.40	189.30	222.71	0.8415
NC_060932.1	44278150	44278317	S2C8H1L.9	train	199.40	198.20	233.18	0.8551
NC_060932.1	44281371	44281542	S2C8H1L.4	train	194.60	195.60	230.12	0.8457
NC_060932.1	44284093	44284259	S2C8H1L.9	train	195.20	194.70	229.06	0.8522
NC_060932.1	44285278	44285450	S2C8H1L.5	train	192.10	192.30	226.24	0.8491
NC_060932.1	44291055	44291226	S2C8H1L.6	train	209.70	206.90	243.41	0.8615
NC_060932.1	44297174	44297341	S2C8H1L.9	train	195.80	195.40	229.88	0.8517
NC_060932.1	44301363	44301530	S2C8H1L.11	train	189.80	190.10	223.65	0.8487
NC_060932.1	44309284	44309455	S2C8H1L.1	train	195.60	195.50	230.00	0.8504
NC_060932.1	44312855	44313022	S2C8H1L.11	train	195.40	194.80	229.18	0.8526
NC_060932.1	44316255	44316422	S2C8H1L.9	train	196.50	196.00	230.59	0.8522
NC_060932.1	44316931	44317097	S2C8H1L.2	train	195.60	194.90	229.29	0.8531
NC_060932.1	44323215	44323386	S2C8H1L.6	train	209.70	206.90	243.41	0.8615
NC_060932.1	44323557	44323727	S2C8H1L.8	train	183.60	185.90	218.71	0.8395
NC_060932.1	44324065	44324232	S2C8H1L.11	train	195.40	194.80	229.18	0.8526
NC_060932.1	44324912	44325084	S2C8H1L.5	train	191.60	192.60	226.59	0.8456
NC_060932.1	44325255	44325426	S2C8H1L.7	train	187.00	189.00	222.35	0.8410
NC_060932.1	44330346	44330517	S2C8H1L.4	train	190.60	191.80	225.65	0.8447
NC_060932.1	44332727	44332898	S2C8H1L.7	train	189.80	191.40	225.18	0.8429
NC_060932.1	44333573	44333744	S2C8H1L.1	train	199.90	199.40	234.59	0.8521
NC_060932.1	44342240	44342407	S2C8H1L.11	train	201.20	199.50	234.71	0.8572
NC_060932.1	44344443	44344614	S2C8H1L.5	train	204.70	203.40	239.29	0.8554
NC_060932.1	44348014	44348185	S2C8H1L.4	train	202.80	202.40	238.12	0.8517
NC_060932.1	44349207	44349378	S2C8H1L.4/7	train	204.80	203.10	238.94	0.8571
NC_060932.1	44357873	44358044	S2C8H1L.3	train	208.30	205.90	242.24	0.8599
NC_060932.1	44358386	44358557	S2C8H1L.6	train	206.90	204.70	240.82	0.8591
NC_060932.1	44359238	44359409	S2C8H1L.4/7	train	204.80	203.10	238.94	0.8571
NC_060932.1	44360934	44361105	S2C8H1L.6	train	203.60	202.10	237.76	0.8563
NC_060932.1	44368418	44368585	S2C8H1L.9	train	199.40	198.20	233.18	0.8551
NC_060932.1	44369941	44370112	S2C8H1L.10	train	200.90	200.00	235.29	0.8538
NC_060932.1	44370450	44370617	S2C8H1L.2	train	197.90	197.70	232.59	0.8509
NC_060932.1	44371472	44371643	S2C8H1L.1	train	202.70	201.90	237.53	0.8534
NC_060932.1	44372661	44372828	S2C8H1L.11	train	203.60	201.60	237.18	0.8584
NC_060932.1	44373338	44373509	S2C8H1L.4/7	train	202.20	201.00	236.47	0.8551
NC_060932.1	44374522	44374693	S2C8H1L.3	train	205.40	203.60	239.53	0.8575
NC_060932.1	44375035	44375206	S2C8H1L.6	train	209.70	206.90	243.41	0.8615
NC_060932.1	44376390	44376561	S2C8H1L.3	train	206.10	204.00	240.00	0.8588
NC_060932.1	44377415	44377582	S2C8H1L.9	train	199.40	198.20	233.18	0.8551
NC_060932.1	44380468	44380639	S2C8H1L.5	train	204.70	203.40	239.29	0.8554
NC_060932.1	44386414	44386585	S2C8H1L.7	train	187.50	190.20	223.76	0.8379
NC_060932.1	44388450	44388621	S2C8H1L.4	train	202.80	202.40	238.12	0.8517
NC_060932.1	44389980	44390147	S2C8H1L.2	train	195.70	195.60	230.12	0.8504
NC_060932.1	44390147	44390319	S2C8H1L.3	train	194.90	195.30	229.76	0.8483
NC_060932.1	44390490	44390660	S2C8H1L.8	train	199.00	198.30	233.29	0.8530
NC_060932.1	44393209	44393376	S2C8H1L.9	train	199.40	198.20	233.18	0.8551
NC_060932.1	44401705	44401876	S2C8H1L.4	train	197.10	197.40	232.24	0.8487
NC_060932.1	44405619	44405789	S2C8H1L.8	train	199.00	198.30	233.29	0.8530
NC_060932.1	44406127	44406294	S2C8H1L.11	train	197.50	196.60	231.29	0.8539
NC_060932.1	44406294	44406465	S2C8H1L.1	train	202.70	201.90	237.53	0.8534
NC_060932.1	44408162	44408333	S2C8H1L.1	train	202.70	201.90	237.53	0.8534
NC_060932.1	44413260	44413431	S2C8H1L.1	train	202.70	201.90	237.53	0.8534
NC_060932.1	44416318	44416489	S2C8H1L.4/7	train	202.20	201.00	236.47	0.8551
NC_060932.1	44419029	44419200	S2C8H1L.4	train	202.80	202.40	238.12	0.8517
NC_060932.1	44422427	44422594	S2C8H1L.2	train	197.90	197.70	232.59	0.8509
NC_060932.1	44422765	44422936	S2C8H1L.4	train	199.40	200.00	235.29	0.8474
NC_060932.1	44425322	44425493	S2C8H1L.5	train	204.70	203.40	239.29	0.8554
NC_060932.1	44428722	44428894	S2C8H1L.3	train	194.00	194.80	229.18	0.8465
NC_060932.1	44431270	44431441	S2C8H1L.10	train	200.50	199.80	235.06	0.8530
NC_060932.1	44435520	44435687	S2C8H1L.9	train	199.40	198.20	233.18	0.8551
NC_060932.1	44440783	44440954	S2C8H1L.7	train	192.60	193.70	227.88	0.8452
NC_060932.1	44443331	44443502	S2C8H1L.4/7	train	201.80	200.80	236.24	0.8542
NC_060932.1	44444348	44444515	S2C8H1L.2	train	197.90	197.70	232.59	0.8509
NC_060932.1	44447740	44447907	S2C8H1L.9	train	202.70	200.80	236.24	0.8580
NC_060932.1	44448926	44449096	S2C8H1L.8	train	199.00	198.30	233.29	0.8530
NC_060932.1	44450282	44450452	S2C8H1L.8	train	199.00	198.30	233.29	0.8530
NC_060932.1	44450957	44451128	S2C8H1L.1	train	202.70	201.90	237.53	0.8534
NC_060932.1	44453838	44454005	S2C8H1L.2	train	197.90	197.70	232.59	0.8509
NC_060932.1	44454685	44454856	S2C8H1L.10	train	203.60	202.30	238.00	0.8555
NC_060932.1	44455361	44455533	S2C8H1L.3	train	191.20	192.60	226.59	0.8438
NC_060932.1	44459770	44459942	S2C8H1L.3	train	194.40	195.30	229.76	0.8461
NC_060932.1	44460113	44460283	S2C8H1L.8	train	199.00	198.30	233.29	0.8530
NC_060932.1	44463846	44464016	S2C8H1L.1	train	196.20	195.00	229.41	0.8552
NC_060932.1	44464863	44465034	S2C8H1L.10	train	203.60	202.30	238.00	0.8555
NC_060932.1	44465201	44465372	S2C8H1L.1	train	202.70	201.90	237.53	0.8534
NC_060932.1	44465539	44465711	S2C8H1L.3	train	197.40	197.50	232.35	0.8496
NC_060932.1	44468594	44468764	S2C8H1L.8	train	199.00	198.30	233.29	0.8530
NC_060932.1	44470963	44471135	S2C8H1L.3	train	197.40	197.50	232.35	0.8496
NC_060932.1	44471814	44471981	S2C8H1L.11	train	197.30	196.70	231.41	0.8526
NC_060932.1	44473674	44473846	S2C8H1L.3	train	190.80	192.10	226.00	0.8442
NC_060932.1	44473846	44474017	S2C8H1L.4/7	train	204.80	203.10	238.94	0.8571
NC_060932.1	44475030	44475202	S2C8H1L.3	train	197.40	197.50	232.35	0.8496
NC_060932.1	44487745	44487916	S2C8H1L.3	train	208.30	205.90	242.24	0.8599
NC_060932.1	44489446	44489613	S2C8H1L.2	train	197.90	197.70	232.59	0.8509
NC_060932.1	44489784	44489955	S2C8H1L.4	train	202.80	202.40	238.12	0.8517
NC_060932.1	44490297	44490468	S2C8H1L.7	train	194.50	195.50	230.00	0.8457
NC_060932.1	44495399	44495570	S2C8H1L.4	train	200.80	200.40	235.76	0.8517
NC_060932.1	44495912	44496083	S2C8H1L.7	train	194.50	195.50	230.00	0.8457
NC_060932.1	44497947	44498118	S2C8H1L.4	train	202.80	202.40	238.12	0.8517
NC_060932.1	44500324	44500496	S2C8H1L.3	train	197.40	197.50	232.35	0.8496
NC_060932.1	44502022	44502193	S2C8H1L.5	train	204.70	203.40	239.29	0.8554
NC_060932.1	44502193	44502364	S2C8H1L.6	train	209.70	206.90	243.41	0.8615
NC_060932.1	44502706	44502873	S2C8H1L.2	train	194.60	194.30	228.59	0.8513
NC_060932.1	44506948	44507115	S2C8H1L.11	train	196.90	196.30	230.94	0.8526
NC_060932.1	44507967	44508138	S2C8H1L.6	train	207.10	204.70	240.82	0.8600
NC_060932.1	44524781	44524952	S2C8H1L.4	train	199.40	200.00	235.29	0.8474
NC_060932.1	44526140	44526311	S2C8H1L.1	train	202.70	201.90	237.53	0.8534
NC_060932.1	44537847	44538018	S2C8H1L.4/7	train	204.80	203.10	238.94	0.8571
NC_060932.1	44538526	44538693	S2C8H1L.11	train	203.60	201.60	237.18	0.8584
NC_060932.1	44539886	44540056	S2C8H1L.8	train	199.00	198.30	233.29	0.8530
NC_060932.1	44540223	44540394	S2C8H1L.10	train	200.90	200.00	235.29	0.8538
NC_060932.1	44542597	44542767	S2C8H1L.8	train	199.00	198.30	233.29	0.8530
NC_060932.1	44550570	44550741	S2C8H1L.6	train	209.70	206.90	243.41	0.8615
NC_060932.1	44552268	44552439	S2C8H1L.1	train	197.80	197.70	232.59	0.8504
NC_060932.1	44552777	44552948	S2C8H1L.4	train	202.80	202.40	238.12	0.8517
NC_060932.1	44552948	44553119	S2C8H1L.5	train	199.40	198.90	234.00	0.8521
NC_060932.1	44553799	44553971	S2C8H1L.3	train	197.40	197.50	232.35	0.8496
NC_060932.1	44556344	44556511	S2C8H1L.2	train	197.90	197.70	232.59	0.8509
NC_060932.1	44558384	44558555	S2C8H1L.10	train	203.60	202.30	238.00	0.8555
NC_060932.1	44559231	44559402	S2C8H1L.4	train	200.80	200.40	235.76	0.8517
NC_060932.1	44559402	44559573	S2C8H1L.5	train	202.00	201.10	236.59	0.8538
NC_060932.1	44562465	44562636	S2C8H1L.1	train	199.20	199.20	234.35	0.8500
NC_060932.1	44562803	44562975	S2C8H1L.3	train	195.00	195.30	229.76	0.8487
NC_060932.1	44567220	44567392	S2C8H1L.3	train	197.40	197.50	232.35	0.8496
NC_060932.1	44571467	44571638	S2C8H1L.5	train	202.60	201.40	236.94	0.8551
NC_060932.1	44572993	44573164	S2C8H1L.3	train	208.30	205.90	242.24	0.8599
NC_060932.1	44587268	44587439	S2C8H1L.1	train	200.30	199.80	235.06	0.8521
NC_060932.1	44593047	44593217	S2C8H1L.8	train	197.10	196.40	231.06	0.8530
NC_060932.1	44601539	44601710	S2C8H1L.6	train	209.70	206.90	243.41	0.8615
NC_060932.1	44607490	44607659	S2C8H1L.4/7	train	190.90	191.30	225.06	0.8482
NC_060932.1	44608334	44608505	S2C8H1L.1	train	202.70	201.90	237.53	0.8534
NC_060932.1	44609015	44609186	S2C8H1L.5	train	204.70	203.40	239.29	0.8554
NC_060932.1	44609357	44609528	S2C8H1L.7	train	193.50	195.00	229.41	0.8435
NC_060932.1	44611222	44611394	S2C8H1L.3	train	197.40	197.50	232.35	0.8496
NC_060932.1	44611565	44611735	S2C8H1L.8	train	199.00	198.30	233.29	0.8530
NC_060932.1	44614961	44615128	S2C8H1L.2	train	197.90	197.70	232.59	0.8509
NC_060932.1	44615128	44615300	S2C8H1L.3	train	198.90	199.10	234.24	0.8491
NC_060932.1	44616665	44616835	S2C8H1L.8	train	199.00	198.30	233.29	0.8530
NC_060932.1	44616835	44617002	S2C8H1L.9	train	202.70	200.80	236.24	0.8580
NC_060932.1	44617678	44617850	S2C8H1L.3	train	197.40	197.50	232.35	0.8496
NC_060932.1	44634837	44635007	S2C8H1L.8	train	199.00	198.30	233.29	0.8530
NC_060932.1	44635512	44635683	S2C8H1L.1	train	199.90	199.40	234.59	0.8521
NC_060932.1	44641455	44641626	S2C8H1L.5	train	202.60	201.40	236.94	0.8551
NC_060932.1	44644347	44644518	S2C8H1L.7	train	186.90	189.90	223.41	0.8366
NC_060932.1	44647063	44647230	S2C8H1L.11	train	203.60	201.60	237.18	0.8584
NC_060932.1	44650960	44651131	S2C8H1L.10	train	203.60	202.30	238.00	0.8555
NC_060932.1	44651636	44651808	S2C8H1L.3	train	197.40	197.50	232.35	0.8496
NC_060932.1	44654010	44654181	S2C8H1L.1	train	199.90	199.40	234.59	0.8521
NC_060932.1	44656217	44656384	S2C8H1L.9	train	199.40	198.20	233.18	0.8551
NC_060932.1	44657740	44657911	S2C8H1L.10	train	203.60	202.30	238.00	0.8555
NC_060932.1	44662484	44662655	S2C8H1L.3	train	191.60	192.20	226.12	0.8473
NC_060932.1	44665538	44665708	S2C8H1L.8	train	199.00	198.30	233.29	0.8530
NC_060932.1	44667064	44667231	S2C8H1L.9	train	202.70	200.80	236.24	0.8580
NC_060932.1	44668763	44668934	S2C8H1L.1	train	201.40	200.40	235.76	0.8542
NC_060932.1	44671821	44671992	S2C8H1L.4	train	202.80	202.40	238.12	0.8517
NC_060932.1	44673694	44673861	S2C8H1L.11	train	203.60	201.60	237.18	0.8584
NC_060932.1	44675391	44675562	S2C8H1L.10	train	200.60	199.70	234.94	0.8538
NC_060932.1	44682872	44683039	S2C8H1L.9	train	202.70	200.80	236.24	0.8580
NC_060932.1	44701896	44702067	S2C8H1L.1	train	202.70	201.90	237.53	0.8534
NC_060932.1	44702405	44702576	S2C8H1L.5	train	204.70	203.40	239.29	0.8554
NC_060932.1	44703089	44703256	S2C8H1L.2	train	197.90	197.70	232.59	0.8509
NC_060932.1	44707160	44707332	S2C8H1L.3	train	198.90	199.10	234.24	0.8491
NC_060932.1	44724133	44724300	S2C8H1L.2	train	195.70	195.60	230.12	0.8504
NC_060932.1	44726169	44726336	S2C8H1L.9	train	196.30	195.60	230.12	0.8530
NC_060932.1	44727184	44727355	S2C8H1L.4/7	train	204.80	203.10	238.94	0.8571
NC_060932.1	44728711	44728881	S2C8H1L.8	train	199.00	198.30	233.29	0.8530
NC_060932.1	44731252	44731423	S2C8H1L.4/7	train	204.80	203.10	238.94	0.8571
NC_060932.1	44732436	44732608	S2C8H1L.3	train	194.40	194.90	229.29	0.8478
NC_060932.1	44736504	44736676	S2C8H1L.3	train	197.40	197.50	232.35	0.8496
NC_060932.1	44737184	44737355	S2C8H1L.10	train	203.60	202.30	238.00	0.8555
NC_060932.1	44740242	44740409	S2C8H1L.2	train	197.90	197.70	232.59	0.8509
NC_060932.1	44750756	44750927	S2C8H1L.1	train	199.20	199.20	234.35	0.8500
NC_060932.1	44759239	44759410	S2C8H1L.4/7	train	202.10	200.80	236.24	0.8555
NC_060932.1	44760423	44760595	S2C8H1L.3	train	197.40	197.50	232.35	0.8496
NC_060932.1	44761951	44762122	S2C8H1L.4/7	train	204.80	203.10	238.94	0.8571
NC_060932.1	44763478	44763648	S2C8H1L.8	train	199.00	198.30	233.29	0.8530
NC_060932.1	44769924	44770095	S2C8H1L.4/7	train	204.80	203.10	238.94	0.8571
NC_060932.1	44779268	44779439	S2C8H1L.6	train	209.70	206.90	243.41	0.8615
NC_060932.1	44785901	44786072	S2C8H1L.1	train	199.40	199.20	234.35	0.8509
NC_060932.1	44788610	44788781	S2C8H1L.1	train	202.70	201.90	237.53	0.8534
NC_060932.1	44789290	44789461	S2C8H1L.5	train	204.70	203.40	239.29	0.8554
NC_060932.1	44789974	44790141	S2C8H1L.2	train	197.90	197.70	232.59	0.8509
NC_060932.1	44790312	44790483	S2C8H1L.4	train	202.80	202.40	238.12	0.8517
NC_060932.1	44792690	44792862	S2C8H1L.3	train	194.50	195.20	229.65	0.8470
NC_060932.1	44793203	44793370	S2C8H1L.9	train	202.70	200.80	236.24	0.8580
NC_060932.1	44794726	44794897	S2C8H1L.10	train	203.60	202.30	238.00	0.8555
NC_060932.1	44796086	44796257	S2C8H1L.7	train	194.60	195.50	230.00	0.8461
NC_060932.1	44797784	44797951	S2C8H1L.2	train	197.90	197.70	232.59	0.8509
NC_060932.1	44798631	44798802	S2C8H1L.10	train	203.60	202.30	238.00	0.8555
NC_060932.1	44798969	44799140	S2C8H1L.1	train	202.70	201.90	237.53	0.8534
NC_060932.1	44806274	44806441	S2C8H1L.9	train	202.70	200.80	236.24	0.8580
NC_060932.1	44808823	44808990	S2C8H1L.9	train	202.70	200.80	236.24	0.8580
NC_060932.1	44813743	44813914	S2C8H1L.4/7	train	202.70	201.20	236.71	0.8563
NC_060932.1	44819520	44819687	S2C8H1L.11	train	203.60	201.60	237.18	0.8584
NC_060932.1	44820709	44820880	S2C8H1L.7	train	197.00	197.70	232.59	0.8470
NC_060932.1	44823767	44823939	S2C8H1L.3	train	197.40	197.50	232.35	0.8496
NC_060932.1	44831247	44831414	S2C8H1L.2	train	195.90	195.70	230.24	0.8509
NC_060932.1	44831757	44831927	S2C8H1L.8	train	196.80	196.20	230.82	0.8526
NC_060932.1	44833625	44833796	S2C8H1L.1	train	199.40	199.20	234.35	0.8509
NC_060932.1	44836512	44836684	S2C8H1L.3	train	197.40	197.50	232.35	0.8496
NC_060932.1	44838039	44838210	S2C8H1L.4	train	202.80	202.40	238.12	0.8517
NC_060932.1	44841272	44841443	S2C8H1L.1	train	199.40	199.20	234.35	0.8509
NC_060932.1	44842461	44842628	S2C8H1L.11	train	201.20	199.50	234.71	0.8572
NC_060932.1	44843308	44843479	S2C8H1L.5	train	202.60	201.40	236.94	0.8551
NC_060932.1	44846028	44846199	S2C8H1L.6	train	209.70	206.90	243.41	0.8615
NC_060932.1	44846880	44847051	S2C8H1L.4/7	train	204.80	203.10	238.94	0.8571
NC_060932.1	44847221	44847388	S2C8H1L.9	train	202.70	200.80	236.24	0.8580
NC_060932.1	44856561	44856728	S2C8H1L.11	train	198.30	197.20	232.00	0.8547
NC_060932.1	44861482	44861648	S2C8H1L.9	train	198.30	197.00	231.76	0.8556
NC_060932.1	44865387	44865558	S2C8H1L.6	train	206.30	204.20	240.24	0.8587
NC_060932.1	44868788	44868959	S2C8H1L.7	train	197.00	197.70	232.59	0.8470
NC_060932.1	44870653	44870824	S2C8H1L.3	train	208.30	205.90	242.24	0.8599
NC_060932.1	44872189	44872359	S2C8H1L.8	train	199.00	198.30	233.29	0.8530
NC_060932.1	44872359	44872526	S2C8H1L.9	train	202.70	200.80	236.24	0.8580
NC_060932.1	44875246	44875413	S2C8H1L.11	train	201.20	199.50	234.71	0.8572
NC_060932.1	44877968	44878138	S2C8H1L.8	train	199.00	198.30	233.29	0.8530
NC_060932.1	44885607	44885778	S2C8H1L.4/7	train	201.80	200.80	236.24	0.8542
NC_060932.1	44893758	44893925	S2C8H1L.9	train	202.70	200.80	236.24	0.8580
NC_060932.1	44895113	44895280	S2C8H1L.9	train	202.70	200.80	236.24	0.8580
NC_060932.1	44896640	44896811	S2C8H1L.7	train	197.00	197.70	232.59	0.8470
NC_060932.1	44900712	44900879	S2C8H1L.11	train	203.60	201.60	237.18	0.8584
NC_060932.1	44908008	44908179	S2C8H1L.5	train	202.60	201.40	236.94	0.8551
NC_060932.1	44909539	44909710	S2C8H1L.10	train	203.60	202.30	238.00	0.8555
NC_060932.1	44911408	44911580	S2C8H1L.3	train	194.50	195.20	229.65	0.8470
NC_060932.1	44911921	44912088	S2C8H1L.9	train	202.70	200.80	236.24	0.8580
NC_060932.1	44918025	44918196	S2C8H1L.3	train	208.30	205.90	242.24	0.8599
NC_060932.1	44922618	44922785	S2C8H1L.11	train	201.20	199.50	234.71	0.8572
NC_060932.1	44923636	44923807	S2C8H1L.6	train	209.70	206.90	243.41	0.8615
NC_060932.1	44932476	44932643	S2C8H1L.9	train	202.70	200.80	236.24	0.8580
NC_060932.1	44932981	44933152	S2C8H1L.1	train	199.40	199.20	234.35	0.8509
NC_060932.1	44933319	44933490	S2C8H1L.3	train	208.30	205.90	242.24	0.8599
NC_060932.1	44937053	44937224	S2C8H1L.4	train	202.80	202.40	238.12	0.8517
NC_060932.1	44937737	44937908	S2C8H1L.1	train	199.40	199.20	234.35	0.8509
NC_060932.1	44945042	44945213	S2C8H1L.6	train	209.70	206.90	243.41	0.8615
NC_060932.1	44956260	44956430	S2C8H1L.8	train	196.80	196.20	230.82	0.8526
NC_060932.1	44959654	44959821	S2C8H1L.2	train	197.90	197.70	232.59	0.8509
NC_060932.1	44959992	44960163	S2C8H1L.4	train	202.80	202.40	238.12	0.8517
NC_060932.1	44962541	44962712	S2C8H1L.4	train	202.80	202.40	238.12	0.8517
NC_060932.1	44964581	44964752	S2C8H1L.1	train	199.40	199.20	234.35	0.8509
NC_060932.1	44968152	44968323	S2C8H1L.7	train	197.00	197.70	232.59	0.8470
NC_060932.1	44971553	44971723	S2C8H1L.8	train	193.70	193.80	228.00	0.8496
NC_060932.1	44972737	44972908	S2C8H1L.4	train	202.80	202.40	238.12	0.8517
NC_060932.1	44973421	44973592	S2C8H1L.1	train	202.70	201.90	237.53	0.8534
NC_060932.1	44975287	44975458	S2C8H1L.4/7	train	202.70	201.20	236.71	0.8563
NC_060932.1	44984281	44984453	S2C8H1L.3	train	194.40	195.30	229.76	0.8461
NC_060932.1	44990560	44990731	S2C8H1L.1	train	202.70	201.90	237.53	0.8534
NC_060932.1	44992087	44992254	S2C8H1L.2	train	192.70	193.20	227.29	0.8478
NC_060932.1	44992425	44992596	S2C8H1L.4	train	202.80	202.40	238.12	0.8517
NC_060932.1	44993960	44994127	S2C8H1L.9	train	202.70	200.80	236.24	0.8580
NC_060932.1	45001427	45001598	S2C8H1L.4	train	202.80	202.40	238.12	0.8517
NC_060932.1	45001598	45001769	S2C8H1L.5	train	202.60	201.40	236.94	0.8551
NC_060932.1	45004318	45004489	S2C8H1L.6	train	209.70	206.90	243.41	0.8615
NC_060932.1	45004489	45004660	S2C8H1L.7	train	197.00	197.70	232.59	0.8470
NC_060932.1	45006016	45006187	S2C8H1L.1	train	199.40	199.20	234.35	0.8509
NC_060932.1	45009758	45009929	S2C8H1L.1	train	199.40	199.20	234.35	0.8509
NC_060932.1	45015699	45015869	S2C8H1L.8	train	196.00	196.10	230.71	0.8496
NC_060932.1	45016712	45016883	S2C8H1L.3	train	208.30	205.90	242.24	0.8599
NC_060932.1	45027583	45027750	S2C8H1L.9	train	200.10	198.60	233.65	0.8564
NC_060932.1	45030637	45030808	S2C8H1L.1	train	202.70	201.90	237.53	0.8534
NC_060932.1	45037429	45037600	S2C8H1L.3	train	208.30	205.90	242.24	0.8599
NC_060932.1	45037600	45037771	S2C8H1L.4	train	202.80	202.40	238.12	0.8517
NC_060932.1	45038455	45038622	S2C8H1L.2	train	195.90	195.70	230.24	0.8509
NC_060932.1	45039811	45039978	S2C8H1L.2	train	197.90	197.70	232.59	0.8509
NC_060932.1	45043883	45044055	S2C8H1L.3	train	197.40	197.50	232.35	0.8496
NC_060932.1	45046432	45046604	S2C8H1L.3	train	197.40	197.50	232.35	0.8496
NC_060932.1	45046775	45046945	S2C8H1L.8	train	199.00	198.30	233.29	0.8530
NC_060932.1	45054581	45054751	S2C8H1L.8	train	195.50	195.60	230.12	0.8496
NC_060932.1	45054751	45054918	S2C8H1L.9	train	202.70	200.80	236.24	0.8580
NC_060932.1	45058994	45059161	S2C8H1L.11	train	201.20	199.50	234.71	0.8572
NC_060932.1	45060183	45060354	S2C8H1L.7	train	197.00	197.70	232.59	0.8470
NC_060932.1	45060525	45060692	S2C8H1L.2	train	195.70	195.60	230.12	0.8504
NC_060932.1	45061372	45061543	S2C8H1L.10	train	200.00	199.50	234.71	0.8521
NC_060932.1	45062391	45062561	S2C8H1L.8	train	196.00	196.10	230.71	0.8496
NC_060932.1	45066125	45066296	S2C8H1L.4/7	train	204.80	203.10	238.94	0.8571
NC_060932.1	45066971	45067142	S2C8H1L.1	train	198.10	197.70	232.59	0.8517
NC_060932.1	45067309	45067480	S2C8H1L.3	train	208.30	205.90	242.24	0.8599
NC_060932.1	45067651	45067822	S2C8H1L.5	train	202.60	201.40	236.94	0.8551
NC_060932.1	45069357	45069528	S2C8H1L.1	train	199.40	199.20	234.35	0.8509
NC_060932.1	45070548	45070719	S2C8H1L.1	train	202.70	201.90	237.53	0.8534
NC_060932.1	45071399	45071570	S2C8H1L.6	train	209.70	206.90	243.41	0.8615
NC_060932.1	45072251	45072422	S2C8H1L.4/7	train	204.80	203.10	238.94	0.8571
NC_060932.1	45075471	45075642	S2C8H1L.10	train	200.00	199.50	234.71	0.8521
NC_060932.1	45075809	45075980	S2C8H1L.1	train	196.50	196.80	231.53	0.8487
NC_060932.1	45076147	45076319	S2C8H1L.3	train	194.40	195.30	229.76	0.8461
NC_060932.1	45086350	45086521	S2C8H1L.4/7	train	204.80	203.10	238.94	0.8571
NC_060932.1	45087367	45087534	S2C8H1L.2	train	195.00	195.20	229.65	0.8491
NC_060932.1	45088047	45088214	S2C8H1L.9	train	202.70	200.80	236.24	0.8580
NC_060932.1	45088385	45088552	S2C8H1L.11	train	203.60	201.60	237.18	0.8584
NC_060932.1	45090926	45091097	S2C8H1L.7	train	197.00	197.70	232.59	0.8470
NC_060932.1	45091607	45091778	S2C8H1L.4/7	train	204.80	203.10	238.94	0.8571
NC_060932.1	45093476	45093647	S2C8H1L.7	train	197.00	197.70	232.59	0.8470
NC_060932.1	45094665	45094836	S2C8H1L.10	train	203.60	202.30	238.00	0.8555
NC_060932.1	45098399	45098570	S2C8H1L.6	train	209.70	206.90	243.41	0.8615
NC_060932.1	45099759	45099930	S2C8H1L.7	train	194.10	195.20	229.65	0.8452
NC_060932.1	45104517	45104688	S2C8H1L.5	train	204.70	203.40	239.29	0.8554
NC_060932.1	45104859	45105030	S2C8H1L.7	train	197.00	197.70	232.59	0.8470
NC_060932.1	45106219	45106386	S2C8H1L.11	train	203.60	201.60	237.18	0.8584
NC_060932.1	45106720	45106891	S2C8H1L.3	train	208.30	205.90	242.24	0.8599
NC_060932.1	45111818	45111990	S2C8H1L.3	train	197.40	197.50	232.35	0.8496
NC_060932.1	45113517	45113688	S2C8H1L.5	train	202.60	201.40	236.94	0.8551
NC_060932.1	45115386	45115557	S2C8H1L.1	train	202.70	201.90	237.53	0.8534
NC_060932.1	45116237	45116404	S2C8H1L.9	train	196.30	195.60	230.12	0.8530
NC_060932.1	45119792	45119964	S2C8H1L.3	train	194.40	194.90	229.29	0.8478
NC_060932.1	45120135	45120305	S2C8H1L.8	train	199.00	198.30	233.29	0.8530
NC_060932.1	45121661	45121832	S2C8H1L.6	train	209.70	206.90	243.41	0.8615
NC_060932.1	45121832	45122003	S2C8H1L.7	train	197.00	197.70	232.59	0.8470
NC_060932.1	45123869	45124040	S2C8H1L.4	train	202.80	202.40	238.12	0.8517
NC_060932.1	45126419	45126590	S2C8H1L.4/7	train	204.80	203.10	238.94	0.8571
NC_060932.1	45127945	45128116	S2C8H1L.5	train	199.70	199.10	234.24	0.8526
NC_060932.1	45129139	45129309	S2C8H1L.8	train	199.00	198.30	233.29	0.8530
NC_060932.1	45136440	45136607	S2C8H1L.2	train	197.90	197.70	232.59	0.8509
NC_060932.1	45138481	45138652	S2C8H1L.10	train	203.60	202.30	238.00	0.8555
NC_060932.1	45143062	45143233	S2C8H1L.3	train	208.30	205.90	242.24	0.8599
NC_060932.1	45144935	45145106	S2C8H1L.10	train	200.60	199.70	234.94	0.8538
NC_060932.1	45147318	45147485	S2C8H1L.9	train	199.40	198.20	233.18	0.8551
NC_060932.1	45153432	45153603	S2C8H1L.4/7	train	204.80	203.10	238.94	0.8571
NC_060932.1	45155467	45155634	S2C8H1L.11	train	203.60	201.60	237.18	0.8584
NC_060932.1	45156998	45157165	S2C8H1L.2	train	195.70	195.60	230.12	0.8504
NC_060932.1	45160394	45160565	S2C8H1L.10	train	203.60	202.30	238.00	0.8555
NC_060932.1	45166682	45166849	S2C8H1L.9	train	202.70	200.80	236.24	0.8580
NC_060932.1	45167696	45167867	S2C8H1L.4	train	202.80	202.40	238.12	0.8517
NC_060932.1	45172619	45172786	S2C8H1L.2	train	197.90	197.70	232.59	0.8509
NC_060932.1	45173641	45173812	S2C8H1L.1	train	202.70	201.90	237.53	0.8534
NC_060932.1	45176020	45176191	S2C8H1L.7	train	197.00	197.70	232.59	0.8470
NC_060932.1	45177380	45177547	S2C8H1L.11	train	203.60	201.60	237.18	0.8584
NC_060932.1	45181801	45181972	S2C8H1L.1	train	199.40	199.20	234.35	0.8509
NC_060932.1	45186051	45186222	S2C8H1L.4	train	199.80	200.00	235.29	0.8491
NC_060932.1	45188950	45189121	S2C8H1L.7	train	197.00	197.70	232.59	0.8470
NC_060932.1	45193037	45193208	S2C8H1L.10	train	203.60	202.30	238.00	0.8555
NC_060932.1	45196774	45196945	S2C8H1L.3	train	208.30	205.90	242.24	0.8599
NC_060932.1	45197287	45197458	S2C8H1L.6	train	206.30	204.20	240.24	0.8587
NC_060932.1	45199330	45199497	S2C8H1L.11	train	198.30	197.20	232.00	0.8547
NC_060932.1	45200348	45200519	S2C8H1L.6	train	209.70	206.90	243.41	0.8615
NC_060932.1	45207848	45208019	S2C8H1L.1	train	202.70	201.90	237.53	0.8534
NC_060932.1	45213975	45214146	S2C8H1L.6	train	203.30	201.60	237.18	0.8572
NC_060932.1	45215501	45215672	S2C8H1L.4	train	187.90	190.20	223.76	0.8397
NC_060932.1	45215672	45215843	S2C8H1L.5	train	202.60	201.40	236.94	0.8551
NC_060932.1	45220444	45220615	S2C8H1L.5	train	202.60	201.40	236.94	0.8551
NC_060932.1	45220957	45221128	S2C8H1L.1	train	202.70	201.90	237.53	0.8534
NC_060932.1	45227773	45227944	S2C8H1L.7	train	197.00	197.70	232.59	0.8470
NC_060932.1	45227944	45228115	S2C8H1L.1	train	202.70	201.90	237.53	0.8534
NC_060932.1	45228453	45228624	S2C8H1L.4	train	200.90	200.40	235.76	0.8521
NC_060932.1	45230501	45230668	S2C8H1L.2	train	197.90	197.70	232.59	0.8509
NC_060932.1	45231861	45232032	S2C8H1L.3	train	208.30	205.90	242.24	0.8599
NC_060932.1	45232374	45232545	S2C8H1L.6	train	209.70	206.90	243.41	0.8615
NC_060932.1	45234760	45234931	S2C8H1L.7	train	197.00	197.70	232.59	0.8470
NC_060932.1	45235102	45235269	S2C8H1L.2	train	197.90	197.70	232.59	0.8509
NC_060932.1	45240725	45240896	S2C8H1L.1	train	202.70	201.90	237.53	0.8534
NC_060932.1	45241747	45241918	S2C8H1L.7	train	195.60	196.10	230.71	0.8478
NC_060932.1	45244295	45244466	S2C8H1L.4	train	202.80	202.40	238.12	0.8517
NC_060932.1	45249566	45249737	S2C8H1L.6	train	209.70	206.90	243.41	0.8615
NC_060932.1	45252969	45253140	S2C8H1L.1	train	197.30	197.10	231.88	0.8509
NC_060932.1	45254499	45254670	S2C8H1L.10	train	203.60	202.30	238.00	0.8555
NC_060932.1	45259766	45259937	S2C8H1L.1	train	202.70	201.90	237.53	0.8534
NC_060932.1	45261297	45261468	S2C8H1L.3	train	208.30	205.90	242.24	0.8599
NC_060932.1	45263507	45263678	S2C8H1L.5	train	202.60	201.40	236.94	0.8551
NC_060932.1	45266064	45266235	S2C8H1L.7	train	195.60	196.10	230.71	0.8478
NC_060932.1	45282895	45283066	S2C8H1L.5	train	202.60	201.40	236.94	0.8551
NC_060932.1	45286127	45286298	S2C8H1L.6	train	209.70	206.90	243.41	0.8615
NC_060932.1	45287320	45287491	S2C8H1L.7	train	197.00	197.70	232.59	0.8470
NC_060932.1	45292929	45293100	S2C8H1L.4	train	202.80	202.40	238.12	0.8517
NC_060932.1	45295315	45295486	S2C8H1L.4	train	202.80	202.40	238.12	0.8517
NC_060932.1	45296679	45296850	S2C8H1L.6	train	209.70	206.90	243.41	0.8615
NC_060932.1	45297872	45298042	S2C8H1L.6	train	201.90	201.20	236.71	0.8530
NC_060932.1	45301783	45301954	S2C8H1L.4	train	202.80	202.40	238.12	0.8517
NC_060932.1	45306721	45306891	S2C8H1L.8	train	199.00	198.30	233.29	0.8530
NC_060932.1	45306891	45307058	S2C8H1L.9	train	199.40	198.20	233.18	0.8551
NC_060932.1	45310795	45310966	S2C8H1L.3	train	208.30	205.90	242.24	0.8599
NC_060932.1	45311308	45311479	S2C8H1L.6	train	209.70	206.90	243.41	0.8615
NC_060932.1	45313005	45313176	S2C8H1L.5	train	200.20	199.30	234.47	0.8538
NC_060932.1	45314198	45314369	S2C8H1L.5	train	202.60	201.40	236.94	0.8551
NC_060932.1	45316917	45317088	S2C8H1L.3	train	208.30	205.90	242.24	0.8599
NC_060932.1	45321000	45321171	S2C8H1L.3	train	208.30	205.90	242.24	0.8599
NC_060932.1	45330025	45330192	S2C8H1L.11	train	201.20	199.50	234.71	0.8572
NC_060932.1	45330701	45330872	S2C8H1L.4	train	202.80	202.40	238.12	0.8517
NC_060932.1	45334783	45334954	S2C8H1L.10	train	203.60	202.30	238.00	0.8555
NC_060932.1	45338870	45339037	S2C8H1L.9	train	202.70	200.80	236.24	0.8580
NC_060932.1	45348746	45348917	S2C8H1L.7	train	197.00	197.70	232.59	0.8470
NC_060932.1	45350110	45350281	S2C8H1L.1	train	202.70	201.90	237.53	0.8534
NC_060932.1	45357097	45357268	S2C8H1L.7	train	191.00	193.00	227.06	0.8412
NC_060932.1	45364764	45364935	S2C8H1L.3	train	208.30	205.90	242.24	0.8599
NC_060932.1	45365957	45366128	S2C8H1L.3	train	206.10	204.00	240.00	0.8588
NC_060932.1	45367492	45367663	S2C8H1L.5	train	202.60	201.40	236.94	0.8551
NC_060932.1	45371240	45371411	S2C8H1L.6	train	209.70	206.90	243.41	0.8615
NC_060932.1	45372433	45372604	S2C8H1L.6	train	209.70	206.90	243.41	0.8615
NC_060932.1	45377032	45377203	S2C8H1L.5	train	202.60	201.40	236.94	0.8551
NC_060932.1	45378225	45378396	S2C8H1L.5	train	204.70	203.40	239.29	0.8554
NC_060932.1	45384701	45384872	S2C8H1L.1	train	199.40	199.20	234.35	0.8509
NC_060932.1	45385039	45385210	S2C8H1L.3	train	208.30	205.90	242.24	0.8599
NC_060932.1	45385723	45385894	S2C8H1L.7	train	197.00	197.70	232.59	0.8470
NC_060932.1	45386232	45386403	S2C8H1L.3	train	205.40	203.60	239.53	0.8575
NC_060932.1	45387425	45387596	S2C8H1L.3	train	208.30	205.90	242.24	0.8599
NC_060932.1	45394414	45394581	S2C8H1L.2	train	193.60	193.70	227.88	0.8496
NC_060932.1	45405654	45405825	S2C8H1L.5	train	202.60	201.40	236.94	0.8551
NC_060932.1	45408551	45408722	S2C8H1L.1	train	202.70	201.90	237.53	0.8534
NC_060932.1	45409231	45409402	S2C8H1L.5	train	202.60	201.40	236.94	0.8551
NC_060932.1	45409915	45410082	S2C8H1L.2	train	195.70	195.60	230.12	0.8504
NC_060932.1	45410253	45410424	S2C8H1L.4	train	202.80	202.40	238.12	0.8517
NC_060932.1	45411275	45411446	S2C8H1L.3	train	206.10	204.00	240.00	0.8588
NC_060932.1	45411617	45411788	S2C8H1L.5	train	202.60	201.40	236.94	0.8551
NC_060932.1	45415538	45415709	S2C8H1L.7	train	197.00	197.70	232.59	0.8470
NC_060932.1	45415709	45415880	S2C8H1L.1	train	202.70	201.90	237.53	0.8534
NC_060932.1	45425587	45425758	S2C8H1L.3	train	206.10	204.00	240.00	0.8588
NC_060932.1	45427122	45427293	S2C8H1L.5	train	202.60	201.40	236.94	0.8551
NC_060932.1	45433769	45433936	S2C8H1L.2	train	195.70	195.60	230.12	0.8504
NC_060932.1	45435642	45435813	S2C8H1L.6	train	209.70	206.90	243.41	0.8615
NC_060932.1	45437515	45437686	S2C8H1L.3	train	208.30	205.90	242.24	0.8599
NC_060932.1	45438199	45438370	S2C8H1L.7	train	197.00	197.70	232.59	0.8470
NC_060932.1	45448419	45448590	S2C8H1L.4	train	200.80	200.40	235.76	0.8517
NC_060932.1	45450632	45450803	S2C8H1L.3	train	204.80	203.30	239.18	0.8563
NC_060932.1	45455402	45455573	S2C8H1L.3	train	208.30	205.90	242.24	0.8599
NC_060932.1	45456086	45456257	S2C8H1L.7	train	197.00	197.70	232.59	0.8470
NC_060932.1	45460511	45460681	S2C8H1L.8	train	199.00	198.30	233.29	0.8530
NC_060932.1	45471217	45471388	S2C8H1L.5	train	202.60	201.40	236.94	0.8551
NC_060932.1	45475134	45475305	S2C8H1L.10	train	203.60	202.30	238.00	0.8555
NC_060932.1	45475809	45475981	S2C8H1L.3	train	194.40	194.90	229.29	0.8478
NC_060932.1	45477507	45477678	S2C8H1L.5	train	202.60	201.40	236.94	0.8551
NC_060932.1	45478191	45478358	S2C8H1L.2	train	192.80	193.10	227.18	0.8487
NC_060932.1	45479893	45480064	S2C8H1L.5	train	202.60	201.40	236.94	0.8551
NC_060932.1	45485169	45485340	S2C8H1L.4	train	202.80	202.40	238.12	0.8517
NC_060932.1	45485340	45485511	S2C8H1L.5	train	202.60	201.40	236.94	0.8551
NC_060932.1	45486866	45487037	S2C8H1L.3	train	201.80	201.00	236.47	0.8534
NC_060932.1	45493328	45493499	S2C8H1L.4	train	200.70	200.40	235.76	0.8513
NC_060932.1	45493499	45493670	S2C8H1L.5	train	202.60	201.40	236.94	0.8551
NC_060932.1	45494012	45494183	S2C8H1L.1	train	202.70	201.90	237.53	0.8534
NC_060932.1	45494692	45494863	S2C8H1L.5	train	202.60	201.40	236.94	0.8551
NC_060932.1	45495205	45495376	S2C8H1L.1	train	202.70	201.90	237.53	0.8534
NC_060932.1	45495885	45496056	S2C8H1L.5	train	202.60	201.40	236.94	0.8551
NC_060932.1	45499797	45499968	S2C8H1L.3	train	206.00	203.80	239.76	0.8592
NC_060932.1	45500310	45500481	S2C8H1L.6	train	209.70	206.90	243.41	0.8615
NC_060932.1	45503542	45503713	S2C8H1L.7	train	197.00	197.70	232.59	0.8470
NC_060932.1	45505587	45505757	S2C8H1L.8	train	199.00	198.30	233.29	0.8530
NC_060932.1	45511372	45511543	S2C8H1L.3	train	208.30	205.90	242.24	0.8599
NC_060932.1	45513920	45514091	S2C8H1L.3	train	205.30	203.70	239.65	0.8567
NC_060932.1	45514775	45514946	S2C8H1L.1	train	202.70	201.90	237.53	0.8534
NC_060932.1	45518354	45518525	S2C8H1L.1	train	199.40	199.20	234.35	0.8509
NC_060932.1	45527889	45528060	S2C8H1L.7	train	197.00	197.70	232.59	0.8470
NC_060932.1	45529762	45529933	S2C8H1L.4	train	200.80	200.40	235.76	0.8517
NC_060932.1	45533170	45533341	S2C8H1L.3	train	208.30	205.90	242.24	0.8599
NC_060932.1	45537091	45537262	S2C8H1L.5	train	199.70	199.10	234.24	0.8526
NC_060932.1	45538797	45538968	S2C8H1L.1	train	202.70	201.90	237.53	0.8534
NC_060932.1	45541012	45541183	S2C8H1L.7	train	197.00	197.70	232.59	0.8470
NC_060932.1	45558051	45558222	S2C8H1L.4/7	train	193.20	194.10	228.35	0.8461
NC_060932.1	45562464	45562635	S2C8H1L.10	train	203.60	202.30	238.00	0.8555
NC_060932.1	45564496	45564667	S2C8H1L.3	train	206.10	204.00	240.00	0.8588
NC_060932.1	45572672	45572843	S2C8H1L.1	train	195.00	195.30	229.76	0.8487
NC_060932.1	45578633	45578800	S2C8H1L.11	train	203.60	201.60	237.18	0.8584
NC_060932.1	45581520	45581687	S2C8H1L.2	train	197.90	197.70	232.59	0.8509
NC_060932.1	45587304	45587475	S2C8H1L.7	train	197.00	197.70	232.59	0.8470
NC_060932.1	45588156	45588326	S2C8H1L.8	train	197.10	196.40	231.06	0.8530
NC_060932.1	45599207	45599378	S2C8H1L.4	train	202.80	202.40	238.12	0.8517
NC_060932.1	45608373	45608544	S2C8H1L.4	train	202.80	202.40	238.12	0.8517
NC_060932.1	45608544	45608715	S2C8H1L.5	train	202.60	201.40	236.94	0.8551
NC_060932.1	45610923	45611094	S2C8H1L.4/7	train	204.80	203.10	238.94	0.8571
NC_060932.1	45612108	45612280	S2C8H1L.3	train	194.40	195.30	229.76	0.8461
NC_060932.1	45612621	45612788	S2C8H1L.9	train	197.20	196.20	230.82	0.8543
NC_060932.1	45617203	45617370	S2C8H1L.2	train	195.50	195.60	230.12	0.8496
NC_060932.1	45617542	45617713	S2C8H1L.4/7	train	204.80	203.10	238.94	0.8571
NC_060932.1	45620261	45620432	S2C8H1L.5	train	202.60	201.40	236.94	0.8551
NC_060932.1	45620774	45620945	S2C8H1L.1	train	199.80	199.40	234.59	0.8517
NC_060932.1	45623996	45624167	S2C8H1L.4/7	train	204.80	203.10	238.94	0.8571
NC_060932.1	45634190	45634357	S2C8H1L.11	train	201.20	199.50	234.71	0.8572
NC_060932.1	45634357	45634528	S2C8H1L.1	train	202.70	201.90	237.53	0.8534
NC_060932.1	45636735	45636906	S2C8H1L.7	train	194.50	195.50	230.00	0.8457
NC_060932.1	45636906	45637077	S2C8H1L.1	train	199.80	199.60	234.82	0.8509
NC_060932.1	45640819	45640986	S2C8H1L.9	train	199.40	198.20	233.18	0.8551
NC_060932.1	45644554	45644724	S2C8H1L.8	train	197.10	196.40	231.06	0.8530
NC_060932.1	45649135	45649306	S2C8H1L.1	train	202.70	201.90	237.53	0.8534
NC_060932.1	45654734	45654905	S2C8H1L.3	train	206.10	204.00	240.00	0.8588
NC_060932.1	45655076	45655247	S2C8H1L.5	train	204.70	203.40	239.29	0.8554
NC_060932.1	45655760	45655927	S2C8H1L.2	train	193.00	193.50	227.65	0.8478
NC_060932.1	45656611	45656782	S2C8H1L.7	train	194.50	195.50	230.00	0.8457
NC_060932.1	45658647	45658818	S2C8H1L.4	train	202.80	202.40	238.12	0.8517
NC_060932.1	45661032	45661199	S2C8H1L.11	train	201.20	199.50	234.71	0.8572
NC_060932.1	45667483	45667654	S2C8H1L.7	train	191.60	193.00	227.06	0.8438
NC_060932.1	45669185	45669357	S2C8H1L.3	train	197.40	197.50	232.35	0.8496
NC_060932.1	45675301	45675472	S2C8H1L.1	train	202.70	201.90	237.53	0.8534
NC_060932.1	45685838	45686009	S2C8H1L.4	train	199.10	199.60	234.82	0.8479
NC_060932.1	45686180	45686351	S2C8H1L.6	train	204.80	202.60	238.35	0.8592
NC_060932.1	45688049	45688220	S2C8H1L.6	train	209.70	206.90	243.41	0.8615
NC_060932.1	45689072	45689242	S2C8H1L.8	train	197.10	196.40	231.06	0.8530
NC_060932.1	45690085	45690257	S2C8H1L.3	train	197.40	197.50	232.35	0.8496
NC_060932.1	45690936	45691103	S2C8H1L.11	train	200.50	199.00	234.12	0.8564
NC_060932.1	45693990	45694161	S2C8H1L.3	train	208.30	205.90	242.24	0.8599
NC_060932.1	45698575	45698746	S2C8H1L.10	train	203.60	202.30	238.00	0.8555
NC_060932.1	45701470	45701637	S2C8H1L.9	train	199.40	198.20	233.18	0.8551
NC_060932.1	45708087	45708258	S2C8H1L.6	train	203.60	202.10	237.76	0.8563
NC_060932.1	45710811	45710978	S2C8H1L.11	train	203.60	201.60	237.18	0.8584
NC_060932.1	45715230	45715401	S2C8H1L.4	train	198.60	198.60	233.65	0.8500
NC_060932.1	45718975	45719146	S2C8H1L.1	train	199.80	199.60	234.82	0.8509
NC_060932.1	45720677	45720844	S2C8H1L.11	train	200.50	199.00	234.12	0.8564
NC_060932.1	45730705	45730872	S2C8H1L.11	train	203.60	201.60	237.18	0.8584
NC_060932.1	45732916	45733083	S2C8H1L.9	train	202.70	200.80	236.24	0.8580
NC_060932.1	45736642	45736813	S2C8H1L.4	train	202.80	202.40	238.12	0.8517
NC_060932.1	45740889	45741056	S2C8H1L.9	train	202.70	200.80	236.24	0.8580
NC_060932.1	45742416	45742587	S2C8H1L.7	train	194.50	195.50	230.00	0.8457
NC_060932.1	45748707	45748878	S2C8H1L.7	train	194.50	195.50	230.00	0.8457
NC_060932.1	45749559	45749729	S2C8H1L.8	train	202.10	200.90	236.35	0.8551
NC_060932.1	45752100	45752271	S2C8H1L.4/7	train	204.80	203.10	238.94	0.8571
NC_060932.1	45752608	45752779	S2C8H1L.10	train	203.60	202.30	238.00	0.8555
NC_060932.1	45755161	45755332	S2C8H1L.7	train	197.00	197.70	232.59	0.8470
NC_060932.1	45755670	45755842	S2C8H1L.3	train	197.40	197.50	232.35	0.8496
NC_060932.1	45759400	45759571	S2C8H1L.1	train	199.40	199.20	234.35	0.8509
NC_060932.1	45762120	45762287	S2C8H1L.2	train	196.70	196.30	230.94	0.8517
NC_060932.1	45763480	45763652	S2C8H1L.3	train	197.40	197.50	232.35	0.8496
NC_060932.1	45763823	45763993	S2C8H1L.8	train	202.10	200.90	236.35	0.8551
NC_060932.1	45765179	45765349	S2C8H1L.8	train	202.10	200.90	236.35	0.8551
NC_060932.1	45767218	45767385	S2C8H1L.2	train	189.70	191.20	224.94	0.8433
NC_060932.1	45767898	45768069	S2C8H1L.6	train	206.50	204.20	240.24	0.8596
NC_060932.1	45769767	45769934	S2C8H1L.2	train	197.90	197.70	232.59	0.8509
NC_060932.1	45771290	45771461	S2C8H1L.3	train	201.30	199.70	234.94	0.8568
NC_060932.1	45774527	45774694	S2C8H1L.11	train	200.50	199.00	234.12	0.8564
NC_060932.1	45775204	45775375	S2C8H1L.4/7	train	204.80	203.10	238.94	0.8571
NC_060932.1	45778436	45778607	S2C8H1L.1	train	202.70	201.90	237.53	0.8534
NC_060932.1	45780980	45781147	S2C8H1L.11	train	203.60	201.60	237.18	0.8584
NC_060932.1	45781318	45781485	S2C8H1L.2	train	197.90	197.70	232.59	0.8509
NC_060932.1	45781828	45781998	S2C8H1L.8	train	202.10	200.90	236.35	0.8551
NC_060932.1	45782336	45782503	S2C8H1L.11	train	203.60	201.60	237.18	0.8584
NC_060932.1	45785052	45785222	S2C8H1L.8	train	202.10	200.90	236.35	0.8551
NC_060932.1	45790483	45790654	S2C8H1L.3	train	201.30	200.60	236.00	0.8530
NC_060932.1	45790996	45791167	S2C8H1L.6	train	196.00	195.40	229.88	0.8526
NC_060932.1	45793040	45793207	S2C8H1L.11	train	203.60	201.60	237.18	0.8584
NC_060932.1	45796097	45796268	S2C8H1L.7	train	197.00	197.70	232.59	0.8470
NC_060932.1	45799660	45799831	S2C8H1L.5	train	201.70	201.20	236.71	0.8521
NC_060932.1	45800682	45800853	S2C8H1L.4	train	202.80	202.40	238.12	0.8517
NC_060932.1	45803230	45803397	S2C8H1L.11	train	203.60	201.60	237.18	0.8584
NC_060932.1	45803568	45803735	S2C8H1L.2	train	197.90	197.70	232.59	0.8509
NC_060932.1	45806458	45806629	S2C8H1L.1	train	199.80	199.60	234.82	0.8509
NC_060932.1	45806796	45806967	S2C8H1L.3	train	208.30	205.90	242.24	0.8599
NC_060932.1	45807309	45807480	S2C8H1L.6	train	204.80	202.60	238.35	0.8592
NC_060932.1	45814617	45814788	S2C8H1L.1	train	202.70	201.90	237.53	0.8534
NC_060932.1	45819040	45819210	S2C8H1L.8	train	202.10	200.90	236.35	0.8551
NC_060932.1	45820225	45820396	S2C8H1L.4/7	train	204.80	203.10	238.94	0.8571
NC_060932.1	45821242	45821409	S2C8H1L.2	train	197.90	197.70	232.59	0.8509
NC_060932.1	45826677	45826844	S2C8H1L.11	train	198.30	197.20	232.00	0.8547
NC_060932.1	45830245	45830416	S2C8H1L.6	train	209.70	206.90	243.41	0.8615
NC_060932.1	45830416	45830587	S2C8H1L.7	train	197.00	197.70	232.59	0.8470
NC_060932.1	45832284	45832455	S2C8H1L.7	train	197.00	197.70	232.59	0.8470
NC_060932.1	45838060	45838227	S2C8H1L.11	train	203.60	201.60	237.18	0.8584
NC_060932.1	45838398	45838565	S2C8H1L.2	train	197.90	197.70	232.59	0.8509
NC_060932.1	45838565	45838736	S2C8H1L.3	train	206.10	204.00	240.00	0.8588
NC_060932.1	45839929	45840100	S2C8H1L.4	train	202.80	202.40	238.12	0.8517
NC_060932.1	45840442	45840613	S2C8H1L.7	train	197.00	197.70	232.59	0.8470
NC_060932.1	45842481	45842651	S2C8H1L.8	train	199.00	198.30	233.29	0.8530
NC_060932.1	45848429	45848600	S2C8H1L.3	train	205.90	203.70	239.65	0.8592
NC_060932.1	45849965	45850135	S2C8H1L.8	train	200.50	199.30	234.47	0.8551
NC_060932.1	45850978	45851150	S2C8H1L.3	train	195.50	196.40	231.06	0.8461
NC_060932.1	45855571	45855738	S2C8H1L.11	train	203.60	201.60	237.18	0.8584
NC_060932.1	45857611	45857782	S2C8H1L.5	train	200.40	199.30	234.47	0.8547
NC_060932.1	45857953	45858124	S2C8H1L.7	train	191.00	192.70	226.71	0.8425
NC_060932.1	45858462	45858634	S2C8H1L.3	train	197.40	197.50	232.35	0.8496
NC_060932.1	45871544	45871715	S2C8H1L.1	train	199.80	199.60	234.82	0.8509
NC_060932.1	45872738	45872908	S2C8H1L.8	train	195.80	195.90	230.47	0.8496
NC_060932.1	45875795	45875962	S2C8H1L.11	train	203.60	201.60	237.18	0.8584
NC_060932.1	45878849	45879020	S2C8H1L.3	train	201.30	200.60	236.00	0.8530
NC_060932.1	45889730	45889901	S2C8H1L.5	train	200.40	199.30	234.47	0.8547
NC_060932.1	45891769	45891936	S2C8H1L.9	train	202.70	200.80	236.24	0.8580
NC_060932.1	45897890	45898060	S2C8H1L.8	train	196.90	196.60	231.29	0.8513
NC_060932.1	45900267	45900438	S2C8H1L.4	train	202.80	202.40	238.12	0.8517
NC_060932.1	45901122	45901289	S2C8H1L.2	train	197.90	197.70	232.59	0.8509
NC_060932.1	45908761	45908931	S2C8H1L.8	train	196.00	196.10	230.71	0.8496
NC_060932.1	45909607	45909774	S2C8H1L.2	train	197.90	197.70	232.59	0.8509
NC_060932.1	45915555	45915722	S2C8H1L.11	train	203.60	201.60	237.18	0.8584
NC_060932.1	45916573	45916744	S2C8H1L.6	train	203.60	202.10	237.76	0.8563
NC_060932.1	45918618	45918789	S2C8H1L.4/7	train	204.80	203.10	238.94	0.8571
NC_060932.1	45918959	45919126	S2C8H1L.9	train	202.70	200.80	236.24	0.8580
NC_060932.1	45921670	45921841	S2C8H1L.6	train	203.60	202.10	237.76	0.8563
NC_060932.1	45923542	45923713	S2C8H1L.10	train	201.00	200.00	235.29	0.8542
NC_060932.1	45938839	45939010	S2C8H1L.4	train	199.40	199.70	234.94	0.8487
NC_060932.1	45940374	45940545	S2C8H1L.6	train	206.90	204.70	240.82	0.8591
NC_060932.1	45940545	45940716	S2C8H1L.7	train	191.00	192.70	226.71	0.8425
NC_060932.1	45941567	45941734	S2C8H1L.9	train	202.70	200.80	236.24	0.8580
NC_060932.1	45950053	45950220	S2C8H1L.2	train	197.90	197.70	232.59	0.8509
NC_060932.1	45950391	45950562	S2C8H1L.4	train	202.80	202.40	238.12	0.8517
NC_060932.1	45951075	45951246	S2C8H1L.1	train	199.80	199.60	234.82	0.8509
NC_060932.1	45951584	45951755	S2C8H1L.4	train	202.80	202.40	238.12	0.8517
NC_060932.1	45952605	45952776	S2C8H1L.10	train	203.60	202.30	238.00	0.8555
NC_060932.1	45961450	45961621	S2C8H1L.4/7	train	204.80	203.10	238.94	0.8571
NC_060932.1	45964511	45964682	S2C8H1L.7	train	197.00	197.70	232.59	0.8470
NC_060932.1	45968253	45968424	S2C8H1L.7	train	191.00	192.70	226.71	0.8425
NC_060932.1	45968934	45969105	S2C8H1L.4/7	train	204.80	203.10	238.94	0.8571
NC_060932.1	45971653	45971824	S2C8H1L.5	train	200.40	199.30	234.47	0.8547
NC_060932.1	45973355	45973522	S2C8H1L.11	train	203.60	201.60	237.18	0.8584
NC_060932.1	45977590	45977761	S2C8H1L.1	train	202.70	201.90	237.53	0.8534
NC_060932.1	45980484	45980651	S2C8H1L.11	train	203.60	201.60	237.18	0.8584
NC_060932.1	45982014	45982181	S2C8H1L.9	train	199.40	198.20	233.18	0.8551
NC_060932.1	45982690	45982857	S2C8H1L.2	train	197.90	197.70	232.59	0.8509
NC_060932.1	45983199	45983370	S2C8H1L.5	train	204.70	203.40	239.29	0.8554
NC_060932.1	45983541	45983712	S2C8H1L.7	train	194.50	195.50	230.00	0.8457
NC_060932.1	45987112	45987283	S2C8H1L.6	train	203.60	202.10	237.76	0.8563
NC_060932.1	45994425	45994596	S2C8H1L.5	train	204.70	203.40	239.29	0.8554
NC_060932.1	46008871	46009042	S2C8H1L.1	train	199.40	199.20	234.35	0.8509
NC_060932.1	46009381	46009552	S2C8H1L.4/7	train	204.80	203.10	238.94	0.8571
NC_060932.1	46011078	46011249	S2C8H1L.6	train	203.60	202.10	237.76	0.8563
NC_060932.1	46013969	46014140	S2C8H1L.1	train	200.50	199.70	234.94	0.8534
NC_060932.1	46016184	46016355	S2C8H1L.7	train	197.00	197.70	232.59	0.8470
NC_060932.1	46018220	46018391	S2C8H1L.4	train	199.40	199.70	234.94	0.8487
NC_060932.1	46018391	46018562	S2C8H1L.5	train	204.70	203.40	239.29	0.8554
NC_060932.1	46020607	46020778	S2C8H1L.4/7	train	204.80	203.10	238.94	0.8571
NC_060932.1	46022646	46022817	S2C8H1L.1	train	202.70	201.90	237.53	0.8534
NC_060932.1	46025705	46025876	S2C8H1L.4/7	train	202.00	200.70	236.12	0.8555
NC_060932.1	46031478	46031649	S2C8H1L.7	train	197.00	197.70	232.59	0.8470
NC_060932.1	46036065	46036236	S2C8H1L.5	train	200.40	199.30	234.47	0.8547
NC_060932.1	46042527	46042698	S2C8H1L.6	train	203.60	202.10	237.76	0.8563
NC_060932.1	46049669	46049840	S2C8H1L.4/7	train	202.00	200.70	236.12	0.8555
NC_060932.1	46050686	46050853	S2C8H1L.2	train	197.90	197.70	232.59	0.8509
NC_060932.1	46053072	46053239	S2C8H1L.2	train	195.90	195.70	230.24	0.8509
NC_060932.1	46064115	46064286	S2C8H1L.10	train	203.60	202.30	238.00	0.8555
NC_060932.1	46071927	46072098	S2C8H1L.4	train	199.80	200.00	235.29	0.8491
NC_060932.1	46072098	46072269	S2C8H1L.5	train	200.40	199.30	234.47	0.8547
NC_060932.1	46074308	46074479	S2C8H1L.7	train	194.50	195.50	230.00	0.8457
NC_060932.1	46080939	46081110	S2C8H1L.3	train	208.30	205.90	242.24	0.8599
NC_060932.1	46081794	46081964	S2C8H1L.8	train	196.00	196.10	230.71	0.8496
NC_060932.1	46084684	46084855	S2C8H1L.7	train	194.70	195.00	229.41	0.8487
NC_060932.1	46089780	46089947	S2C8H1L.11	train	201.20	199.50	234.71	0.8572
NC_060932.1	46091303	46091474	S2C8H1L.1	train	200.50	199.70	234.94	0.8534
NC_060932.1	46095891	46096058	S2C8H1L.2	train	197.90	197.70	232.59	0.8509
NC_060932.1	46098777	46098944	S2C8H1L.11	train	203.60	201.60	237.18	0.8584
NC_060932.1	46100137	46100308	S2C8H1L.1	train	199.80	199.60	234.82	0.8509
NC_060932.1	46102686	46102856	S2C8H1L.8	train	195.50	195.60	230.12	0.8496
NC_060932.1	46104888	46105055	S2C8H1L.2	train	197.90	197.70	232.59	0.8509
NC_060932.1	46105906	46106073	S2C8H1L.11	train	198.30	197.00	231.76	0.8556
NC_060932.1	46108785	46108956	S2C8H1L.1	train	199.90	199.40	234.59	0.8521
NC_060932.1	46111679	46111846	S2C8H1L.11	train	197.80	196.80	231.53	0.8543
NC_060932.1	46121529	46121700	S2C8H1L.5	train	199.60	198.80	233.88	0.8534
NC_060932.1	46122332	46122503	S2C8H1L.4/7	train	201.80	201.00	236.47	0.8534
NC_060932.1	46126748	46126919	S2C8H1L.4	train	195.50	196.90	231.65	0.8440
NC_060932.1	46127090	46127261	S2C8H1L.6	train	206.90	204.70	240.82	0.8591
NC_060932.1	46132525	46132692	S2C8H1L.11	train	203.60	201.60	237.18	0.8584
NC_060932.1	46136931	46137098	S2C8H1L.2	train	197.90	197.70	232.59	0.8509
NC_060932.1	46139138	46139309	S2C8H1L.4/7	train	201.80	201.00	236.47	0.8534
NC_060932.1	46140322	46140494	S2C8H1L.3	train	189.40	190.50	224.12	0.8451
NC_060932.1	46145070	46145241	S2C8H1L.10	train	203.60	202.30	238.00	0.8555
NC_060932.1	46148294	46148465	S2C8H1L.10	train	200.60	200.10	235.41	0.8521
NC_060932.1	46154401	46154568	S2C8H1L.11	train	203.60	201.60	237.18	0.8584
NC_060932.1	46155923	46156094	S2C8H1L.1	train	200.60	199.80	235.06	0.8534
NC_060932.1	46159144	46159315	S2C8H1L.4/7	train	204.80	203.10	238.94	0.8571
NC_060932.1	46161520	46161691	S2C8H1L.10	train	200.60	200.10	235.41	0.8521
NC_060932.1	46163894	46164064	S2C8H1L.8	train	194.30	194.10	228.35	0.8509
NC_060932.1	46165758	46165925	S2C8H1L.11	train	203.60	201.60	237.18	0.8584
NC_060932.1	46167118	46167288	S2C8H1L.8	train	193.80	193.90	228.12	0.8496
NC_060932.1	46168644	46168815	S2C8H1L.6	train	203.50	202.00	237.65	0.8563
NC_060932.1	46174247	46174414	S2C8H1L.9	train	199.60	198.40	233.41	0.8551
NC_060932.1	46176453	46176620	S2C8H1L.11	train	194.50	193.60	227.76	0.8540
NC_060932.1	46180189	46180356	S2C8H1L.11	train	199.00	197.50	232.35	0.8565
NC_060932.1	46189531	46189702	S2C8H1L.7	train	189.00	191.00	224.71	0.8411
NC_060932.1	46190040	46190211	S2C8H1L.10	train	200.90	200.00	235.29	0.8538
NC_060932.1	46209746	46209917	S2C8H1L.5	train	202.60	201.40	236.94	0.8551
NC_060932.1	46210768	46210935	S2C8H1L.11	train	192.00	191.60	225.41	0.8518
NC_060932.1	46211615	46211786	S2C8H1L.5	train	199.40	198.90	234.00	0.8521
NC_060932.1	46212804	46212975	S2C8H1L.1	train	199.90	199.40	234.59	0.8521
NC_060932.1	46221128	46221299	S2C8H1L.6	train	200.90	199.60	234.82	0.8555
NC_060932.1	46225036	46225207	S2C8H1L.7	train	183.70	186.40	219.29	0.8377
NC_060932.1	46241170	46241341	S2C8H1L.7	train	194.10	195.30	229.76	0.8448
NC_060932.1	46242017	46242188	S2C8H1L.1	train	199.90	199.40	234.59	0.8521
NC_060932.1	46253906	46254077	S2C8H1L.5	train	196.60	196.60	231.29	0.8500
NC_060932.1	46256795	46256962	S2C8H1L.11	train	195.80	194.90	229.29	0.8539
NC_060932.1	46263077	46263247	S2C8H1L.4	train	188.50	190.30	223.88	0.8420
NC_060932.1	46264436	46264607	S2C8H1L.1	train	199.70	199.60	234.82	0.8504
NC_060932.1	46271065	46271236	S2C8H1L.7	train	194.10	195.30	229.76	0.8448
NC_060932.1	46274632	46274803	S2C8H1L.6	train	189.50	190.10	223.65	0.8473
NC_060932.1	46275312	46275483	S2C8H1L.10	train	200.90	200.00	235.29	0.8538
NC_060932.1	46275650	46275821	S2C8H1L.1	train	196.30	196.70	231.41	0.8483
NC_060932.1	46277690	46277857	S2C8H1L.2	train	189.00	189.40	222.82	0.8482
NC_060932.1	46278028	46278199	S2C8H1L.4	train	195.90	195.90	230.47	0.8500
NC_060932.1	46281427	46281594	S2C8H1L.2	train	188.40	189.20	222.59	0.8464
NC_060932.1	46281594	46281765	S2C8H1L.3	train	202.40	201.10	236.59	0.8555
NC_060932.1	46290263	46290434	S2C8H1L.10	train	200.90	200.00	235.29	0.8538
NC_060932.1	46290434	46290601	S2C8H1L.11	train	194.80	194.50	228.82	0.8513
NC_060932.1	46298077	46298248	S2C8H1L.1	train	195.30	195.20	229.65	0.8504
NC_060932.1	46298415	46298586	S2C8H1L.3	train	203.10	201.50	237.06	0.8567
NC_060932.1	46302837	46303008	S2C8H1L.7	train	194.10	195.30	229.76	0.8448
NC_060932.1	46308787	46308954	S2C8H1L.9	train	202.70	200.80	236.24	0.8580
NC_060932.1	46309801	46309972	S2C8H1L.4	train	189.70	191.00	224.71	0.8442
NC_060932.1	46313536	46313707	S2C8H1L.4	train	194.60	195.60	230.12	0.8457
NC_060932.1	46322202	46322369	S2C8H1L.11	train	198.30	197.20	232.00	0.8547
NC_060932.1	46322540	46322707	S2C8H1L.2	train	191.50	191.60	225.41	0.8496
NC_060932.1	46343990	46344160	R2	train	147.40	152.20	179.06	0.8232
NC_060932.1	46367279	46367450	Ga	train	150.60	154.60	181.88	0.8280
NC_060932.1	46367725	46367894	R2	train	175.00	175.00	205.88	0.8500
NC_060932.1	46371632	46371803	R2	train	160.50	163.70	192.59	0.8334
NC_060932.1	46378106	46378278	Ca	train	139.40	144.40	169.88	0.8206
NC_060932.1	46382532	46382700	Ca	train	143.70	146.40	172.24	0.8343
NC_060932.1	46388569	46388741	Ca	train	146.80	149.70	176.12	0.8335
NC_060932.1	46427559	46427729	Ba	train	143.30	146.90	172.82	0.8292
NC_060932.1	46436180	46436348	Ba	train	140.90	144.90	170.47	0.8265
NC_060932.1	46915617	46915788	Ja	train	140.60	144.20	169.65	0.8288
NC_060932.1	46916954	46917126	Ba	train	169.50	168.50	198.24	0.8550
NC_060932.1	46917126	46917296	Ca	train	159.70	160.00	188.24	0.8484
NC_060934.1	39144276	39144447	Ca	test	136.70	143.30	168.59	0.8109
NC_060934.1	39187622	39187793	Ca	test	149.30	152.90	179.88	0.8300
NC_060934.1	39219714	39219881	Na	test	134.10	140.20	164.94	0.8130
NC_060934.1	39222411	39222597	Oa	test	142.80	144.90	170.47	0.8377
NC_060934.1	39228631	39228799	Na	test	145.00	148.50	174.71	0.8300
NC_060934.1	39240456	39240627	Oa	test	155.30	157.80	185.65	0.8365
NC_060934.1	39240799	39240971	Oa	test	162.70	164.10	193.06	0.8427
NC_060934.1	39287522	39287694	Oa	test	164.10	164.90	194.00	0.8459
NC_060934.1	39301377	39301544	Na	test	134.20	138.80	163.29	0.8218
NC_060934.1	39465332	39465505	Ha	test	175.60	175.20	206.12	0.8519
NC_060934.1	39468253	39468421	Ha	test	147.80	153.30	180.35	0.8195
NC_060934.1	39474067	39474238	Ha	test	150.90	155.20	182.59	0.8264
NC_060934.1	39477979	39478150	Ha	test	149.20	154.50	181.76	0.8208
NC_060934.1	39481577	39481749	Ha	test	163.30	166.40	195.76	0.8342
NC_060934.1	39485329	39485498	Ga	test	151.10	156.90	184.59	0.8186
NC_060934.1	39491116	39491286	Ga	test	154.80	157.60	185.41	0.8349
NC_060934.1	39566677	39566848	Ga	test	167.80	169.00	198.82	0.8440
NC_060934.1	39567356	39567526	R2	test	162.20	163.00	191.76	0.8458
NC_060934.1	39571608	39571779	S5C1H6d.1	test	177.60	178.90	210.47	0.8438
NC_060934.1	39574340	39574510	S5C1H6d.1	test	158.30	163.70	192.59	0.8220
NC_060934.1	39575195	39575366	R2	test	174.30	175.90	206.94	0.8423
NC_060934.1	39576050	39576220	R1	test	168.40	169.70	199.65	0.8435
NC_060934.1	39592017	39592188	R2	test	163.80	165.50	194.71	0.8413
NC_060934.1	39599176	39599343	R2	test	174.30	173.10	203.65	0.8559
NC_060934.1	39613816	39613985	R2	test	160.90	163.90	192.82	0.8344
NC_060934.1	39614669	39614840	S5C1H6d.2	test	143.00	152.70	179.65	0.7960
NC_060934.1	39634473	39634644	S1C10H1L.5	test	197.80	197.20	232.00	0.8526
NC_060934.1	39637863	39638034	S1C10H1L.1	test	175.50	178.80	210.35	0.8343
NC_060934.1	39638542	39638713	S1C10H1L.5	test	193.40	194.10	228.35	0.8469
NC_060934.1	39640749	39640917	S1C10H1L.6	test	188.80	190.10	223.65	0.8442
NC_060934.1	39643972	39644142	S1C10H1L.1	test	169.60	173.10	203.65	0.8328
NC_060934.1	39645328	39645498	S1C10H1L.1	test	182.50	185.00	217.65	0.8385
NC_060934.1	39645836	39646005	S1C10H1-B.4	test	178.40	182.30	214.47	0.8318
NC_060934.1	39650591	39650759	S1C10H1L.8	test	187.50	188.40	221.65	0.8459
NC_060934.1	39655853	39656023	S1C10H1L.3	test	197.30	197.80	232.71	0.8479
NC_060934.1	39666037	39666208	S1C10H1L.5	test	194.30	195.50	230.00	0.8448
NC_060934.1	39668752	39668923	S1C10H1L.5	test	194.80	194.70	229.06	0.8504
NC_060934.1	39669771	39669941	S1C10H1L.3	test	195.70	196.10	230.71	0.8483
NC_060934.1	39671126	39671297	S1C10H1L.1	test	188.20	189.90	223.41	0.8424
NC_060934.1	39678424	39678592	S1C10H1L.8	test	189.60	190.30	223.88	0.8469
NC_060934.1	39679612	39679782	S1C10H1L.3	test	197.30	197.80	232.71	0.8479
NC_060934.1	39683684	39683855	S1C10H1L.7	test	198.80	197.90	232.82	0.8539
NC_060934.1	39684024	39684195	S1C10H1L.1	test	187.10	189.20	222.59	0.8406
NC_060934.1	39692341	39692510	S1C10H1L.6	test	190.00	191.50	225.29	0.8433
NC_060934.1	39694717	39694885	S1C10H1L.8	test	178.60	181.30	213.29	0.8373
NC_060934.1	39698959	39699130	S1C10H1L.1	test	191.90	192.60	226.59	0.8469
NC_060934.1	39700996	39701167	S1C10H1L.1	test	193.70	194.40	228.71	0.8469
NC_060934.1	39703373	39703543	S1C10H1L.3	test	194.60	195.50	230.00	0.8461
NC_060934.1	39706425	39706596	S1C10H1L.1	test	190.80	192.00	225.88	0.8447
NC_060934.1	39707954	39708123	S1C10H1L.6	test	187.60	189.40	222.82	0.8419
NC_060934.1	39718138	39718307	S1C10H1L.2	test	197.90	197.50	232.35	0.8517
NC_060934.1	39718816	39718985	S1C10H1L.6	test	194.90	194.90	229.29	0.8500
NC_060934.1	39720004	39720175	S1C10H1L.1	test	193.40	194.20	228.47	0.8465
NC_060934.1	39722718	39722889	S1C10H1L.5	test	203.00	201.70	237.29	0.8555
NC_060934.1	39726283	39726452	S1C10H1L.6/8	test	191.20	191.90	225.76	0.8469
NC_060934.1	39727471	39727642	S1C10H1L.1	test	189.50	191.30	225.06	0.8420
NC_060934.1	39733241	39733411	S1C10H1L.3	test	188.30	190.70	224.35	0.8393
NC_060934.1	39733579	39733750	S1C10H1L.5	test	195.40	195.00	229.41	0.8517
NC_060934.1	39737480	39737649	S1C10H1L.6/8	test	193.50	194.10	228.35	0.8474
NC_060934.1	39737989	39738155	S1C10H1L.3	test	193.50	193.30	227.41	0.8509
NC_060934.1	39741383	39741553	S1C10H1L.3	test	185.20	188.10	221.29	0.8369
NC_060934.1	39742232	39742401	S1C10H1L.6/8	test	182.10	184.50	217.06	0.8389
NC_060934.1	39743591	39743760	S1C10H1L.2	test	191.90	192.80	226.82	0.8460
NC_060934.1	39744098	39744268	S1C10H1L.5	test	197.80	196.60	231.29	0.8552
NC_060934.1	39745116	39745287	S1C10H1L.5	test	195.10	194.70	229.06	0.8517
NC_060934.1	39750886	39751056	S1C10H1L.3	test	189.90	191.20	224.94	0.8442
NC_060934.1	39752754	39752922	S1C10H1L.8	test	194.20	194.40	228.71	0.8491
NC_060934.1	39754279	39754450	S1C10H1L.5	test	197.80	198.20	233.18	0.8483
NC_060934.1	39754619	39754790	S1C10H1L.7	test	196.70	196.90	231.65	0.8491
NC_060934.1	39754958	39755129	S1C10H1L.1	test	189.60	191.30	225.06	0.8424
NC_060934.1	39755298	39755469	S1C10H1L.5	test	196.50	195.70	230.24	0.8535
NC_060934.1	39769886	39770057	S1C10H1L.5	test	195.70	196.40	231.06	0.8470
NC_060934.1	39772944	39773115	S1C10H1L.5	test	201.20	200.00	235.29	0.8551
NC_060934.1	39773115	39773284	S1C10H1L.6	test	196.90	196.90	231.65	0.8500
NC_060934.1	39792989	39793160	S1C10H1L.5	test	196.40	196.60	231.29	0.8491
NC_060934.1	39795028	39795199	S1C10H1L.5	test	203.00	201.70	237.29	0.8555
NC_060934.1	39795199	39795368	S1C10H1L.6/2/4	test	198.40	197.20	232.00	0.8552
NC_060934.1	39801144	39801315	S1C10H1L.3/5	test	181.40	184.30	216.82	0.8366
NC_060934.1	39803014	39803183	S1C10H1L.6/2/4	test	193.00	193.40	227.53	0.8482
NC_060934.1	39808279	39808450	S1C10H1L.3/5	test	178.80	183.00	215.29	0.8305
NC_060934.1	39816264	39816433	S1C10H1L.6	test	196.90	196.90	231.65	0.8500
NC_060934.1	39819150	39819321	S1C10H1L.7	test	190.60	191.90	225.76	0.8442
NC_060934.1	39820340	39820509	S1C10H1L.2	test	194.50	194.70	229.06	0.8491
NC_060934.1	39820509	39820679	S1C10H1L.3	test	191.50	193.00	227.06	0.8434
NC_060934.1	39822037	39822206	S1C10H1L.6	test	194.50	194.80	229.18	0.8487
NC_060934.1	39823396	39823565	S1C10H1L.2	test	200.10	199.50	234.71	0.8526
NC_060934.1	39827302	39827473	S1C10H1L.1	test	190.00	191.50	225.29	0.8433
NC_060934.1	39829852	39830021	S1C10H1L.6/2/4	test	198.40	197.20	232.00	0.8552
NC_060934.1	39834946	39835115	S1C10H1L.4	test	201.10	200.40	235.76	0.8530
NC_060934.1	39845809	39845978	S1C10H1L.6	test	193.90	194.40	228.71	0.8478
NC_060934.1	39847168	39847337	S1C10H1L.6/2/4	test	198.40	197.20	232.00	0.8552
NC_060934.1	39847508	39847677	S1C10H1L.6	test	196.90	196.90	231.65	0.8500
NC_060934.1	39851072	39851243	S1C10H1L.7	test	199.60	199.10	234.24	0.8521
NC_060934.1	39854127	39854297	S1C10H1L.3	test	186.60	189.00	222.35	0.8392
NC_060934.1	39856334	39856503	S1C10H1L.2	test	204.00	202.60	238.35	0.8559
NC_060934.1	39857520	39857691	S1C10H1L.1	test	193.20	194.00	228.24	0.8465
NC_060934.1	39858709	39858877	S1C10H1L.8	test	189.60	190.30	223.88	0.8469
NC_060934.1	39862104	39862272	S1C10H1L.8	test	194.20	194.40	228.71	0.8491
NC_060934.1	39863967	39864138	S1C10H1L.5	test	202.10	201.10	236.59	0.8542
NC_060934.1	39864478	39864646	S1C10H1L.8	test	194.20	194.40	228.71	0.8491
NC_060934.1	39865835	39866003	S1C10H1L.8	test	189.60	190.30	223.88	0.8469
NC_060934.1	39866003	39866174	S1C10H1L.1	test	195.10	196.00	230.59	0.8461
NC_060934.1	39869232	39869400	S1C10H1L.8	test	194.20	194.40	228.71	0.8491
NC_060934.1	39879928	39880098	S1C10H1L.3	test	188.30	190.70	224.35	0.8393
NC_060934.1	39882813	39882982	S1C10H1L.6	test	193.60	194.30	228.59	0.8469
NC_060934.1	39886206	39886375	S1C10H1L.4	test	201.10	200.40	235.76	0.8530
NC_060934.1	39897574	39897745	S1C10H1L.5	test	203.00	201.70	237.29	0.8555
NC_060934.1	39898764	39898933	S1C10H1L.6	test	193.60	194.30	228.59	0.8469
NC_060934.1	39903857	39904026	S1C10H1L.2	test	204.00	202.60	238.35	0.8559
NC_060934.1	39910475	39910646	S1C10H1L.7	test	202.80	201.60	237.18	0.8551
NC_060934.1	39910646	39910814	S1C10H1L.8	test	190.30	191.40	225.18	0.8451
NC_060934.1	39911154	39911325	S1C10H1L.5	test	202.10	201.10	236.59	0.8542
NC_060934.1	39915906	39916077	S1C10H1L.5	test	201.30	200.70	236.12	0.8525
NC_060934.1	39918622	39918793	S1C10H1L.7	test	202.80	201.60	237.18	0.8551
NC_060934.1	39921169	39921337	S1C10H1L.8	test	194.20	194.40	228.71	0.8491
NC_060934.1	39922694	39922865	S1C10H1L.1	test	195.10	196.00	230.59	0.8461
NC_060934.1	39924222	39924391	S1C10H1L.4	test	201.10	200.40	235.76	0.8530
NC_060934.1	39926767	39926938	S1C10H1L.5	test	203.00	201.70	237.29	0.8555
NC_060934.1	39944589	39944758	S1C10H1L.6	test	196.90	196.90	231.65	0.8500
NC_060934.1	39945946	39946115	S1C10H1L.6	test	193.60	194.30	228.59	0.8469
NC_060934.1	39952219	39952389	S1C10H1L.3	test	186.60	189.00	222.35	0.8392
NC_060934.1	39952388	39952557	S1C10H1L.4	test	201.10	200.40	235.76	0.8530
NC_060934.1	39962734	39962905	S1C10H1L.5	test	202.10	201.10	236.59	0.8542
NC_060934.1	39967486	39967657	S1C10H1L.5	test	203.00	201.70	237.29	0.8555
NC_060934.1	39970881	39971052	S1C10H1L.5	test	202.10	201.10	236.59	0.8542
NC_060934.1	39974107	39974276	S1C10H1L.2	test	204.00	202.60	238.35	0.8559
NC_060934.1	39979878	39980047	S1C10H1L.2	test	204.00	202.60	238.35	0.8559
NC_060934.1	39992944	39993115	S1C10H1L.1	test	195.10	196.00	230.59	0.8461
NC_060934.1	39994303	39994474	S1C10H1L.5	test	202.10	201.10	236.59	0.8542
NC_060934.1	40000074	40000244	S1C10H1L.3	test	188.30	190.70	224.35	0.8393
NC_060934.1	40005504	40005675	S1C10H1L.7	test	202.80	201.60	237.18	0.8551
NC_060934.1	40012968	40013139	S1C10H1L.5	test	201.30	200.70	236.12	0.8525
NC_060934.1	40015682	40015853	S1C10H1L.5	test	203.00	201.70	237.29	0.8555
NC_060934.1	40017551	40017720	S1C10H1L.2	test	204.00	202.60	238.35	0.8559
NC_060934.1	40019415	40019586	S1C10H1L.5	test	203.00	201.70	237.29	0.8555
NC_060934.1	40020774	40020945	S1C10H1L.7	test	202.80	201.60	237.18	0.8551
NC_060934.1	40021453	40021623	S1C10H1L.3	test	188.30	190.70	224.35	0.8393
NC_060934.1	40028750	40028919	S1C10H1L.2	test	204.00	202.60	238.35	0.8559
NC_060934.1	40030276	40030446	S1C10H1L.3	test	188.30	190.70	224.35	0.8393
NC_060934.1	40030614	40030785	S1C10H1L.5	test	203.00	201.70	237.29	0.8555
NC_060934.1	40039099	40039270	S1C10H1L.5	test	202.10	201.10	236.59	0.8542
NC_060934.1	40039270	40039439	S1C10H1L.6	test	196.40	196.50	231.18	0.8496
NC_060934.1	40042323	40042491	S1C10H1L.8	test	189.60	190.30	223.88	0.8469
NC_060934.1	40044359	40044528	S1C10H1L.6	test	196.90	196.90	231.65	0.8500
NC_060934.1	40045378	40045547	S1C10H1L.6	test	196.40	196.50	231.18	0.8496
NC_060934.1	40047075	40047243	S1C10H1L.8	test	189.60	190.30	223.88	0.8469
NC_060934.1	40052335	40052505	S1C10H1L.3	test	188.30	190.70	224.35	0.8393
NC_060934.1	40054542	40054711	S1C10H1L.2	test	204.00	202.60	238.35	0.8559
NC_060934.1	40055560	40055728	S1C10H1L.8	test	189.60	190.30	223.88	0.8469
NC_060934.1	40056237	40056406	S1C10H1L.4	test	201.10	200.40	235.76	0.8530
NC_060934.1	40061669	40061837	S1C10H1L.8	test	194.20	194.40	228.71	0.8491
NC_060934.1	40063194	40063365	S1C10H1L.1	test	193.20	194.00	228.24	0.8465
NC_060934.1	40063872	40064043	S1C10H1L.5	test	203.00	201.70	237.29	0.8555
NC_060934.1	40068962	40069133	S1C10H1L.5	test	203.00	201.70	237.29	0.8555
NC_060934.1	40075582	40075750	S1C10H1L.8	test	191.00	191.80	225.65	0.8465
NC_060934.1	40082710	40082878	S1C10H1L.8	test	189.60	190.30	223.88	0.8469
NC_060934.1	40087797	40087966	S1C10H1L.2	test	204.00	202.60	238.35	0.8559
NC_060934.1	40089834	40090002	S1C10H1L.8	test	194.20	194.40	228.71	0.8491
NC_060934.1	40092378	40092549	S1C10H1L.1	test	193.20	194.00	228.24	0.8465
NC_060934.1	40094924	40095092	S1C10H1L.8	test	191.00	191.80	225.65	0.8465
NC_060934.1	40096789	40096960	S1C10H1L.5	test	203.00	201.70	237.29	0.8555
NC_060934.1	40099844	40100015	S1C10H1L.1	test	193.20	194.00	228.24	0.8465
NC_060934.1	40103917	40104088	S1C10H1L.5	test	203.00	201.70	237.29	0.8555
NC_060934.1	40108158	40108327	S1C10H1L.2	test	204.00	202.60	238.35	0.8559
NC_060934.1	40108665	40108836	S1C10H1L.5	test	203.00	201.70	237.29	0.8555
NC_060934.1	40113077	40113248	S1C10H1L.1	test	193.20	194.00	228.24	0.8465
NC_060934.1	40117321	40117490	S1C10H1L.6	test	196.90	196.90	231.65	0.8500
NC_060934.1	40120376	40120545	S1C10H1L.2	test	204.00	202.60	238.35	0.8559
NC_060934.1	40125127	40125295	S1C10H1L.8	test	189.60	190.30	223.88	0.8469
NC_060934.1	40127165	40127333	S1C10H1L.8	test	194.20	194.40	228.71	0.8491
NC_060934.1	40127504	40127673	S1C10H1L.2	test	204.00	202.60	238.35	0.8559
NC_060934.1	40129709	40129880	S1C10H1L.1	test	190.10	191.50	225.29	0.8438
NC_060934.1	40132423	40132594	S1C10H1L.1	test	195.10	196.00	230.59	0.8461
NC_060934.1	40135310	40135479	S1C10H1L.6	test	196.90	196.90	231.65	0.8500
NC_060934.1	40139891	40140062	S1C10H1L.5	test	196.80	196.80	231.53	0.8500
NC_060934.1	40142605	40142776	S1C10H1L.5	test	203.00	201.70	237.29	0.8555
NC_060934.1	40145154	40145322	S1C10H1L.8	test	194.20	194.40	228.71	0.8491
NC_060934.1	40145831	40146000	S1C10H1L.4	test	201.10	200.40	235.76	0.8530
NC_060934.1	40147359	40147530	S1C10H1L.7	test	202.80	201.60	237.18	0.8551
NC_060934.1	40149055	40149226	S1C10H1L.1	test	195.10	196.00	230.59	0.8461
NC_060934.1	40171780	40171951	S1C10H1L.1	test	193.20	194.00	228.24	0.8465
NC_060934.1	40172289	40172458	S1C10H1L.4	test	201.10	200.40	235.76	0.8530
NC_060934.1	40175685	40175853	S1C10H1L.8	test	189.60	190.30	223.88	0.8469
NC_060934.1	40179419	40179588	S1C10H1L.2	test	204.00	202.60	238.35	0.8559
NC_060934.1	40181795	40181964	S1C10H1L.2	test	204.00	202.60	238.35	0.8559
NC_060934.1	40187735	40187905	S1C10H1L.3	test	185.50	188.50	221.76	0.8365
NC_060934.1	40193677	40193846	S1C10H1L.6	test	196.40	196.50	231.18	0.8496
NC_060934.1	40194865	40195036	S1C10H1L.7	test	202.80	201.60	237.18	0.8551
NC_060934.1	40196901	40197072	S1C10H1L.5	test	203.00	201.70	237.29	0.8555
NC_060934.1	40203013	40203184	S1C10H1L.1	test	190.40	191.70	225.53	0.8442
NC_060934.1	40203353	40203523	S1C10H1L.3	test	187.50	190.40	224.00	0.8371
NC_060934.1	40209122	40209293	S1C10H1L.1	test	195.10	196.00	230.59	0.8461
NC_060934.1	40218290	40218461	S1C10H1L.5	test	198.60	198.40	233.41	0.8509
NC_060934.1	40218461	40218630	S1C10H1L.6	test	196.40	196.50	231.18	0.8496
NC_060934.1	40220158	40220326	S1C10H1L.8	test	187.50	188.40	221.65	0.8459
NC_060934.1	40222535	40222704	S1C10H1L.2	test	201.30	200.40	235.76	0.8538
NC_060934.1	40226437	40226608	S1C10H1L.5	test	198.70	198.40	233.41	0.8513
NC_060934.1	40236620	40236791	S1C10H1L.1	test	193.20	194.00	228.24	0.8465
NC_060934.1	40238486	40238655	S1C10H1L.6	test	196.40	196.50	231.18	0.8496
NC_060934.1	40239503	40239672	S1C10H1L.4	test	198.00	198.10	233.06	0.8496
NC_060934.1	40242897	40243065	S1C10H1L.8	test	189.60	190.30	223.88	0.8469
NC_060934.1	40243576	40243745	S1C10H1L.6	test	193.60	194.20	228.47	0.8474
NC_060934.1	40246802	40246973	S1C10H1L.5	test	202.10	201.10	236.59	0.8542
NC_060934.1	40248330	40248499	S1C10H1L.6	test	194.50	194.80	229.18	0.8487
NC_060934.1	40253592	40253762	S1C10H1L.3	test	187.50	190.40	224.00	0.8371
NC_060934.1	40254441	40254609	S1C10H1L.8	test	189.60	190.30	223.88	0.8469
NC_060934.1	40258853	40259022	S1C10H1L.6	test	194.50	194.80	229.18	0.8487
NC_060934.1	40260212	40260380	S1C10H1L.8	test	187.80	189.10	222.47	0.8442
NC_060934.1	40265132	40265303	S1C10H1L.1	test	193.20	194.00	228.24	0.8465
NC_060934.1	40266827	40266998	S1C10H1L.5	test	198.70	198.40	233.41	0.8513
NC_060934.1	40268355	40268524	S1C10H1L.6	test	194.50	194.80	229.18	0.8487
NC_060934.1	40271577	40271748	S1C10H1L.1	test	195.10	196.00	230.59	0.8461
NC_060934.1	40283803	40283974	S1C10H1L.3/5	test	182.60	185.90	218.71	0.8349
NC_060934.1	40284991	40285160	S1C10H1L.4	test	201.10	200.40	235.76	0.8530
NC_060934.1	40289234	40289405	S1C10H1L.1	test	193.20	194.00	228.24	0.8465
NC_060934.1	40290591	40290762	S1C10H1L.1	test	193.20	194.00	228.24	0.8465
NC_060934.1	40291271	40291442	S1C10H1L.7	test	202.80	201.60	237.18	0.8551
NC_060934.1	40292119	40292288	S1C10H1L.4	test	201.10	200.40	235.76	0.8530
NC_060934.1	40292459	40292628	S1C10H1L.6	test	196.90	196.90	231.65	0.8500
NC_060934.1	40294664	40294835	S1C10H1L.5	test	203.00	201.70	237.29	0.8555
NC_060934.1	40297211	40297380	S1C10H1L.6	test	194.50	194.80	229.18	0.8487
NC_060934.1	40302811	40302981	S1C10H1L.3	test	188.30	190.70	224.35	0.8393
NC_060934.1	40303149	40303320	S1C10H1L.5	test	203.00	201.70	237.29	0.8555
NC_060934.1	40303320	40303489	S1C10H1L.6	test	194.50	194.80	229.18	0.8487
NC_060934.1	40304508	40304679	S1C10H1L.7	test	199.60	198.90	234.00	0.8530
NC_060934.1	40305525	40305696	S1C10H1L.5	test	203.00	201.70	237.29	0.8555
NC_060934.1	40309937	40310108	S1C10H1L.1	test	195.10	196.00	230.59	0.8461
NC_060934.1	40312145	40312313	S1C10H1L.8	test	194.20	194.40	228.71	0.8491
NC_060934.1	40318764	40318935	S1C10H1L.5	test	202.10	201.10	236.59	0.8542
NC_060934.1	40323176	40323347	S1C10H1L.1	test	195.10	196.00	230.59	0.8461
NC_060934.1	40329625	40329796	S1C10H1L.5	test	203.00	201.70	237.29	0.8555
NC_060934.1	40330813	40330982	S1C10H1L.4	test	201.10	200.40	235.76	0.8530
NC_060934.1	40330982	40331153	S1C10H1L.5	test	203.00	201.70	237.29	0.8555
NC_060934.1	40332680	40332851	S1C10H1L.1	test	193.20	194.00	228.24	0.8465
NC_060934.1	40336413	40336584	S1C10H1L.1	test	195.10	196.00	230.59	0.8461
NC_060934.1	40340655	40340824	S1C10H1L.4	test	201.10	200.40	235.76	0.8530
NC_060934.1	40340824	40340995	S1C10H1L.5	test	201.40	200.20	235.53	0.8551
NC_060934.1	40342693	40342862	S1C10H1L.2	test	204.00	202.60	238.35	0.8559
NC_060934.1	40345069	40345238	S1C10H1L.2	test	204.00	202.60	238.35	0.8559
NC_060934.1	40345407	40345576	S1C10H1L.4	test	201.10	200.40	235.76	0.8530
NC_060934.1	40346087	40346255	S1C10H1L.8	test	189.60	190.30	223.88	0.8469
NC_060934.1	40346424	40346593	S1C10H1L.4	test	194.60	195.20	229.65	0.8474
NC_060934.1	40351856	40352024	S1C10H1L.8	test	194.20	194.40	228.71	0.8491
NC_060934.1	40353383	40353553	S1C10H1L.3	test	188.30	190.70	224.35	0.8393
NC_060934.1	40357114	40357285	S1C10H1L.5	test	200.10	199.20	234.35	0.8538
NC_060934.1	40360509	40360679	S1C10H1L.3	test	188.30	190.70	224.35	0.8393
NC_060934.1	40363734	40363902	S1C10H1L.8	test	189.60	190.30	223.88	0.8469
NC_060934.1	40373238	40373406	S1C10H1L.8	test	194.20	194.40	228.71	0.8491
NC_060934.1	40376122	40376292	S1C10H1L.3	test	188.30	190.70	224.35	0.8393
NC_060934.1	40384941	40385112	S1C10H1L.7	test	202.80	201.60	237.18	0.8551
NC_060934.1	40385620	40385791	S1C10H1L.5	test	202.10	201.10	236.59	0.8542
NC_060934.1	40386808	40386977	S1C10H1L.4	test	201.10	200.40	235.76	0.8530
NC_060934.1	40391391	40391561	S1C10H1L.3	test	188.30	190.70	224.35	0.8393
NC_060934.1	40393088	40393259	S1C10H1L.7	test	202.80	201.60	237.18	0.8551
NC_060934.1	40393598	40393767	S1C10H1L.2	test	204.00	202.60	238.35	0.8559
NC_060934.1	40395124	40395294	S1C10H1L.3	test	188.30	190.70	224.35	0.8393
NC_060934.1	40397838	40398009	S1C10H1L.5	test	203.00	201.70	237.29	0.8555
NC_060934.1	40405985	40406155	S1C10H1L.3	test	188.30	190.70	224.35	0.8393
NC_060934.1	40406494	40406663	S1C10H1L.6	test	196.90	196.90	231.65	0.8500
NC_060934.1	40408699	40408870	S1C10H1L.5	test	203.00	201.70	237.29	0.8555
NC_060934.1	40416846	40417016	S1C10H1L.3	test	188.30	190.70	224.35	0.8393
NC_060934.1	40418543	40418714	S1C10H1L.7	test	202.80	201.60	237.18	0.8551
NC_060934.1	40419731	40419900	S1C10H1L.6	test	194.50	194.80	229.18	0.8487
NC_060934.1	40421429	40421598	S1C10H1L.2	test	204.00	202.60	238.35	0.8559
NC_060934.1	40427707	40427878	S1C10H1L.5	test	198.70	198.40	233.41	0.8513
NC_060934.1	40436361	40436530	S1C10H1L.4	test	201.10	200.40	235.76	0.8530
NC_060934.1	40440096	40440265	S1C10H1L.6	test	196.90	196.90	231.65	0.8500
NC_060934.1	40440436	40440604	S1C10H1L.8	test	189.60	190.30	223.88	0.8469
NC_060934.1	40442982	40443153	S1C10H1L.5	test	199.80	199.00	234.12	0.8534
NC_060934.1	40446546	40446715	S1C10H1L.2	test	204.00	202.60	238.35	0.8559
NC_060934.1	40446884	40447053	S1C10H1L.4	test	201.10	200.40	235.76	0.8530
NC_060934.1	40449089	40449260	S1C10H1L.1	test	195.10	196.00	230.59	0.8461
NC_060934.1	40450279	40450448	S1C10H1L.2	test	204.00	202.60	238.35	0.8559
NC_060934.1	40451805	40451976	S1C10H1L.5	test	202.10	201.10	236.59	0.8542
NC_060934.1	40456728	40456897	S1C10H1L.6	test	196.90	196.90	231.65	0.8500
NC_060934.1	40461647	40461818	S1C10H1L.5	test	202.10	201.10	236.59	0.8542
NC_060934.1	40465211	40465380	S1C10H1L.4	test	201.10	200.40	235.76	0.8530
NC_060934.1	40468946	40469115	S1C10H1L.6	test	194.10	194.50	228.82	0.8483
NC_060934.1	40472510	40472681	S1C10H1L.7	test	200.40	199.50	234.71	0.8538
NC_060934.1	40474379	40474548	S1C10H1L.6	test	194.50	194.80	229.18	0.8487
NC_060934.1	40474719	40474887	S1C10H1L.8	test	194.20	194.40	228.71	0.8491
NC_060934.1	40475227	40475397	S1C10H1L.3	test	188.30	190.70	224.35	0.8393
NC_060934.1	40477601	40477772	S1C10H1L.1	test	193.20	194.00	228.24	0.8465
NC_060934.1	40481674	40481844	S1C10H1L.3	test	188.30	190.70	224.35	0.8393
NC_060934.1	40489478	40489649	S1C10H1L.5	test	203.00	201.70	237.29	0.8555
NC_060934.1	40490497	40490668	S1C10H1L.5	test	202.10	201.10	236.59	0.8542
NC_060934.1	40493552	40493723	S1C10H1L.1	test	195.10	196.00	230.59	0.8461
NC_060934.1	40495082	40495251	S1C10H1L.6	test	196.90	196.90	231.65	0.8500
NC_060934.1	40495590	40495761	S1C10H1L.1	test	193.20	194.00	228.24	0.8465
NC_060934.1	40501532	40501701	S1C10H1L.2	test	204.00	202.60	238.35	0.8559
NC_060934.1	40503396	40503567	S1C10H1L.5	test	203.00	201.70	237.29	0.8555
NC_060934.1	40505264	40505432	S1C10H1L.8	test	194.20	194.40	228.71	0.8491
NC_060934.1	40507298	40507467	S1C10H1L.4	test	201.10	200.40	235.76	0.8530
NC_060934.1	40514257	40514428	S1C10H1L.5	test	202.10	201.10	236.59	0.8542
NC_060934.1	40514936	40515107	S1C10H1L.1	test	191.90	193.30	227.41	0.8438
NC_060934.1	40517823	40517992	S1C10H1L.6	test	196.90	196.90	231.65	0.8500
NC_060934.1	40523251	40523420	S1C10H1L.6	test	194.80	195.00	229.41	0.8491
NC_060934.1	40524608	40524777	S1C10H1L.6	test	196.90	196.90	231.65	0.8500
NC_060934.1	40531225	40531396	S1C10H1L.1	test	193.20	194.00	228.24	0.8465
NC_060934.1	40536828	40536996	S1C10H1L.8	test	194.20	194.40	228.71	0.8491
NC_060934.1	40541580	40541748	S1C10H1L.8	test	189.60	190.30	223.88	0.8469
NC_060934.1	40543278	40543447	S1C10H1L.6	test	188.20	189.30	222.71	0.8451
NC_060934.1	40543957	40544126	S1C10H1L.2	test	204.00	202.60	238.35	0.8559
NC_060934.1	40547519	40547690	S1C10H1L.1	test	195.10	196.00	230.59	0.8461
NC_060934.1	40550066	40550235	S1C10H1L.4	test	201.10	200.40	235.76	0.8530
NC_060934.1	40555160	40555328	S1C10H1L.8	test	194.20	194.40	228.71	0.8491
NC_060934.1	40556517	40556685	S1C10H1L.8	test	189.60	190.30	223.88	0.8469
NC_060934.1	40559061	40559232	S1C10H1L.1	test	195.10	196.00	230.59	0.8461
NC_060934.1	40567550	40567721	S1C10H1L.7	test	202.80	201.60	237.18	0.8551
NC_060934.1	40574679	40574850	S1C10H1L.1	test	193.20	194.00	228.24	0.8465
NC_060934.1	40576376	40576547	S1C10H1L.5	test	202.10	201.10	236.59	0.8542
NC_060934.1	40577055	40577226	S1C10H1L.1	test	193.20	194.00	228.24	0.8465
NC_060934.1	40578244	40578412	S1C10H1L.8	test	180.70	183.30	215.65	0.8379
NC_060934.1	40581977	40582145	S1C10H1L.8	test	194.20	194.40	228.71	0.8491
NC_060934.1	40587065	40587234	S1C10H1L.4	test	201.10	200.40	235.76	0.8530
NC_060934.1	40594028	40594198	S1C10H1L.3	test	182.70	186.20	219.06	0.8340
NC_060934.1	40595217	40595385	S1C10H1L.8	test	190.30	191.40	225.18	0.8451
NC_060934.1	40599969	40600139	S1C10H1L.3	test	184.90	188.50	221.76	0.8338
NC_060934.1	40603873	40604044	S1C10H1L.1	test	189.90	191.50	225.29	0.8429
NC_060934.1	40605062	40605230	S1C10H1L.8	test	194.20	194.40	228.71	0.8491
NC_060934.1	40608457	40608626	S1C10H1L.6	test	194.20	194.60	228.94	0.8483
NC_060934.1	40608797	40608965	S1C10H1L.8	test	189.70	190.20	223.76	0.8478
NC_060934.1	40615072	40615243	S1C10H1L.1	test	195.10	196.00	230.59	0.8461
NC_060934.1	40617959	40618128	S1C10H1L.6	test	193.90	194.40	228.71	0.8478
NC_060934.1	40622372	40622541	S1C10H1L.4	test	201.10	200.40	235.76	0.8530
NC_060934.1	40622541	40622712	S1C10H1L.5	test	203.00	201.70	237.29	0.8555
NC_060934.1	40622712	40622881	S1C10H1L.6	test	196.90	196.90	231.65	0.8500
NC_060934.1	40627970	40628141	S1C10H1L.5	test	202.10	201.10	236.59	0.8542
NC_060934.1	40629498	40629667	S1C10H1L.6	test	196.90	196.90	231.65	0.8500
NC_060934.1	40640361	40640529	S1C10H1L.8	test	189.60	190.30	223.88	0.8469
NC_060934.1	40645283	40645453	S1C10H1L.3	test	188.30	190.70	224.35	0.8393
NC_060934.1	40648338	40648509	S1C10H1L.1	test	193.20	194.00	228.24	0.8465
NC_060934.1	40651904	40652073	S1C10H1L.2	test	204.00	202.60	238.35	0.8559
NC_060934.1	40656313	40656481	S1C10H1L.8	test	194.20	194.40	228.71	0.8491
NC_060934.1	40656821	40656991	S1C10H1L.3	test	188.30	190.70	224.35	0.8393
NC_060934.1	40657838	40658009	S1C10H1L.1	test	195.10	196.00	230.59	0.8461
NC_060934.1	40664118	40664287	S1C10H1L.4	test	201.10	200.40	235.76	0.8530
NC_060934.1	40665475	40665644	S1C10H1L.4	test	201.10	200.40	235.76	0.8530
NC_060934.1	40675147	40675318	S1C10H1L.1	test	190.10	191.50	225.29	0.8438
NC_060934.1	40675318	40675487	S1C10H1L.2	test	200.60	199.90	235.18	0.8530
NC_060934.1	40678371	40678540	S1C10H1L.6	test	191.10	192.20	226.12	0.8451
NC_060934.1	40680745	40680914	S1C10H1L.4	test	201.10	200.40	235.76	0.8530
NC_060934.1	40681085	40681254	S1C10H1L.6	test	196.90	196.90	231.65	0.8500
NC_060934.1	40682783	40682952	S1C10H1L.2	test	201.50	200.50	235.88	0.8542
NC_060934.1	40685328	40685498	S1C10H1L.3	test	186.60	189.00	222.35	0.8392
NC_060934.1	40691268	40691437	S1C10H1L.2	test	204.00	202.60	238.35	0.8559
NC_060934.1	40696529	40696700	S1C10H1L.5	test	197.60	197.30	232.12	0.8513
NC_060934.1	40698397	40698565	S1C10H1L.8	test	189.60	190.30	223.88	0.8469
NC_060934.1	40700435	40700603	S1C10H1L.8	test	194.20	194.40	228.71	0.8491
NC_060934.1	40702640	40702811	S1C10H1L.7	test	202.80	201.60	237.18	0.8551
NC_060934.1	40709936	40710105	S1C10H1L.4	test	198.30	197.60	232.47	0.8530
NC_060934.1	40710614	40710783	S1C10H1L.4	test	197.60	197.60	232.47	0.8500
NC_060934.1	40713667	40713836	S1C10H1L.4	test	197.60	197.60	232.47	0.8500
NC_060934.1	40714007	40714176	S1C10H1L.6/2/4	test	197.00	196.40	231.06	0.8526
NC_060934.1	40715364	40715533	S1C10H1L.4	test	198.30	197.60	232.47	0.8530
NC_060934.1	40716382	40716551	S1C10H1L.6/2/4	test	197.00	196.40	231.06	0.8526
NC_060934.1	40718417	40718586	S1C10H1L.4	test	197.60	197.60	232.47	0.8500
NC_060934.1	40718926	40719097	S1C10H1L.5	test	202.10	201.00	236.47	0.8547
NC_060934.1	40719266	40719437	S1C10H1L.7	test	202.80	201.60	237.18	0.8551
NC_060934.1	40727236	40727405	S1C10H1L.6/2/4	test	197.00	196.40	231.06	0.8526
NC_060934.1	40728084	40728255	S1C10H1L.1	test	193.20	194.00	228.24	0.8465
NC_060934.1	40729780	40729951	S1C10H1L.5	test	201.60	201.00	236.47	0.8525
NC_060934.1	40738598	40738769	S1C10H1L.5	test	203.00	201.70	237.29	0.8555
NC_060934.1	40744369	40744540	S1C10H1L.5	test	201.30	200.70	236.12	0.8525
NC_060934.1	40745219	40745388	S1C10H1L.2	test	197.30	197.60	232.47	0.8487
NC_060934.1	40747254	40747423	S1C10H1L.4	test	196.20	196.00	230.59	0.8509
NC_060934.1	40749966	40750135	S1C10H1L.4	test	201.10	200.40	235.76	0.8530
NC_060934.1	40753868	40754039	S1C10H1L.1	test	191.80	192.50	226.47	0.8469
NC_060934.1	40755226	40755397	S1C10H1L.7	test	202.80	201.60	237.18	0.8551
NC_060934.1	40757600	40757771	S1C10H1L.7	test	202.80	201.60	237.18	0.8551
NC_060934.1	40759634	40759805	S1C10H1L.5	test	198.40	198.20	233.18	0.8509
NC_060934.1	40760822	40760991	S1C10H1L.4	test	201.10	200.40	235.76	0.8530
NC_060934.1	40763026	40763197	S1C10H1L.5	test	201.30	200.70	236.12	0.8525
NC_060934.1	40763704	40763875	S1C10H1L.1	test	186.20	188.80	222.12	0.8383
NC_060934.1	40770492	40770662	S1C10H1L.3	test	181.60	184.50	217.06	0.8366
NC_060934.1	40775582	40775753	S1C10H1L.5	test	203.00	201.70	237.29	0.8555
NC_060934.1	40778975	40779146	S1C10H1L.1	test	193.20	194.00	228.24	0.8465
NC_060934.1	40780332	40780503	S1C10H1L.1	test	195.10	196.00	230.59	0.8461
NC_060934.1	40784578	40784746	S1C10H1L.8	test	190.30	190.70	224.35	0.8482
NC_060934.1	40784746	40784917	S1C10H1L.1	test	193.20	194.00	228.24	0.8465
NC_060934.1	40788990	40789159	S1C10H1L.6/2/4	test	197.00	196.40	231.06	0.8526
NC_060934.1	40796624	40796795	S1C10H1L.7	test	202.80	201.60	237.18	0.8551
NC_060934.1	40798320	40798491	S1C10H1L.1	test	189.50	191.20	224.94	0.8424
NC_060934.1	40804770	40804941	S1C10H1L.7	test	202.80	201.60	237.18	0.8551
NC_060934.1	40805109	40805280	S1C10H1L.1	test	193.20	194.00	228.24	0.8465
NC_060934.1	40810194	40810365	S1C10H1L.5	test	192.20	193.10	227.18	0.8460
NC_060934.1	40810534	40810705	S1C10H1L.1	test	195.10	196.00	230.59	0.8461
NC_060934.1	40812910	40813080	S1C10H1L.3	test	188.30	190.70	224.35	0.8393
NC_060934.1	40817154	40817323	S1C10H1L.6	test	193.50	194.10	228.35	0.8474
NC_060934.1	40820716	40820887	S1C10H1L.1	test	190.40	191.70	225.53	0.8442
NC_060934.1	40821565	40821734	S1C10H1L.6	test	196.90	196.90	231.65	0.8500
NC_060934.1	40822413	40822584	S1C10H1L.5	test	202.10	201.10	236.59	0.8542
NC_060934.1	40823092	40823263	S1C10H1L.1	test	193.20	194.00	228.24	0.8465
NC_060934.1	40824958	40825127	S1C10H1L.4	test	198.00	197.80	232.71	0.8509
NC_060934.1	40830725	40830894	S1C10H1L.2	test	204.00	202.60	238.35	0.8559
NC_060934.1	40832929	40833100	S1C10H1L.5	test	201.30	200.70	236.12	0.8525
NC_060934.1	40833100	40833269	S1C10H1L.6	test	196.90	196.90	231.65	0.8500
NC_060934.1	40834117	40834286	S1C10H1L.4	test	200.90	200.20	235.53	0.8530
NC_060934.1	40834286	40834457	S1C10H1L.5	test	198.00	197.90	232.82	0.8504
NC_060934.1	40834796	40834964	S1C10H1L.8	test	194.20	194.40	228.71	0.8491
NC_060934.1	40843957	40844126	S1C10H1L.6	test	194.40	194.50	228.82	0.8496
NC_060934.1	40844297	40844465	S1C10H1L.8	test	191.50	192.00	225.88	0.8478
NC_060934.1	40845654	40845822	S1C10H1L.6	test	185.40	186.80	219.76	0.8436
NC_060934.1	40845993	40846161	S1C10H1L.8	test	194.20	194.40	228.71	0.8491
NC_060934.1	40847179	40847350	S1C10H1L.7	test	193.80	194.50	228.82	0.8469
NC_060934.1	40855322	40855491	S1C10H1L.6	test	193.60	194.40	228.71	0.8465
NC_060934.1	40857527	40857698	S1C10H1L.1	test	190.00	191.70	225.53	0.8425
NC_060934.1	40865166	40865335	S1C10H1L.6	test	194.10	194.70	229.06	0.8474
NC_060934.1	40865845	40866014	S1C10H1L.6/2/4	test	193.60	193.60	227.76	0.8500
NC_060934.1	40866014	40866185	S1C10H1L.5	test	195.90	196.20	230.82	0.8487
NC_060934.1	40867203	40867372	S1C10H1L.6	test	196.90	196.90	231.65	0.8500
NC_060934.1	40867543	40867711	S1C10H1L.8	test	184.30	185.80	218.59	0.8431
NC_060934.1	40868051	40868222	S1C10H1L.5	test	201.30	200.70	236.12	0.8525
NC_060934.1	40871784	40871955	S1C10H1L.5	test	203.00	201.70	237.29	0.8555
NC_060934.1	40873143	40873314	S1C10H1L.7	test	202.80	201.60	237.18	0.8551
NC_060934.1	40876366	40876535	S1C10H1L.6	test	190.90	192.00	225.88	0.8451
NC_060934.1	40877044	40877213	S1C10H1L.6	test	194.20	194.00	228.24	0.8509
NC_060934.1	40877213	40877384	S1C10H1L.7	test	200.80	199.70	234.94	0.8547
NC_060934.1	40879249	40879420	S1C10H1L.5	test	201.30	200.70	236.12	0.8525
NC_060934.1	40883661	40883831	S1C10H1L.3	test	185.70	188.50	221.76	0.8374
NC_060934.1	40883830	40883998	S1C10H1L.4	test	192.40	193.40	227.53	0.8456
NC_060934.1	40885865	40886034	S1C10H1L.6	test	190.50	192.40	226.35	0.8416
NC_060934.1	40892654	40892822	S1C10H1L.8	test	191.50	192.00	225.88	0.8478
NC_060934.1	40894689	40894860	S1C10H1L.6	test	188.10	190.50	224.12	0.8393
NC_060934.1	40897916	40898086	S1C10H1L.3	test	189.90	191.30	225.06	0.8438
NC_060934.1	40898933	40899104	S1C10H1L.1	test	182.40	185.00	217.65	0.8381
NC_060934.1	40899444	40899613	S1C10H1L.6/8	test	190.30	192.40	226.35	0.8407
NC_060934.1	40900800	40900968	S1C10H1L.8	test	184.90	185.90	218.71	0.8454
NC_060934.1	40901308	40901479	S1C10H1L.5	test	201.30	200.70	236.12	0.8525
NC_060934.1	40907418	40907589	S1C10H1L.5	test	194.30	195.50	230.00	0.8448
NC_060934.1	40907758	40907929	S1C10H1L.1	test	181.70	185.00	217.65	0.8348
NC_060934.1	40921843	40922012	S1C10H1L.6	test	193.60	194.40	228.71	0.8465
NC_060934.1	40923705	40923875	S1C10H1L.3	test	188.30	190.70	224.35	0.8393
NC_060934.1	40929641	40929810	S1C10H1L.6	test	196.40	196.50	231.18	0.8496
NC_060934.1	40931338	40931507	S1C10H1L.6/8	test	191.70	192.10	226.00	0.8482
NC_060934.1	40932016	40932185	S1C10H1L.4	test	200.90	200.20	235.53	0.8530
NC_060934.1	40942370	40942541	S1C10H1L.5	test	201.10	199.80	235.06	0.8555
NC_060934.1	40950516	40950685	S1C10H1L.4	test	198.00	197.80	232.71	0.8509
NC_060934.1	40951196	40951364	S1C10H1L.8	test	194.20	194.40	228.71	0.8491
NC_060934.1	40951364	40951535	S1C10H1L.1	test	193.20	194.00	228.24	0.8465
NC_060934.1	40954417	40954588	S1C10H1L.5	test	196.10	196.80	231.53	0.8470
NC_060934.1	40956624	40956793	S1C10H1L.6	test	196.40	196.50	231.18	0.8496
NC_060934.1	40962730	40962899	S1C10H1L.6/2/4	test	199.80	198.70	233.76	0.8547
NC_060934.1	40965275	40965446	S1C10H1L.5	test	199.70	199.50	234.71	0.8509
NC_060934.1	40965784	40965953	S1C10H1L.4	test	199.70	199.20	234.35	0.8521
NC_060934.1	40966124	40966293	S1C10H1L.6	test	195.50	195.40	229.88	0.8504
NC_060934.1	40969009	40969179	S1C10H1L.3	test	193.50	195.00	229.41	0.8435
NC_060934.1	40969347	40969518	S1C10H1L.7	test	200.40	199.40	234.59	0.8543
NC_060934.1	40973081	40973252	S1C10H1L.7	test	199.70	199.30	234.47	0.8517
NC_060934.1	40980546	40980717	S1C10H1L.1	test	193.20	194.00	228.24	0.8465
NC_060934.1	40982413	40982582	S1C10H1L.6	test	196.90	196.90	231.65	0.8500
NC_060934.1	40984111	40984280	S1C10H1L.2	test	204.00	202.60	238.35	0.8559
NC_060934.1	40984618	40984789	S1C10H1L.5	test	199.60	199.20	234.35	0.8517
NC_060934.1	40986147	40986315	S1C10H1L.8	test	194.20	194.40	228.71	0.8491
NC_060934.1	40989541	40989709	S1C10H1L.8	test	186.80	188.10	221.29	0.8441
NC_060934.1	40990728	40990899	S1C10H1L.1	test	193.20	194.00	228.24	0.8465
NC_060934.1	40996329	40996497	S1C10H1L.8	test	185.80	187.20	220.24	0.8436
NC_060934.1	40997684	40997853	S1C10H1L.4	test	201.10	200.40	235.76	0.8530
NC_060934.1	41004135	41004304	S1C10H1L.2	test	197.20	197.20	232.00	0.8500
NC_060934.1	41011768	41011939	S1C10H1L.5	test	199.70	199.50	234.71	0.8509
NC_060934.1	41024842	41025010	S1C10H1L.8	test	189.60	190.30	223.88	0.8469
NC_060934.1	41031798	41031969	S1C10H1L.5	test	196.00	196.20	230.82	0.8491
NC_060934.1	41031969	41032137	S1C10H1L.6	test	196.00	195.60	230.12	0.8517
NC_060934.1	41036890	41037061	S1C10H1L.5	test	201.10	199.80	235.06	0.8555
NC_060934.1	41041815	41041984	S1C10H1L.6	test	193.60	194.30	228.59	0.8469
NC_060934.1	41049112	41049283	S1C10H1L.1	test	188.60	190.90	224.59	0.8398
NC_060934.1	41049963	41050131	S1C10H1L.8	test	186.50	188.10	221.29	0.8428
NC_060934.1	41053187	41053358	S1C10H1L.5	test	197.80	198.20	233.18	0.8483
NC_060934.1	41054546	41054717	S1C10H1L.7	test	202.80	201.60	237.18	0.8551
NC_060934.1	41056415	41056584	S1C10H1L.6	test	196.90	196.90	231.65	0.8500
NC_060934.1	41063207	41063376	S1C10H1L.6	test	194.10	194.70	229.06	0.8474
NC_060934.1	41063715	41063886	S1C10H1L.1	test	195.10	196.00	230.59	0.8461
NC_060934.1	41071353	41071521	S1C10H1L.8	test	184.30	186.10	218.94	0.8418
NC_060934.1	41072539	41072710	S1C10H1L.5	test	188.50	191.10	224.82	0.8384
NC_060934.1	41073897	41074068	S1C10H1L.1	test	189.90	191.60	225.41	0.8425
NC_060934.1	41080005	41080176	S1C10H1L.1	test	195.10	196.00	230.59	0.8461
NC_060934.1	41082891	41083060	S1C10H1L.6/8	test	190.50	191.70	225.53	0.8447
NC_060934.1	41083400	41083570	S1C10H1L.3	test	191.70	193.10	227.18	0.8438
NC_060934.1	41089170	41089341	S1C10H1L.7	test	202.80	201.60	237.18	0.8551
NC_060934.1	41091545	41091716	S1C10H1L.1	test	184.70	187.50	220.59	0.8373
NC_060934.1	41095787	41095956	S1C10H1L.6	test	193.90	194.40	228.71	0.8478
NC_060934.1	41100537	41100705	S1C10H1L.8	test	189.60	190.30	223.88	0.8469
NC_060934.1	41101216	41101385	S1C10H1L.6/8	test	190.50	191.70	225.53	0.8447
NC_060934.1	41112245	41112416	S1C10H1L.7	test	200.80	199.70	234.94	0.8547
NC_060934.1	41115978	41116149	S1C10H1L.5	test	197.80	197.60	232.47	0.8509
NC_060934.1	41117677	41117848	S1C10H1L.7	test	202.80	201.60	237.18	0.8551
NC_060934.1	41122940	41123109	S1C10H1L.6	test	193.60	194.20	228.47	0.8474
NC_060934.1	41125654	41125823	S1C10H1L.6/2/4	test	194.80	194.40	228.71	0.8517
NC_060934.1	41128708	41128877	S1C10H1L.4/2/4	test	189.20	190.70	224.35	0.8433
NC_060934.1	41128877	41129048	S1C10H1L.5	test	197.90	198.20	233.18	0.8487
NC_060934.1	41132783	41132951	S1C10H1L.8	test	191.00	191.80	225.65	0.8465
NC_060934.1	41135498	41135666	S1C10H1L.8	test	189.60	190.30	223.88	0.8469
NC_060934.1	41138215	41138384	S1C10H1L.6	test	196.90	196.90	231.65	0.8500
NC_060934.1	41139234	41139403	S1C10H1L.6	test	191.10	192.20	226.12	0.8451
NC_060934.1	41140760	41140931	S1C10H1L.5	test	201.30	200.70	236.12	0.8525
NC_060934.1	41143987	41144155	S1C10H1L.8	test	189.60	190.30	223.88	0.8469
NC_060934.1	41153149	41153317	S1C10H1L.8	test	191.00	191.80	225.65	0.8465
NC_060934.1	41154675	41154846	S1C10H1L.7	test	202.80	201.60	237.18	0.8551
NC_060934.1	41154846	41155014	S1C10H1L.8	test	194.20	194.40	228.71	0.8491
NC_060934.1	41157901	41158070	S1C10H1L.6	test	193.60	194.60	228.94	0.8456
NC_060934.1	41163334	41163503	S1C10H1L.6/2/4	test	186.20	187.00	220.00	0.8464
NC_060934.1	41171988	41172158	S1C10H1L.3	test	183.40	186.50	219.41	0.8359
NC_060934.1	41172837	41173006	S1C10H1L.6	test	196.90	196.90	231.65	0.8500
NC_060934.1	41173685	41173855	S1C10H1L.3	test	188.30	190.70	224.35	0.8393
NC_060934.1	41174023	41174194	S1C10H1L.5	test	201.10	199.80	235.06	0.8555
NC_060934.1	41178436	41178606	S1C10H1L.3	test	188.30	190.70	224.35	0.8393
NC_060934.1	41178774	41178945	S1C10H1L.5	test	197.40	196.80	231.53	0.8526
NC_060934.1	41182168	41182338	S1C10H1L.3	test	188.30	190.70	224.35	0.8393
NC_060934.1	41189636	41189807	S1C10H1L.1	test	193.20	194.00	228.24	0.8465
NC_060934.1	41192522	41192691	S1C10H1L.6	test	195.60	195.40	229.88	0.8509
NC_060934.1	41192862	41193030	S1C10H1L.8	test	191.00	191.80	225.65	0.8465
NC_060934.1	41203211	41203382	S1C10H1L.5	test	201.30	200.70	236.12	0.8525
NC_060934.1	41212039	41212210	S1C10H1L.7	test	197.90	197.20	232.00	0.8530
NC_060934.1	41212887	41213056	S1C10H1L.4	test	200.90	200.20	235.53	0.8530
NC_060934.1	41216961	41217130	S1C10H1L.6	test	196.90	196.90	231.65	0.8500
NC_060934.1	41217809	41217979	S1C10H1L.3	test	188.30	190.70	224.35	0.8393
NC_060934.1	41224766	41224934	S1C10H1L.8	test	189.60	190.30	223.88	0.8469
NC_060934.1	41226801	41226970	S1C10H1L.6/2/4	test	194.80	194.40	228.71	0.8517
NC_060934.1	41226970	41227141	S1C10H1L.5	test	199.50	199.00	234.12	0.8521
NC_060934.1	41232400	41232571	S1C10H1L.5	test	197.80	197.60	232.47	0.8509
NC_060934.1	41232571	41232740	S1C10H1L.6	test	194.50	194.80	229.18	0.8487
NC_060934.1	41234607	41234776	S1C10H1L.4	test	198.30	197.60	232.47	0.8530
NC_060934.1	41236305	41236474	S1C10H1L.6	test	193.60	194.30	228.59	0.8469
NC_060934.1	41238343	41238512	S1C10H1L.6	test	193.60	194.60	228.94	0.8456
NC_060934.1	41241738	41241907	S1C10H1L.6/2/4	test	193.70	193.50	227.65	0.8509
NC_060934.1	41243097	41243266	S1C10H1L.6	test	191.80	192.60	226.59	0.8465
NC_060934.1	41248188	41248357	S1C10H1L.6	test	195.60	195.40	229.88	0.8509
NC_060934.1	41249205	41249374	S1C10H1L.4	test	196.10	196.00	230.59	0.8504
NC_060934.1	41250731	41250902	S1C10H1L.5	test	198.00	197.90	232.82	0.8504
NC_060934.1	41252600	41252769	S1C10H1L.2	test	204.00	202.60	238.35	0.8559
NC_060934.1	41255482	41255653	S1C10H1L.5	test	198.20	197.40	232.24	0.8534
NC_060934.1	41257519	41257690	S1C10H1L.7	test	199.70	199.00	234.12	0.8530
NC_060934.1	41262610	41262781	S1C10H1L.1	test	192.00	193.50	227.65	0.8434
NC_060934.1	41263799	41263968	S1C10H1L.2	test	201.50	200.50	235.88	0.8542
NC_060934.1	41268379	41268549	S1C10H1L.3	test	186.60	189.00	222.35	0.8392
NC_060934.1	41268548	41268717	S1C10H1L.4	test	197.90	197.90	232.82	0.8500
NC_060934.1	41268717	41268888	S1C10H1L.5	test	201.10	199.80	235.06	0.8555
NC_060934.1	41271093	41271264	S1C10H1L.1	test	193.20	194.00	228.24	0.8465
NC_060934.1	41271433	41271603	S1C10H1L.3	test	185.10	188.20	221.41	0.8360
NC_060934.1	41272961	41273130	S1C10H1L.6	test	190.30	191.90	225.76	0.8429
NC_060934.1	41273978	41274147	S1C10H1L.4	test	201.10	200.40	235.76	0.8530
NC_060934.1	41276694	41276863	S1C10H1L.2	test	197.70	196.90	231.65	0.8535
NC_060934.1	41278900	41279070	S1C10H1L.3	test	197.30	197.80	232.71	0.8479
NC_060934.1	41281614	41281785	S1C10H1L.1	test	195.10	196.00	230.59	0.8461
NC_060934.1	41285006	41285177	S1C10H1L.5	test	201.10	199.80	235.06	0.8555
NC_060934.1	41285517	41285686	S1C10H1L.6	test	195.10	195.00	229.41	0.8504
NC_060934.1	41287214	41287383	S1C10H1L.6	test	196.90	196.90	231.65	0.8500
NC_060934.1	41290776	41290946	S1C10H1L.3	test	183.40	186.50	219.41	0.8359
NC_060934.1	41291625	41291794	S1C10H1L.6	test	196.90	196.90	231.65	0.8500
NC_060934.1	41293830	41294000	S1C10H1L.3	test	197.30	197.80	232.71	0.8479
NC_060934.1	41298072	41298241	S1C10H1L.2	test	200.10	199.50	234.71	0.8526
NC_060934.1	41301126	41301295	S1C10H1L.2	test	200.10	199.50	234.71	0.8526
NC_060934.1	41302483	41302652	S1C10H1L.2	test	201.80	200.60	236.00	0.8551
NC_060934.1	41302821	41302990	S1C10H1L.4	test	198.30	197.60	232.47	0.8530
NC_060934.1	41303841	41304009	S1C10H1L.8	test	189.60	190.30	223.88	0.8469
NC_060934.1	41304687	41304858	S1C10H1L.5	test	198.00	197.90	232.82	0.8504
NC_060934.1	41307574	41307742	S1C10H1L.8	test	194.20	194.40	228.71	0.8491
NC_060934.1	41311136	41311307	S1C10H1L.1	test	193.30	194.20	228.47	0.8461
NC_060934.1	41312154	41312325	S1C10H1L.5	test	201.30	200.70	236.12	0.8525
NC_060934.1	41330482	41330652	S1C10H1L.3	test	189.20	191.50	225.29	0.8398
NC_060934.1	41336930	41337101	S1C10H1L.1	test	190.40	191.90	225.76	0.8434
NC_060934.1	41346942	41347111	S1C10H1L.2	test	194.40	194.10	228.35	0.8513
NC_060934.1	41348979	41349148	S1C10H1L.2	test	200.50	199.80	235.06	0.8530
NC_060934.1	41356953	41357124	S1C10H1L.5	test	197.80	197.30	232.12	0.8522
NC_060934.1	41358312	41358483	S1C10H1L.7	test	198.90	197.80	232.71	0.8547
NC_060934.1	41363234	41363403	S1C10H1L.6	test	194.30	195.20	229.65	0.8461
NC_060934.1	41364082	41364252	S1C10H1L.3	test	183.20	186.20	219.06	0.8363
NC_060934.1	41367476	41367647	S1C10H1L.7	test	202.80	201.60	237.18	0.8551
NC_060934.1	41370530	41370700	S1C10H1L.3	test	188.30	190.70	224.35	0.8393
NC_060934.1	41370868	41371039	S1C10H1L.5	test	201.10	199.80	235.06	0.8555
NC_060934.1	41372905	41373076	S1C10H1L.5	test	201.30	200.70	236.12	0.8525
NC_060934.1	41373076	41373245	S1C10H1L.6	test	196.90	196.90	231.65	0.8500
NC_060934.1	41375959	41376130	S1C10H1L.5	test	201.30	200.70	236.12	0.8525
NC_060934.1	41377147	41377316	S1C10H1L.4	test	201.10	200.40	235.76	0.8530
NC_060934.1	41377316	41377487	S1C10H1L.5	test	203.00	201.70	237.29	0.8555
NC_060934.1	41378335	41378506	S1C10H1L.1	test	193.30	194.20	228.47	0.8461
NC_060934.1	41380203	41380372	S1C10H1L.2	test	202.60	201.10	236.59	0.8563
NC_060934.1	41382918	41383087	S1C10H1L.6	test	196.90	196.90	231.65	0.8500
NC_060934.1	41384784	41384955	S1C10H1L.7	test	202.80	201.60	237.18	0.8551
NC_060934.1	41388346	41388515	S1C10H1L.4	test	200.60	199.80	235.06	0.8534
NC_060934.1	41389194	41389364	S1C10H1L.1	test	186.00	188.90	222.24	0.8370
NC_060934.1	41394116	41394285	S1C10H1L.6	test	190.10	191.50	225.29	0.8438
NC_060934.1	41398698	41398869	S1C10H1L.7	test	189.10	191.40	225.18	0.8398
NC_060934.1	41401078	41401247	S1C10H1L.2	test	197.80	197.50	232.35	0.8513
NC_060934.1	41402604	41402774	S1C10H1L.3	test	194.10	195.50	230.00	0.8439
NC_060934.1	41405489	41405657	S1C10H1L.8	test	187.90	189.00	222.35	0.8451
NC_060934.1	41410239	41410408	S1C10H1L.2	test	200.60	199.90	235.18	0.8530
NC_060934.1	41410917	41411086	S1C10H1L.6/2/4	test	199.80	198.70	233.76	0.8547
NC_060934.1	41413293	41413462	S1C10H1L.4	test	195.20	195.30	229.76	0.8496
NC_060934.1	41413973	41414142	S1C10H1L.6	test	192.30	193.10	227.18	0.8465
NC_060934.1	41419572	41419743	S1C10H1L.1	test	188.20	189.90	223.41	0.8424
NC_060934.1	41424492	41424661	S1C10H1L.6	test	193.60	194.60	228.94	0.8456
NC_060934.1	41427715	41427886	S1C10H1L.5	test	201.30	200.70	236.12	0.8525
NC_060934.1	41429583	41429751	S1C10H1L.8	test	194.20	194.40	228.71	0.8491
NC_060934.1	41434333	41434501	S1C10H1L.8	test	186.30	187.80	220.94	0.8432
NC_060934.1	41434501	41434672	S1C10H1L.1	test	186.30	188.20	221.41	0.8414
NC_060934.1	41444174	41444342	S1C10H1L.8	test	186.10	186.80	219.76	0.8468
NC_060934.1	41444680	41444850	S1C10H1L.3	test	191.30	193.30	227.41	0.8412
NC_060934.1	41445018	41445189	S1C10H1L.5	test	200.60	199.60	234.82	0.8543
NC_060934.1	41458761	41458930	S1C10H1L.4	test	200.90	200.20	235.53	0.8530
NC_060934.1	41466906	41467075	S1C10H1L.2	test	195.90	195.70	230.24	0.8509
NC_060934.1	41470297	41470465	S1C10H1L.8	test	189.60	190.30	223.88	0.8469
NC_060934.1	41471145	41471316	S1C10H1L.1	test	190.40	191.90	225.76	0.8434
NC_060934.1	41473689	41473857	S1C10H1L.8	test	189.60	190.30	223.88	0.8469
NC_060934.1	41475215	41475386	S1C10H1L.5	test	203.00	201.70	237.29	0.8555
NC_060934.1	41481493	41481661	S1C10H1L.8	test	186.10	186.80	219.76	0.8468
NC_060934.1	41487595	41487763	S1C10H1L.8	test	189.60	190.30	223.88	0.8469
NC_060934.1	41495229	41495399	S1C10H1L.3	test	195.20	195.70	230.24	0.8478
NC_060934.1	41496246	41496417	S1C10H1L.1	test	193.20	194.00	228.24	0.8465
NC_060934.1	41497943	41498114	S1C10H1L.7	test	189.10	191.40	225.18	0.8398
NC_060934.1	41498114	41498282	S1C10H1L.8	test	189.60	190.30	223.88	0.8469
NC_060934.1	41499470	41499639	S1C10H1L.4	test	202.90	201.90	237.53	0.8542
NC_060934.1	41499639	41499810	S1C10H1L.5	test	197.90	197.40	232.24	0.8522
NC_060934.1	41502697	41502868	S1C10H1L.5	test	194.10	195.10	229.53	0.8456
NC_060934.1	41503375	41503546	S1C10H1L.1	test	191.40	192.20	226.12	0.8465
NC_060934.1	41505073	41505243	S1C10H1L.3	test	184.80	188.10	221.29	0.8351
NC_060934.1	41505582	41505751	S1C10H1L.6/2/4	test	194.20	193.90	228.12	0.8513
NC_060934.1	41508127	41508298	S1C10H1L.1	test	191.40	192.20	226.12	0.8465
NC_060934.1	41512539	41512709	S1C10H1L.3	test	188.30	190.70	224.35	0.8393
NC_060934.1	41513897	41514067	S1C10H1L.3	test	184.80	188.10	221.29	0.8351
NC_060934.1	41518141	41518310	S1C10H1L.6	test	191.60	192.30	226.24	0.8469
NC_060934.1	41522214	41522383	S1C10H1L.6/8	test	196.40	197.00	231.76	0.8474
NC_060934.1	41524416	41524587	S1C10H1L.5	test	200.20	199.40	234.59	0.8534
NC_060934.1	41524927	41525095	S1C10H1L.8	test	189.50	190.00	223.53	0.8478
NC_060934.1	41533073	41533242	S1C10H1L.6	test	190.10	191.60	225.41	0.8433
NC_060934.1	41536975	41537145	S1C10H1L.3	test	182.30	186.00	218.82	0.8331
NC_060934.1	41538164	41538332	S1C10H1L.8	test	185.10	186.10	218.94	0.8454
NC_060934.1	41542068	41542239	S1C10H1L.5	test	199.70	199.50	234.71	0.8509
NC_060934.1	41542579	41542748	S1C10H1L.6	test	189.80	190.70	224.35	0.8460
NC_060934.1	41543597	41543766	S1C10H1L.6	test	196.90	196.90	231.65	0.8500
NC_060934.1	41545295	41545464	S1C10H1L.2	test	199.30	198.30	233.29	0.8543
NC_060934.1	41548179	41548350	S1C10H1L.7	test	194.60	194.80	229.18	0.8491
NC_060934.1	41548350	41548518	S1C10H1L.8	test	180.00	182.40	214.59	0.8388
NC_060934.1	41549369	41549537	S1C10H1L.8	test	185.10	186.50	219.41	0.8436
NC_060934.1	41549537	41549708	S1C10H1L.1	test	192.60	193.80	228.00	0.8447
NC_060934.1	41555479	41555648	S1C10H1L.6	test	196.90	196.90	231.65	0.8500
NC_060934.1	41558533	41558702	S1C10H1L.6	test	194.30	195.20	229.65	0.8461
NC_060934.1	41573299	41573469	S1C10H1L.3	test	195.20	195.70	230.24	0.8478
NC_060934.1	41575334	41575505	S1C10H1L.5	test	197.70	198.00	232.94	0.8487
NC_060934.1	41579579	41579747	S1C10H1L.8	test	183.40	185.20	217.88	0.8417
NC_060934.1	41583314	41583483	S1C10H1L.6	test	196.90	196.90	231.65	0.8500
NC_060934.1	41590273	41590444	S1C10H1L.5	test	197.10	197.30	232.12	0.8491
NC_060934.1	41598083	41598254	S1C10H1L.1	test	193.30	194.20	228.47	0.8461
NC_060934.1	41598423	41598594	S1C10H1L.5	test	192.70	193.90	228.12	0.8447
NC_060934.1	41600120	41600291	S1C10H1L.1	test	191.30	193.20	227.29	0.8416
NC_060934.1	41601306	41601474	S1C10H1L.8	test	189.60	190.30	223.88	0.8469
NC_060934.1	41603510	41603681	S1C10H1L.1	test	191.30	193.20	227.29	0.8416
NC_060934.1	41604699	41604867	S1C10H1L.8	test	189.60	190.30	223.88	0.8469
NC_060934.1	41606221	41606392	S1C10H1L.1	test	193.30	194.20	228.47	0.8461
NC_060934.1	41606732	41606900	S1C10H1L.6/8	test	187.80	188.80	222.12	0.8455
NC_060934.1	41609277	41609447	S1C10H1L.3	test	188.50	190.80	224.47	0.8398
NC_060934.1	41613185	41613354	S1C10H1L.6	test	194.30	195.20	229.65	0.8461
NC_060934.1	41617594	41617763	S1C10H1L.6/8	test	196.40	196.40	231.06	0.8500
NC_060934.1	41617763	41617934	S1C10H1L.1	test	185.00	187.50	220.59	0.8387
NC_060934.1	41619296	41619465	S1C10H1L.2	test	203.20	202.10	237.76	0.8546
NC_060934.1	41622011	41622180	S1C10H1L.6	test	194.30	195.20	229.65	0.8461
NC_060934.1	41625914	41626084	S1C10H1L.3	test	189.10	190.90	224.59	0.8420
NC_060934.1	41626931	41627102	S1C10H1L.1	test	189.50	191.20	224.94	0.8424
NC_060934.1	41627609	41627780	S1C10H1L.5	test	193.30	193.80	228.00	0.8478
NC_060934.1	41631342	41631513	S1C10H1L.7	test	198.40	197.40	232.24	0.8543
NC_060934.1	41634054	41634225	S1C10H1-B.7	test	190.30	192.00	225.88	0.8425
NC_060934.1	41634394	41634563	S1C10H1-B.1	test	188.00	189.90	223.41	0.8415
NC_060934.1	41639656	41639825	S1C10H1L.2	test	199.50	198.80	233.88	0.8530
NC_060934.1	41652555	41652724	S1C10H1L.2	test	204.00	202.60	238.35	0.8559
NC_060934.1	41656795	41656965	S1C10H1L.3	test	191.10	192.00	225.88	0.8460
NC_060934.1	41660353	41660522	S1C10H1-B.8	test	191.20	192.50	226.47	0.8443
NC_060934.1	41664251	41664421	S1C10H1L.3	test	197.30	197.80	232.71	0.8479
NC_060934.1	41665099	41665268	S1C10H1-B.4	test	193.40	193.90	228.12	0.8478
NC_060934.1	41665439	41665605	S1C10H1-B.2	test	188.10	188.60	221.88	0.8477
NC_060934.1	41669676	41669846	S1C10H1-B.3	test	199.10	199.20	234.35	0.8496
NC_060934.1	41673407	41673576	S1C10H1-B.1	test	200.30	199.60	234.82	0.8530
NC_060934.1	41678831	41679002	S1C10H1-B.5	test	198.20	198.30	233.29	0.8496
NC_060934.1	41684257	41684428	S1C10H1-B.7	test	202.30	201.30	236.82	0.8542
NC_060934.1	41685445	41685614	S1C10H1-B.2	test	203.10	202.10	237.76	0.8542
NC_060934.1	41685953	41686124	S1C10H1-B.5	test	205.20	203.80	239.76	0.8558
NC_060934.1	41691891	41692060	S1C10H1-B.2	test	203.10	202.00	237.65	0.8546
NC_060934.1	41693757	41693928	S1C10H1-B.7	test	202.30	201.30	236.82	0.8542
NC_060934.1	41694266	41694435	S1C10H1-B.2	test	203.10	202.00	237.65	0.8546
NC_060934.1	41696472	41696641	S1C10H1-B.1	test	194.20	194.40	228.71	0.8491
NC_060934.1	41696641	41696810	S1C10H1-B.2	test	203.10	202.00	237.65	0.8546
NC_060934.1	41697320	41697489	S1C10H1-B.2	test	203.10	202.10	237.76	0.8542
NC_060934.1	41698507	41698678	S1C10H1-B.7	test	202.30	201.30	236.82	0.8542
NC_060934.1	41705289	41705460	S1C10H1-B.7	test	197.80	198.00	232.94	0.8491
NC_060934.1	41705629	41705800	S1C10H1-B.7	test	202.30	201.30	236.82	0.8542
NC_060934.1	41708175	41708344	S1C10H1-B.8	test	198.70	199.00	234.12	0.8487
NC_060934.1	41711904	41712073	S1C10H1-B.4	test	198.00	198.40	233.41	0.8483
NC_060934.1	41713261	41713430	S1C10H1-B.2	test	203.10	202.00	237.65	0.8546
NC_060934.1	41716482	41716652	S1C10H1-B.3	test	195.90	196.90	231.65	0.8457
NC_060934.1	41718688	41718857	S1C10H1-B.2	test	203.10	202.10	237.76	0.8542
NC_060934.1	41728695	41728865	S1C10H1-B.3	test	195.30	196.40	231.06	0.8452
NC_060934.1	41729373	41729544	S1C10H1-B.7	test	197.80	198.00	232.94	0.8491
NC_060934.1	41729884	41730053	S1C10H1-B.8	test	198.70	199.00	234.12	0.8487
NC_060934.1	41730730	41730901	S1C10H1-B.5	test	205.70	204.10	240.12	0.8567
NC_060934.1	41733785	41733956	S1C10H1-B.5	test	203.60	202.20	237.88	0.8559
NC_060934.1	41740571	41740741	S1C10H1-B.3	test	195.50	196.40	231.06	0.8461
NC_060934.1	41742438	41742607	S1C10H1-B.4	test	201.70	200.50	235.88	0.8551
NC_060934.1	41742607	41742778	S1C10H1-B.5	test	205.70	204.10	240.12	0.8567
NC_060934.1	41745492	41745661	S1C10H1-B.4	test	201.90	201.30	236.82	0.8525
NC_060934.1	41752278	41752444	S1C10H1-B.2	test	190.40	190.70	224.35	0.8487
NC_060934.1	41753293	41753462	S1C10H1-B.6	test	191.80	192.70	226.71	0.8460
NC_060934.1	41753802	41753971	S1C10H1-B.1	test	194.40	194.60	228.94	0.8491
NC_060934.1	41755835	41756006	S1C10H1-B.7	test	202.30	201.30	236.82	0.8542
NC_060934.1	41756006	41756175	S1C10H1-B.8	test	198.70	199.00	234.12	0.8487
NC_060934.1	41758210	41758381	S1C10H1-B.7	test	202.30	201.30	236.82	0.8542
NC_060934.1	41760245	41760416	S1C10H1-B.7	test	197.80	198.00	232.94	0.8491
NC_060934.1	41762620	41762791	S1C10H1-B.7	test	197.80	198.00	232.94	0.8491
NC_060934.1	41763469	41763638	S1C10H1-B.2	test	203.10	202.00	237.65	0.8546
NC_060934.1	41765506	41765675	S1C10H1-B.8	test	198.70	199.00	234.12	0.8487
NC_060934.1	41773816	41773986	S1C10H1-B.3	test	199.10	199.20	234.35	0.8496
NC_060934.1	41776869	41777040	S1C10H1-B.7	test	200.20	199.40	234.59	0.8534
NC_060934.1	41788067	41788238	S1C10H1-C.3	test	196.60	197.00	231.76	0.8483
NC_060934.1	41789765	41789936	S1C10H1-C.5	test	196.70	195.80	230.35	0.8539
NC_060934.1	41790105	41790276	S1C10H1L.7/5	test	198.40	198.40	233.41	0.8500
NC_060934.1	41792820	41792991	S1C10H1-C.3	test	195.70	196.00	230.59	0.8487
NC_060934.1	41795533	41795704	S1C10H1-C.1	test	195.40	195.00	229.41	0.8517
NC_060934.1	41800965	41801136	S1C10H1-C.3	test	195.70	196.00	230.59	0.8487
NC_060934.1	41810129	41810300	S1C10H1-C.1	test	190.40	191.20	224.94	0.8464
NC_060934.1	41810641	41810810	S1C10H1-C.4	test	188.20	189.10	222.47	0.8460
NC_060934.1	41814545	41814716	S1C10H1L.7/5	test	204.80	203.40	239.29	0.8559
NC_060934.1	41820827	41820996	S1C10H1-C.6	test	192.30	193.20	227.29	0.8460
NC_060934.1	41821334	41821505	S1C10H1-C.1	test	188.90	189.70	223.18	0.8464
NC_060934.1	41822694	41822864	S1C10H1-C.7	test	186.20	187.20	220.24	0.8455
NC_060934.1	41826598	41826767	S1C10H1-C.2	test	193.10	193.20	227.29	0.8496
NC_060934.1	41828805	41828975	S1C10H1-C.7	test	194.00	194.70	229.06	0.8469
NC_060934.1	41829483	41829654	S1C10H1-C.3	test	186.90	189.60	223.06	0.8379
NC_060934.1	41829823	41829994	S1C10H1-C.5	test	200.90	199.80	235.06	0.8547
NC_060934.1	41835762	41835931	S1C10H1-C.2	test	191.70	192.00	225.88	0.8487
NC_060934.1	41837120	41837289	S1C10H1-C.2	test	196.10	196.00	230.59	0.8504
NC_060934.1	41841362	41841532	S1C10H1-C.7	test	183.20	186.40	219.29	0.8354
NC_060934.1	41852901	41853071	S1C10H1-C.3	test	193.50	194.20	228.47	0.8469
NC_060934.1	41854429	41854598	S1C10H1-C.2	test	197.80	196.90	231.65	0.8539
NC_060934.1	41856636	41856807	S1C10H1L.7/5	test	204.80	203.40	239.29	0.8559
NC_060934.1	41871060	41871229	S1C10H1-C.2	test	199.30	198.40	233.41	0.8539
NC_060934.1	41881075	41881246	S1C10H2.13	test	195.70	196.40	231.06	0.8470
NC_060934.1	41881586	41881755	S1C10H2.16	test	194.60	195.40	229.88	0.8465
NC_060934.1	41883623	41883792	S1C10H2.10	test	197.90	197.70	232.59	0.8509
NC_060934.1	41884643	41884812	S1C10H2.10	test	200.70	200.00	235.29	0.8530
NC_060934.1	41884812	41884983	S1C10H2.11	test	202.60	201.50	237.06	0.8546
NC_060934.1	41884983	41885152	S1C10H2.12	test	197.90	197.80	232.71	0.8504
NC_060934.1	41887867	41888038	S1C10H2.7	test	200.10	199.40	234.59	0.8530
NC_060934.1	41890244	41890415	S1C10H2.17	test	200.60	200.10	235.41	0.8521
NC_060934.1	41893642	41893813	S1C10H2.13	test	191.40	192.50	226.47	0.8451
NC_060934.1	41908414	41908583	S1C10H2.10	test	200.70	200.00	235.29	0.8530
NC_060934.1	41909094	41909263	S1C10H2.14	test	193.80	194.80	229.18	0.8456
NC_060934.1	41910791	41910960	S1C10H2.6	test	196.90	196.40	231.06	0.8522
NC_060934.1	41913676	41913847	S1C10H2.5	test	195.80	196.90	231.65	0.8453
NC_060934.1	41918600	41918767	S1C10H2.16	test	188.50	190.40	224.00	0.8415
NC_060934.1	41918938	41919107	S1C10H2.18	test	205.10	203.20	239.06	0.8579
NC_060934.1	41920465	41920636	S1C10H2.9	test	202.20	201.10	236.59	0.8546
NC_060934.1	41924880	41925051	S1C10H2.1	test	193.20	193.50	227.65	0.8487
NC_060934.1	41929627	41929798	S1C10H1L.5	test	203.10	202.30	238.00	0.8534
NC_060934.1	41945222	41945402	Ca	test	162.60	162.50	191.18	0.8505
NC_060934.1	41951102	41951274	Ca	test	153.90	155.50	182.94	0.8413
NC_060934.1	41959495	41959668	Ca	test	148.20	151.30	178.00	0.8326
NC_060934.1	41961207	41961370	Oa	test	122.00	127.60	150.12	0.8127
NC_060934.1	41967024	41967193	Oa	test	155.60	156.50	184.12	0.8451
NC_060934.1	41979414	41979586	Oa	test	147.40	151.10	177.76	0.8292
NC_060934.1	42007593	42007764	Oa	test	156.00	159.30	187.41	0.8324
NC_060934.1	42013429	42013601	Ha	test	151.80	157.50	185.29	0.8192
NC_060935.1	48986530	48986700	R2	test	149.60	156.00	183.53	0.8151
NC_060935.1	48992852	48993023	Ga	test	166.90	167.80	197.41	0.8454
NC_060935.1	49009159	49009330	R2	test	182.40	181.30	213.29	0.8552
NC_060935.1	49016049	49016216	R2	test	173.20	171.50	201.76	0.8584
NC_060935.1	49026662	49026835	S5C1H6d.1	test	158.60	163.00	191.76	0.8271
NC_060935.1	49027861	49028028	R2	test	186.40	184.20	216.71	0.8602
NC_060935.1	49029737	49029908	R1	test	171.00	173.20	203.76	0.8392
NC_060935.1	49029908	49030079	S5C1H6d.1	test	170.30	173.10	203.65	0.8363
NC_060935.1	49031783	49031954	R1	test	180.50	180.20	212.00	0.8514
NC_060935.1	49035438	49035607	S5C1H6d.1	test	151.10	155.80	183.29	0.8244
NC_060935.1	49039534	49039705	R1	test	176.00	176.30	207.41	0.8486
NC_060935.1	50556943	50557110	Na	test	143.90	147.60	173.65	0.8287
NC_060935.1	50575319	50575491	Oa	test	155.60	158.20	186.12	0.8360
NC_060935.1	50583722	50583894	Ca	test	141.70	147.70	173.76	0.8155
NC_060935.1	50771053	50771225	Oa	test	154.50	156.90	184.59	0.8370
NC_060935.1	50780146	50780318	Oa	test	155.00	157.50	185.29	0.8365
NC_060935.1	50827813	50827979	Na	test	127.90	136.90	161.06	0.7941
NC_060935.1	50858822	50858993	Ha	test	148.50	152.20	179.06	0.8293
NC_060935.1	50860537	50860709	Ha	test	136.50	144.30	169.76	0.8041
NC_060935.1	50909425	50909596	Ga	test	178.10	177.50	208.82	0.8529
NC_060935.1	50982232	50982406	R2	test	164.80	167.30	196.82	0.8373
NC_060935.1	50992393	50992564	R2	test	182.10	182.00	214.12	0.8505
NC_060935.1	51001819	51001990	R2	test	160.90	163.40	192.24	0.8370
NC_060935.1	51004031	51004196	R2	test	154.60	157.80	185.65	0.8328
NC_060935.1	51005564	51005735	S5C1H6d.1	test	154.00	159.00	187.06	0.8233
NC_060935.1	51006417	51006589	R2	test	167.10	167.50	197.06	0.8480
NC_060935.1	51014306	51014477	R2	test	171.70	171.70	202.00	0.8500
NC_060935.1	51016370	51016542	R2	test	172.60	173.70	204.35	0.8446
NC_060935.1	51018249	51018415	S5C1H6d.1	test	170.40	170.90	201.06	0.8475
NC_060935.1	51022508	51022678	S3C11H3d.7	test	179.50	181.50	213.53	0.8406
NC_060935.1	51025067	51025228	S3C11H2-B.3	test	189.30	187.80	220.94	0.8568
NC_060935.1	51027955	51028126	S3C11H2-B.9	test	210.10	206.10	242.47	0.8665
NC_060935.1	51028469	51028639	S3C11H2-B.12	test	189.30	188.40	221.65	0.8541
NC_060935.1	51029491	51029659	S3C11H2-B.6	test	207.60	203.40	239.29	0.8676
NC_060935.1	51032044	51032213	S3C11H2-B.10	test	207.20	203.70	239.65	0.8646
NC_060935.1	51049210	51049377	W1	test	163.20	167.70	197.29	0.8272
NC_060935.1	51051586	51051757	W5	test	162.40	165.90	195.18	0.8321
NC_060935.1	51063815	51063986	S3C11H1L.2	test	204.70	202.70	238.47	0.8584
NC_060935.1	51071464	51071635	S3C11H1L.2	test	202.00	200.30	235.65	0.8572
NC_060935.1	51072485	51072656	S3C11H1L.3	test	199.40	198.90	234.00	0.8521
NC_060935.1	51074864	51075035	S3C11H1L.2	test	201.20	199.60	234.82	0.8568
NC_060935.1	51078264	51078435	S3C11H1L.2	test	207.10	204.80	240.94	0.8595
NC_060935.1	51079797	51079964	S3C11H1L.1	test	188.60	189.10	222.47	0.8478
NC_060935.1	51080647	51080814	S3C11H1L.1	test	191.50	191.50	225.29	0.8500
NC_060935.1	51081156	51081326	S3C11H1L.4	test	192.00	192.30	226.24	0.8487
NC_060935.1	51082006	51082176	S3C11H1L.4	test	194.60	194.50	228.82	0.8504
NC_060935.1	51084896	51085063	S3C11H1L.1	test	184.20	185.20	217.88	0.8454
NC_060935.1	51086255	51086425	S3C11H1L.4	test	191.50	192.20	226.12	0.8469
NC_060935.1	51087613	51087784	S3C11H1L.2	test	207.10	204.80	240.94	0.8595
NC_060935.1	51088805	51088975	S3C11H1L.4	test	192.60	192.50	226.47	0.8504
NC_060935.1	51090676	51090847	S3C11H1L.5	test	193.60	193.40	227.53	0.8509
NC_060935.1	51096114	51096285	S3C11H1L.2	test	207.10	204.80	240.94	0.8595
NC_060935.1	51097647	51097814	S3C11H1L.1	test	191.90	191.70	225.53	0.8509
NC_060935.1	51099347	51099514	S3C11H1L.1	test	189.10	189.20	222.59	0.8496
NC_060935.1	51099856	51100026	S3C11H1L.4	test	194.60	194.50	228.82	0.8504
NC_060935.1	51100197	51100364	S3C11H1L.1	test	190.50	190.60	224.24	0.8496
NC_060935.1	51100535	51100706	S3C11H1L.3	test	201.00	199.70	234.94	0.8555
NC_060935.1	51101726	51101897	S3C11H1L.5	test	188.70	190.10	223.65	0.8437
NC_060935.1	51101897	51102064	S3C11H1L.1	test	181.40	183.70	216.12	0.8394
NC_060935.1	51107847	51108014	S3C11H1L.1	test	190.40	190.90	224.59	0.8478
NC_060935.1	51115833	51116004	S3C11H1L.3	test	195.10	195.20	229.65	0.8496
NC_060935.1	51125012	51125183	S3C11H1L.2	test	207.10	204.80	240.94	0.8595
NC_060935.1	51125183	51125354	S3C11H1L.3	test	197.40	197.00	231.76	0.8517
NC_060935.1	51126033	51126204	S3C11H1L.3	test	194.90	194.80	229.18	0.8504
NC_060935.1	51130623	51130794	S3C11H1L.5	test	190.60	191.00	224.71	0.8482
NC_060935.1	51131644	51131811	S3C11H1L.1	test	189.20	190.30	223.88	0.8451
NC_060935.1	51135044	51135211	S3C11H1L.1	test	185.90	187.00	220.00	0.8450
NC_060935.1	51138444	51138611	S3C11H1L.1	test	196.70	195.90	230.47	0.8535
NC_060935.1	51139461	51139632	S3C11H1L.2	test	204.10	202.50	238.24	0.8567
NC_060935.1	51139973	51140144	S3C11H1L.5	test	186.90	188.40	221.65	0.8432
NC_060935.1	51144732	51144903	S3C11H1L.3	test	201.00	199.70	234.94	0.8555
NC_060935.1	51145923	51146094	S3C11H1L.5	test	196.80	196.00	230.59	0.8535
NC_060935.1	51146261	51146432	S3C11H1L.2	test	201.50	200.50	235.88	0.8542
NC_060935.1	51147111	51147282	S3C11H1L.2	test	207.10	204.80	240.94	0.8595
NC_060935.1	51148303	51148473	S3C11H1L.4	test	188.80	190.00	223.53	0.8446
NC_060935.1	51150682	51150853	S3C11H1L.3	test	197.20	196.90	231.65	0.8513
NC_060935.1	51152723	51152894	S3C11H1L.5	test	196.80	196.00	230.59	0.8535
NC_060935.1	51153403	51153573	S3C11H1L.4	test	189.90	190.40	224.00	0.8478
NC_060935.1	51154761	51154932	S3C11H1L.2	test	207.10	204.80	240.94	0.8595
NC_060935.1	51155103	51155273	S3C11H1L.4	test	193.10	193.00	227.06	0.8504
NC_060935.1	51164451	51164620	S3C11H1L.4	test	188.70	189.20	222.59	0.8478
NC_060935.1	51167000	51167170	S3C11H1L.4	test	191.90	192.10	226.00	0.8491
NC_060935.1	51169378	51169549	S3C11H1L.3	test	193.80	194.20	228.47	0.8482
NC_060935.1	51171418	51171589	S3C11H1L.5	test	189.20	189.40	222.82	0.8491
NC_060935.1	51172097	51172267	S3C11H1L.4	test	184.80	185.90	218.71	0.8450
NC_060935.1	51173625	51173796	S3C11H1L.3	test	198.00	198.30	233.29	0.8487
NC_060935.1	51181953	51182124	S3C11H1L.5	test	190.80	191.30	225.06	0.8478
NC_060935.1	51185352	51185523	S3C11H1L.5	test	196.80	196.00	230.59	0.8535
NC_060935.1	51190282	51190452	S3C11H1L.4	test	189.90	190.40	224.00	0.8478
NC_060935.1	51192832	51193002	S3C11H1L.4	test	194.60	194.50	228.82	0.8504
NC_060935.1	51193851	51194022	S3C11H1L.5	test	194.00	193.70	227.88	0.8513
NC_060935.1	51197930	51198099	S3C11H1L.4	test	183.20	184.30	216.82	0.8449
NC_060935.1	51203878	51204048	S3C11H1L.4	test	187.30	188.30	221.53	0.8455
NC_060935.1	51204557	51204728	S3C11H1L.3	test	191.40	192.40	226.35	0.8456
NC_060935.1	51216626	51216796	S3C11H1L.4	test	194.60	194.50	228.82	0.8504
NC_060935.1	51220874	51221044	S3C11H1L.4	test	185.50	186.90	219.88	0.8436
NC_060935.1	51222744	51222915	S3C11H1L.5	test	191.50	191.60	225.41	0.8496
NC_060935.1	51222915	51223082	S3C11H1L.1	test	191.90	191.70	225.53	0.8509
NC_060935.1	51226482	51226653	S3C11H1L.2	test	204.70	202.70	238.47	0.8584
NC_060935.1	51232771	51232941	S3C11H1L.4	test	191.90	192.10	226.00	0.8491
NC_060935.1	51234641	51234812	S3C11H1L.5	test	193.30	193.30	227.41	0.8500
NC_060935.1	51234979	51235150	S3C11H1L.2	test	203.70	202.10	237.76	0.8567
NC_060935.1	51242291	51242462	S3C11H1L.5	test	188.40	190.10	223.65	0.8424
NC_060935.1	51244328	51244499	S3C11H1L.2	test	202.30	200.60	236.00	0.8572
NC_060935.1	51248068	51248238	S3C11H1L.4	test	192.50	192.60	226.59	0.8496
NC_060935.1	51249259	51249426	S3C11H1L.1	test	193.50	193.20	227.29	0.8513
NC_060935.1	51249426	51249597	S3C11H1L.2	test	204.30	202.70	238.47	0.8567
NC_060935.1	51250447	51250617	S3C11H1L.3	test	193.00	192.20	226.12	0.8535
NC_060935.1	51252826	51252997	S3C11H1L.2	test	207.10	204.80	240.94	0.8595
NC_060935.1	51252997	51253168	S3C11H1L.3	test	194.20	194.60	228.94	0.8483
NC_060935.1	51254018	51254188	S3C11H1L.4	test	194.60	194.50	228.82	0.8504
NC_060935.1	51254526	51254697	S3C11H1L.2	test	204.30	202.70	238.47	0.8567
NC_060935.1	51254868	51255038	S3C11H1L.4	test	192.50	192.60	226.59	0.8496
NC_060935.1	51257927	51258098	S3C11H1L.2	test	207.10	204.80	240.94	0.8595
NC_060935.1	51262689	51262860	S3C11H1L.5	test	194.50	193.90	228.12	0.8526
NC_060935.1	51264727	51264898	S3C11H1L.2	test	203.70	202.10	237.76	0.8567
NC_060935.1	51266427	51266598	S3C11H1L.2	test	200.00	198.70	233.76	0.8556
NC_060935.1	51266769	51266939	S3C11H1L.4	test	194.60	194.50	228.82	0.8504
NC_060935.1	51267277	51267448	S3C11H1L.2	test	204.30	202.70	238.47	0.8567
NC_060935.1	51268127	51268298	S3C11H1L.2	test	204.30	202.40	238.12	0.8580
NC_060935.1	51268298	51268469	S3C11H1L.3	test	195.90	196.30	230.94	0.8483
NC_060935.1	51272548	51272719	S3C11H1L.3	test	197.00	196.80	231.53	0.8509
NC_060935.1	51280025	51280196	S3C11H1L.3	test	192.90	194.10	228.35	0.8447
NC_060935.1	51280366	51280537	S3C11H1L.5	test	191.70	191.70	225.53	0.8500
NC_060935.1	51285293	51285463	S3C11H1L.4	test	189.50	190.20	223.76	0.8469
NC_060935.1	51288861	51289032	S3C11H1L.5	test	187.40	188.40	221.65	0.8455
NC_060935.1	51295997	51296168	S3C11H1L.2	test	198.60	197.90	232.82	0.8530
NC_060935.1	51298208	51298379	S3C11H1L.5	test	194.60	193.90	228.12	0.8531
NC_060935.1	51303987	51304157	S3C11H1L.4	test	190.80	191.60	225.41	0.8465
NC_060935.1	51308915	51309086	S3C11H1L.3	test	195.90	195.40	229.88	0.8522
NC_060935.1	51312825	51312992	S3C11H1L.1	test	196.70	195.90	230.47	0.8535
NC_060935.1	51314183	51314352	S3C11H1L.4	test	180.10	182.10	214.24	0.8407
NC_060935.1	51314352	51314523	S3C11H1L.5	test	196.80	196.00	230.59	0.8535
NC_060935.1	51321830	51322000	S3C11H1L.4	test	194.60	194.50	228.82	0.8504
NC_060935.1	51323021	51323188	S3C11H1L.1	test	196.70	195.90	230.47	0.8535
NC_060935.1	51324888	51325059	S3C11H1L.2	test	200.80	199.90	235.18	0.8538
NC_060935.1	51327779	51327949	S3C11H1L.4	test	191.30	192.00	225.88	0.8469
NC_060935.1	51330328	51330498	S3C11H1L.4	test	188.80	189.80	223.29	0.8455
NC_060935.1	51331178	51331348	S3C11H1L.4	test	191.30	192.00	225.88	0.8469
NC_060935.1	51332028	51332198	S3C11H1L.4	test	194.60	194.50	228.82	0.8504
NC_060935.1	51335936	51336107	S3C11H1L.2	test	201.60	200.20	235.53	0.8559
NC_060935.1	51342732	51342903	S3C11H1L.2	test	204.00	202.30	238.00	0.8571
NC_060935.1	51343244	51343415	S3C11H1L.5	test	190.90	191.30	225.06	0.8482
NC_060935.1	51354462	51354629	S3C11H1L.1	test	189.30	189.40	222.82	0.8496
NC_060935.1	51356329	51356500	S3C11H1L.2	test	207.10	204.80	240.94	0.8595
NC_060935.1	51359560	51359727	S3C11H1L.1	test	188.70	189.00	222.35	0.8487
NC_060935.1	51360748	51360919	S3C11H1L.3	test	204.40	202.40	238.12	0.8584
NC_060935.1	51361260	51361427	S3C11H1L.1	test	191.90	191.70	225.53	0.8509
NC_060935.1	51361427	51361598	S3C11H1L.2	test	204.20	202.30	238.00	0.8580
NC_060935.1	51362110	51362277	S3C11H1L.1	test	190.40	190.80	224.47	0.8482
NC_060935.1	51368735	51368906	S3C11H1L.5	test	191.70	191.70	225.53	0.8500
NC_060935.1	51369073	51369244	S3C11H1L.2	test	201.50	200.00	235.29	0.8564
NC_060935.1	51373663	51373833	S3C11H1L.4	test	194.60	194.50	228.82	0.8504
NC_060935.1	51380800	51380967	S3C11H1L.1	test	193.60	193.60	227.76	0.8500
NC_060935.1	51386238	51386409	S3C11H1L.3	test	196.40	196.40	231.06	0.8500
NC_060935.1	51389298	51389465	S3C11H1L.1	test	195.10	194.30	228.59	0.8535
NC_060935.1	51395246	51395413	S3C11H1L.1	test	188.90	189.30	222.71	0.8482
NC_060935.1	51395924	51396095	S3C11H1L.5	test	188.10	188.70	222.00	0.8473
NC_060935.1	51398473	51398644	S3C11H1L.5	test	194.20	193.90	228.12	0.8513
NC_060935.1	51398982	51399153	S3C11H1L.3	test	201.60	200.80	236.24	0.8534
NC_060935.1	51400510	51400681	S3C11H1L.2	test	193.20	193.60	227.76	0.8482
NC_060935.1	51412409	51412580	S3C11H1L.2	test	204.30	202.70	238.47	0.8567
NC_060935.1	51414451	51414621	S3C11H1L.4	test	190.80	191.60	225.41	0.8465
NC_060935.1	51417509	51417680	S3C11H1L.2	test	204.30	202.70	238.47	0.8567
NC_060935.1	51423628	51423799	S3C11H1L.3	test	205.20	203.50	239.41	0.8571
NC_060935.1	51428387	51428554	S3C11H1L.1	test	195.10	194.30	228.59	0.8535
NC_060935.1	51429746	51429916	S3C11H1L.4	test	182.00	183.50	215.88	0.8431
NC_060935.1	51431274	51431445	S3C11H1L.3	test	201.00	199.70	234.94	0.8555
NC_060935.1	51432295	51432465	S3C11H1L.4	test	184.90	185.80	218.59	0.8459
NC_060935.1	51434845	51435015	S3C11H1L.4	test	194.60	194.50	228.82	0.8504
NC_060935.1	51437053	51437224	S3C11H1L.2	test	204.10	202.50	238.24	0.8567
NC_060935.1	51439094	51439264	S3C11H1L.4	test	194.60	194.50	228.82	0.8504
NC_060935.1	51442664	51442835	S3C11H1L.5	test	196.20	196.10	230.71	0.8504
NC_060935.1	51443344	51443514	S3C11H1L.4	test	190.10	190.70	224.35	0.8473
NC_060935.1	51443685	51443852	S3C11H1L.1	test	193.60	192.80	226.82	0.8535
NC_060935.1	51444194	51444364	S3C11H1L.4	test	189.00	189.70	223.18	0.8469
NC_060935.1	51447252	51447423	S3C11H1L.2	test	207.10	204.80	240.94	0.8595
NC_060935.1	51447764	51447935	S3C11H1L.5	test	187.40	188.40	221.65	0.8455
NC_060935.1	51449634	51449801	S3C11H1L.1	test	193.50	193.20	227.29	0.8513
NC_060935.1	51450651	51450822	S3C11H1L.2	test	207.10	204.80	240.94	0.8595
NC_060935.1	51453372	51453543	S3C11H1L.3	test	197.70	197.00	231.76	0.8530
NC_060935.1	51455412	51455583	S3C11H1L.5	test	191.50	191.70	225.53	0.8491
NC_060935.1	51455750	51455921	S3C11H1L.2	test	207.10	204.80	240.94	0.8595
NC_060935.1	51456771	51456942	S3C11H1L.3	test	193.90	194.20	228.47	0.8487
NC_060935.1	51458812	51458983	S3C11H1L.5	test	196.20	196.10	230.71	0.8504
NC_060935.1	51458983	51459150	S3C11H1L.1	test	186.90	188.00	221.18	0.8450
NC_060935.1	51470371	51470542	S3C11H1L.3	test	205.70	203.80	239.76	0.8579
NC_060935.1	51471392	51471562	S3C11H1L.4	test	190.80	191.60	225.41	0.8465
NC_060935.1	51472750	51472921	S3C11H1L.2	test	203.70	202.10	237.76	0.8567
NC_060935.1	51473771	51473942	S3C11H1L.3	test	202.10	201.00	236.47	0.8547
NC_060935.1	51475812	51475983	S3C11H1L.5	test	192.20	192.20	226.12	0.8500
NC_060935.1	51500118	51500289	S3C11H1L.3	test	201.00	199.70	234.94	0.8555
NC_060935.1	51504029	51504195	S3C11H1L.1	test	184.80	184.80	217.41	0.8500
NC_060935.1	51504537	51504707	S3C11H1L.4	test	192.60	192.50	226.47	0.8504
NC_060935.1	51506406	51506577	S3C11H1L.5	test	188.50	189.10	222.47	0.8473
NC_060935.1	51506915	51507086	S3C11H1L.3	test	195.70	196.50	231.18	0.8465
NC_060935.1	51507934	51508104	S3C11H1L.4	test	191.50	192.10	226.00	0.8473
NC_060935.1	51508613	51508784	S3C11H1L.3	test	203.40	201.70	237.29	0.8572
NC_060935.1	51509804	51509975	S3C11H1L.5	test	195.80	195.60	230.12	0.8509
NC_060935.1	51510656	51510827	S3C11H1L.5	test	192.90	193.00	227.06	0.8496
NC_060935.1	51518819	51518989	S3C11H1L.3	test	184.80	186.90	219.88	0.8404
NC_060935.1	51519840	51520010	S3C11H1L.4	test	183.00	185.20	217.88	0.8399
NC_060935.1	51523410	51523581	S3C11H1L.5	test	187.60	188.50	221.76	0.8459
NC_060935.1	51523581	51523748	S3C11H1L.1	test	195.00	195.00	229.41	0.8500
NC_060935.1	51524090	51524260	S3C11H1L.4	test	191.50	192.10	226.00	0.8473
NC_060935.1	51525281	51525448	S3C11H1L.1	test	191.40	191.50	225.29	0.8496
NC_060935.1	51525790	51525960	S3C11H1L.4	test	184.70	186.40	219.29	0.8422
NC_060935.1	51530548	51530719	S3C11H1L.2	test	207.10	204.80	240.94	0.8595
NC_060935.1	51539048	51539219	S3C11H1L.2	test	207.10	204.80	240.94	0.8595
NC_060935.1	51539219	51539390	S3C11H1L.3	test	200.60	199.50	234.71	0.8547
NC_060935.1	51540748	51540919	S3C11H1L.2	test	207.10	204.80	240.94	0.8595
NC_060935.1	51544829	51544996	S3C11H1L.1	test	193.80	192.80	226.82	0.8544
NC_060935.1	51546017	51546188	S3C11H1L.3	test	191.80	192.50	226.47	0.8469
NC_060935.1	51548395	51548566	S3C11H1L.2	test	207.10	204.80	240.94	0.8595
NC_060935.1	51554177	51554344	S3C11H1L.1	test	191.60	190.80	224.47	0.8536
NC_060935.1	51556215	51556386	S3C11H1L.3	test	201.00	199.70	234.94	0.8555
NC_060935.1	51557236	51557406	S3C11H1L.4	test	191.50	192.10	226.00	0.8473
NC_060935.1	51558427	51558594	S3C11H1L.1	test	191.60	190.80	224.47	0.8536
NC_060935.1	51561827	51561994	S3C11H1L.1	test	188.50	188.20	221.41	0.8514
NC_060935.1	51564206	51564377	S3C11H1L.5	test	193.50	193.60	227.76	0.8496
NC_060935.1	51565055	51565226	S3C11H1L.5	test	195.80	195.60	230.12	0.8509
NC_060935.1	51566414	51566585	S3C11H1L.3	test	203.30	201.80	237.41	0.8563
NC_060935.1	51569134	51569304	S3C11H1L.4	test	187.30	188.30	221.53	0.8455
NC_060935.1	51573213	51573384	S3C11H1L.3	test	197.40	197.00	231.76	0.8517
NC_060935.1	51573892	51574063	S3C11H1L.2	test	207.10	204.80	240.94	0.8595
NC_060935.1	51579161	51579332	S3C11H1L.3	test	205.20	203.50	239.41	0.8571
NC_060935.1	51581032	51581202	S3C11H1L.4	test	191.50	192.10	226.00	0.8473
NC_060935.1	51587488	51587659	S3C11H1L.2	test	204.30	202.40	238.12	0.8580
NC_060935.1	51593271	51593438	S3C11H1L.1	test	193.00	192.40	226.35	0.8527
NC_060935.1	51595480	51595650	S3C11H1L.4	test	190.40	190.60	224.24	0.8491
NC_060935.1	51598030	51598200	S3C11H1L.4	test	191.90	192.10	226.00	0.8491
NC_060935.1	51599559	51599730	S3C11H1L.3	test	197.20	196.10	230.71	0.8548
NC_060935.1	51600071	51600238	S3C11H1L.1	test	189.90	189.70	223.18	0.8509
NC_060935.1	51603638	51603809	S3C11H1L.2	test	207.10	204.80	240.94	0.8595
NC_060935.1	51603809	51603980	S3C11H1L.3	test	201.00	199.70	234.94	0.8555
NC_060935.1	51607721	51607888	S3C11H1L.1	test	196.70	195.90	230.47	0.8535
NC_060935.1	51611121	51611288	S3C11H1L.1	test	196.70	195.90	230.47	0.8535
NC_060935.1	51617921	51618088	S3C11H1L.1	test	196.70	195.90	230.47	0.8535
NC_060935.1	51621150	51621321	S3C11H1L.5	test	194.10	193.70	227.88	0.8518
NC_060935.1	51622000	51622171	S3C11H1L.5	test	192.30	192.80	226.82	0.8478
NC_060935.1	51622171	51622338	S3C11H1L.1	test	191.90	191.70	225.53	0.8509
NC_060935.1	51631350	51631521	S3C11H1L.5	test	197.90	197.70	232.59	0.8509
NC_060935.1	51635938	51636109	S3C11H1L.2	test	204.10	202.50	238.24	0.8567
NC_060935.1	51639509	51639680	S3C11H1L.3	test	201.00	199.70	234.94	0.8555
NC_060935.1	51642397	51642567	S3C11H1L.4	test	194.60	194.50	228.82	0.8504
NC_060935.1	51643247	51643417	S3C11H1L.4	test	189.00	189.70	223.18	0.8469
NC_060935.1	51644097	51644267	S3C11H1L.4	test	188.20	189.70	223.18	0.8433
NC_060935.1	51644267	51644438	S3C11H1L.5	test	196.80	196.00	230.59	0.8535
NC_060935.1	51645967	51646138	S3C11H1L.5	test	193.60	193.40	227.53	0.8509
NC_060935.1	51651744	51651914	S3C11H1L.4	test	186.00	187.60	220.71	0.8428
NC_060935.1	51652085	51652252	S3C11H1L.1	test	198.10	197.40	232.24	0.8530
NC_060935.1	51653102	51653272	S3C11H1L.2	test	196.90	196.80	231.53	0.8504
NC_060935.1	51656670	51656841	S3C11H1L.3	test	199.90	199.20	234.35	0.8530
NC_060935.1	51658541	51658711	S3C11H1L.4	test	192.00	192.30	226.24	0.8487
NC_060935.1	51663469	51663640	S3C11H1L.3	test	205.20	203.50	239.41	0.8571
NC_060935.1	51664660	51664831	S3C11H1L.5	test	195.70	195.50	230.00	0.8509
NC_060935.1	51670780	51670947	S3C11H1L.1	test	191.60	190.80	224.47	0.8536
NC_060935.1	51671118	51671289	S3C11H1L.3	test	201.00	199.70	234.94	0.8555
NC_060935.1	51675196	51675367	S3C11H1L.2	test	204.10	202.50	238.24	0.8567
NC_060935.1	51675367	51675538	S3C11H1L.3	test	201.00	199.70	234.94	0.8555
NC_060935.1	51676217	51676388	S3C11H1L.3	test	186.30	189.00	222.35	0.8379
NC_060935.1	51680129	51680296	S3C11H1L.1	test	195.10	194.30	228.59	0.8535
NC_060935.1	51680296	51680467	S3C11H1L.2	test	204.10	202.50	238.24	0.8567
NC_060935.1	51682338	51682508	S3C11H1L.4	test	194.60	194.50	228.82	0.8504
NC_060935.1	51693896	51694067	S3C11H1L.2	test	198.60	197.60	232.47	0.8543
NC_060935.1	51710042	51710213	S3C11H1L.2	test	207.10	204.80	240.94	0.8595
NC_060935.1	51715992	51716163	S3C11H1L.2	test	207.10	204.80	240.94	0.8595
NC_060935.1	51718884	51719054	S3C11H1L.4	test	180.00	182.50	214.71	0.8384
NC_060935.1	51721604	51721775	S3C11H1L.5	test	195.40	195.40	229.88	0.8500
NC_060935.1	51722113	51722284	S3C11H1L.3	test	205.20	203.50	239.41	0.8571
NC_060935.1	51724154	51724325	S3C11H1L.5	test	193.60	193.40	227.53	0.8509
NC_060935.1	51725513	51725684	S3C11H1L.3	test	194.90	195.90	230.47	0.8457
NC_060935.1	51727725	51727892	S3C11H1L.1	test	195.10	194.30	228.59	0.8535
NC_060935.1	51736562	51736733	S3C11H1L.3	test	193.30	194.30	228.59	0.8456
NC_060935.1	51737241	51737412	S3C11H1L.2	test	201.50	200.50	235.88	0.8542
NC_060935.1	51749141	51749312	S3C11H1L.2	test	198.30	197.80	232.71	0.8521
NC_060935.1	51750162	51750333	S3C11H1L.3	test	208.40	206.10	242.47	0.8595
NC_060935.1	51751353	51751524	S3C11H1L.5	test	196.20	196.10	230.71	0.8504
NC_060935.1	51751692	51751863	S3C11H1L.2	test	187.80	189.60	223.06	0.8419
NC_060935.1	51754414	51754585	S3C11H1L.3	test	199.90	199.30	234.47	0.8526
NC_060935.1	51755434	51755604	S3C11H1L.4	test	184.30	185.90	218.71	0.8427
NC_060935.1	51755775	51755942	S3C11H1L.1	test	189.30	189.00	222.35	0.8513
NC_060935.1	51756455	51756626	S3C11H1L.3	test	198.30	198.10	233.06	0.8509
NC_060935.1	51763087	51763258	S3C11H1L.5	test	193.40	193.80	228.00	0.8482
NC_060935.1	51764958	51765125	S3C11H1L.1	test	190.30	190.00	223.53	0.8513
NC_060935.1	51765296	51765467	S3C11H1L.3	test	204.80	203.40	239.29	0.8559
NC_060935.1	51773286	51773457	S3C11H1L.5	test	196.80	196.00	230.59	0.8535
NC_060935.1	51784844	51785015	S3C11H1L.3	test	201.00	199.70	234.94	0.8555
NC_060935.1	51792494	51792665	S3C11H1L.3	test	198.00	197.30	232.12	0.8530
NC_060935.1	51793173	51793344	S3C11H1L.2	test	204.30	202.70	238.47	0.8567
NC_060935.1	51794706	51794873	S3C11H1L.1	test	196.70	195.90	230.47	0.8535
NC_060935.1	51797765	51797935	S3C11H1L.4	test	191.90	192.20	226.12	0.8487
NC_060935.1	51797935	51798106	S3C11H1L.5	test	190.80	191.10	224.82	0.8487
NC_060935.1	51799293	51799464	S3C11H1L.3	test	208.40	206.10	242.47	0.8595
NC_060935.1	51802355	51802522	S3C11H1L.1	test	182.60	183.80	216.24	0.8445
NC_060935.1	51804734	51804905	S3C11H1L.5	test	187.10	188.40	221.65	0.8441
NC_060935.1	51809155	51809322	S3C11H1L.1	test	186.90	187.30	220.35	0.8482
NC_060935.1	51811534	51811705	S3C11H1L.5	test	190.10	190.70	224.35	0.8473
NC_060935.1	51817143	51817314	S3C11H1L.3	test	206.20	204.10	240.12	0.8587
NC_060935.1	51818505	51818672	S3C11H1L.1	test	193.60	192.80	226.82	0.8535
NC_060935.1	51822584	51822755	S3C11H1L.5	test	189.70	190.50	224.12	0.8464
NC_060935.1	51823093	51823264	S3C11H1L.3	test	199.10	197.80	232.71	0.8556
NC_060935.1	51824793	51824964	S3C11H1L.3	test	200.10	199.20	234.35	0.8538
NC_060935.1	51830063	51830233	S3C11H1L.4	test	197.20	196.90	231.65	0.8513
NC_060935.1	51833292	51833462	S3C11H1L.3	test	189.80	191.30	225.06	0.8433
NC_060935.1	51835162	51835332	S3C11H1L.4	test	186.70	187.90	221.06	0.8446
NC_060935.1	51835841	51836012	S3C11H1L.3	test	190.60	191.90	225.76	0.8442
NC_060935.1	51842131	51842302	S3C11H1L.5	test	196.80	196.00	230.59	0.8535
NC_060935.1	51842469	51842640	S3C11H1L.2	test	195.90	195.60	230.12	0.8513
NC_060935.1	51842981	51843152	S3C11H1L.5	test	199.00	198.20	233.18	0.8534
NC_060935.1	51844852	51845019	S3C11H1L.1	test	196.70	195.90	230.47	0.8535
NC_060935.1	51847911	51848081	S3C11H1L.4	test	183.00	184.90	217.53	0.8413
NC_060935.1	51854540	51854711	S3C11H1L.3	test	197.10	196.90	231.65	0.8509
NC_060935.1	51861340	51861511	S3C11H1L.3	test	200.20	199.20	234.35	0.8543
NC_060935.1	51862361	51862531	S3C11H1L.4	test	185.10	187.30	220.35	0.8400
NC_060935.1	51868990	51869161	S3C11H1L.3	test	208.40	206.10	242.47	0.8595
NC_060935.1	51871540	51871711	S3C11H1L.3	test	208.40	206.10	242.47	0.8595
NC_060935.1	51873923	51874094	S3C11H1L.3	test	193.40	194.00	228.24	0.8474
NC_060935.1	51874435	51874602	S3C11H1L.1	test	193.50	193.20	227.29	0.8513
NC_060935.1	51877835	51878002	S3C11H1L.1	test	193.50	193.20	227.29	0.8513
NC_060935.1	51878002	51878173	S3C11H1L.2	test	204.30	202.70	238.47	0.8567
NC_060935.1	51879023	51879194	S3C11H1L.3	test	203.40	201.70	237.29	0.8572
NC_060935.1	51879535	51879702	S3C11H1L.1	test	184.90	185.80	218.59	0.8459
NC_060935.1	51885485	51885652	S3C11H1L.1	test	191.90	191.70	225.53	0.8509
NC_060935.1	51886335	51886502	S3C11H1L.1	test	186.70	188.00	221.18	0.8441
NC_060935.1	51889902	51890073	S3C11H1L.2	test	207.10	204.80	240.94	0.8595
NC_060935.1	51895344	51895514	S3C11H1L.4	test	190.80	191.60	225.41	0.8465
NC_060935.1	51901291	51901461	S3C11H1L.4	test	190.80	191.60	225.41	0.8465
NC_060935.1	51906559	51906730	S3C11H1L.5	test	193.60	193.40	227.53	0.8509
NC_060935.1	51909279	51909446	S3C11H1L.1	test	184.10	185.80	218.59	0.8422
NC_060935.1	51910129	51910296	S3C11H1L.1	test	191.90	191.70	225.53	0.8509
NC_060935.1	51911995	51912166	S3C11H1L.2	test	207.10	204.80	240.94	0.8595
NC_060935.1	51914206	51914377	S3C11H1L.5	test	193.50	193.60	227.76	0.8496
NC_060935.1	51918964	51919135	S3C11H1L.3	test	191.00	191.10	224.82	0.8496
NC_060935.1	51919476	51919643	S3C11H1L.1	test	190.50	190.80	224.47	0.8487
NC_060935.1	51929505	51929676	S3C11H1L.5	test	193.00	192.70	226.71	0.8513
NC_060935.1	51933076	51933243	S3C11H1L.1	test	181.50	182.90	215.18	0.8435
NC_060935.1	51936475	51936642	S3C11H1L.1	test	189.00	189.10	222.47	0.8496
NC_060935.1	51938342	51938513	S3C11H1L.2	test	201.00	199.90	235.18	0.8547
NC_060935.1	51939704	51939875	S3C11H1L.5	test	193.00	192.70	226.71	0.8513
NC_060935.1	51940554	51940725	S3C11H1L.5	test	190.10	190.70	224.35	0.8473
NC_060935.1	51947692	51947863	S3C11H1L.2	test	204.10	202.40	238.12	0.8571
NC_060935.1	51951092	51951263	S3C11H1L.2	test	207.10	204.80	240.94	0.8595
NC_060935.1	51951775	51951942	S3C11H1L.1	test	193.00	193.10	227.18	0.8496
NC_060935.1	51954154	51954325	S3C11H1L.5	test	188.40	189.10	222.47	0.8469
NC_060935.1	51955513	51955684	S3C11H1L.3	test	194.90	195.90	230.47	0.8457
NC_060935.1	51955684	51955854	S3C11H1L.4	test	192.60	192.50	226.47	0.8504
NC_060935.1	51964692	51964863	S3C11H1L.2	test	207.10	204.80	240.94	0.8595
NC_060935.1	51964863	51965034	S3C11H1L.3	test	201.00	199.70	234.94	0.8555
NC_060935.1	51966734	51966904	S3C11H1L.4	test	190.80	191.60	225.41	0.8465
NC_060935.1	51974212	51974383	S3C11H1L.3	test	198.60	198.60	233.65	0.8500
NC_060935.1	51980674	51980841	S3C11H1L.1	test	191.90	191.70	225.53	0.8509
NC_060935.1	51991553	51991724	S3C11H1L.5	test	195.80	195.60	230.12	0.8509
NC_060935.1	51995123	51995290	S3C11H1L.1	test	193.60	193.40	227.53	0.8509
NC_060935.1	52000561	52000732	S3C11H1L.3	test	201.00	199.70	234.94	0.8555
NC_060935.1	52001750	52001922	S3C11H1L.5	test	186.30	188.60	221.88	0.8396
NC_060935.1	52001922	52002089	S3C11H1L.1	test	193.60	193.50	227.65	0.8504
NC_060935.1	52004638	52004809	S3C11H1L.2	test	205.00	202.70	238.47	0.8596
NC_060935.1	52004809	52004980	S3C11H1L.3	test	206.70	204.50	240.59	0.8591
NC_060935.1	52007020	52007187	S3C11H1L.1	test	194.50	193.90	228.12	0.8526
NC_060935.1	52007357	52007527	S3C11H1L.3	test	179.80	183.50	215.88	0.8329
NC_060935.1	52007527	52007697	S3C11H1L.4	test	194.60	194.50	228.82	0.8504
NC_060935.1	52009904	52010074	S3C11H1L.3	test	190.90	193.00	227.06	0.8408
NC_060935.1	52010244	52010415	S3C11H1L.5	test	190.70	190.90	224.59	0.8491
NC_060935.1	52010753	52010924	S3C11H1L.3	test	201.00	199.70	234.94	0.8555
NC_060935.1	52013642	52013813	S3C11H1L.5	test	192.30	192.80	226.82	0.8478
NC_060935.1	52019249	52019420	S3C11H1L.3	test	201.00	199.70	234.94	0.8555
NC_060935.1	52022649	52022820	S3C11H1L.3	test	201.00	199.70	234.94	0.8555
NC_060935.1	52024349	52024520	S3C11H1L.3	test	197.70	197.00	231.76	0.8530
NC_060935.1	52026578	52026745	S3C11H1L.1	test	190.80	190.20	223.76	0.8527
NC_060935.1	52030487	52030657	S3C11H1L.4	test	194.60	194.50	228.82	0.8504
NC_060935.1	52031844	52032015	S3C11H1L.2	test	207.10	204.80	240.94	0.8595
NC_060935.1	52032186	52032356	S3C11H1L.4	test	188.70	189.80	223.29	0.8451
NC_060935.1	52045275	52045442	S3C11H1L.1	test	190.80	190.20	223.76	0.8527
NC_060935.1	52045442	52045613	S3C11H1L.2	test	204.30	202.70	238.47	0.8567
NC_060935.1	52057002	52057173	S3C11H1L.5	test	192.30	192.80	226.82	0.8478
NC_060935.1	52060402	52060573	S3C11H1L.5	test	193.60	193.40	227.53	0.8509
NC_060935.1	52072810	52072981	S3C11H1L.3	test	201.00	199.70	234.94	0.8555
NC_060935.1	52078588	52078759	S3C11H1L.2	test	204.30	202.70	238.47	0.8567
NC_060935.1	52079271	52079438	S3C11H1L.1	test	190.80	190.20	223.76	0.8527
NC_060935.1	52086240	52086411	S3C11H1L.2	test	204.10	202.40	238.12	0.8571
NC_060935.1	52086411	52086582	S3C11H1L.3	test	198.00	197.30	232.12	0.8530
NC_060935.1	52092190	52092361	S3C11H1L.2	test	207.10	204.80	240.94	0.8595
NC_060935.1	52093041	52093212	S3C11H1L.2	test	204.10	202.40	238.12	0.8571
NC_060935.1	52096275	52096442	S3C11H1L.1	test	193.80	192.80	226.82	0.8544
NC_060935.1	52100013	52100184	S3C11H1L.3	test	201.00	199.70	234.94	0.8555
NC_060935.1	52106304	52106475	S3C11H1L.5	test	196.80	196.00	230.59	0.8535
NC_060935.1	52108004	52108175	S3C11H1L.5	test	192.60	192.90	226.94	0.8487
NC_060935.1	52108854	52109025	S3C11H1L.5	test	195.80	195.60	230.12	0.8509
NC_060935.1	52112934	52113104	S3C11H1L.4	test	191.50	192.10	226.00	0.8473
NC_060935.1	52116842	52117013	S3C11H1L.2	test	204.30	202.70	238.47	0.8567
NC_060935.1	52117013	52117184	S3C11H1L.3	test	201.00	199.70	234.94	0.8555
NC_060935.1	52120075	52120242	S3C11H1L.1	test	188.80	188.90	222.24	0.8496
NC_060935.1	52122625	52122792	S3C11H1L.1	test	188.50	188.20	221.41	0.8514
NC_060935.1	52128234	52128404	S3C11H1L.4	test	191.90	192.20	226.12	0.8487
NC_060935.1	52129254	52129425	S3C11H1L.5	test	196.80	196.00	230.59	0.8535
NC_060935.1	52129592	52129763	S3C11H1L.2	test	207.10	204.80	240.94	0.8595
NC_060935.1	52142342	52142513	S3C11H1L.2	test	198.70	198.00	232.94	0.8530
NC_060935.1	52145742	52145913	S3C11H1L.2	test	188.50	188.70	222.00	0.8491
NC_060935.1	52149825	52149992	S3C11H1L.1	test	190.60	191.00	224.71	0.8482
NC_060935.1	52152375	52152542	S3C11H1L.1	test	194.70	193.90	228.12	0.8535
NC_060935.1	52153221	52153392	S3C11H1L.5	test	192.30	192.80	226.82	0.8478
NC_060935.1	52155092	52155259	S3C11H1L.1	test	183.70	184.60	217.18	0.8459
NC_060935.1	52155771	52155942	S3C11H1L.5	test	197.90	197.70	232.59	0.8509
NC_060935.1	52157642	52157809	S3C11H1L.1	test	193.60	193.30	227.41	0.8513
NC_060935.1	52160701	52160871	S3C11H1L.4	test	186.00	187.60	220.71	0.8428
NC_060935.1	52161721	52161892	S3C11H1L.5	test	184.30	186.00	218.82	0.8422
NC_060935.1	52163077	52163248	S3C11H1L.3	test	195.60	196.20	230.82	0.8474
NC_060935.1	52164777	52164948	S3C11H1L.3	test	205.40	203.70	239.65	0.8571
NC_060935.1	52166306	52166477	S3C11H1L.2	test	195.20	195.50	230.00	0.8487
NC_060935.1	52166648	52166818	S3C11H1L.4	test	194.60	194.50	228.82	0.8504
NC_060935.1	52175825	52175996	S3C11H1L.3	test	201.00	199.70	234.94	0.8555
NC_060935.1	52176846	52177016	S3C11H1L.4	test	187.70	189.30	222.71	0.8428
NC_060935.1	52183987	52184154	S3C11H1L.1	test	189.30	189.40	222.82	0.8496
NC_060935.1	52185175	52185346	S3C11H1L.3	test	201.70	201.00	236.47	0.8530
NC_060935.1	52186366	52186537	S3C11H1L.5	test	191.80	191.70	225.53	0.8504
NC_060935.1	52196053	52196224	S3C11H1L.2	test	201.00	199.90	235.18	0.8547
NC_060935.1	52197923	52198094	S3C11H1L.3	test	202.60	201.20	236.71	0.8559
NC_060935.1	52198435	52198602	S3C11H1L.1	test	196.70	195.90	230.47	0.8535
NC_060935.1	52200135	52200302	S3C11H1L.1	test	193.50	193.20	227.29	0.8513
NC_060935.1	52205913	52206084	S3C11H1L.5	test	195.80	195.60	230.12	0.8509
NC_060935.1	52206084	52206251	S3C11H1L.1	test	196.70	195.90	230.47	0.8535
NC_060935.1	52206593	52206763	S3C11H1L.4	test	191.90	192.10	226.00	0.8491
NC_060935.1	52211184	52211351	S3C11H1L.1	test	198.10	197.40	232.24	0.8530
NC_060935.1	52211522	52211693	S3C11H1L.3	test	198.60	198.60	233.65	0.8500
NC_060935.1	52213562	52213733	S3C11H1L.5	test	192.10	191.80	225.65	0.8513
NC_060935.1	52215433	52215600	S3C11H1L.1	test	193.00	192.40	226.35	0.8527
NC_060935.1	52215771	52215942	S3C11H1L.3	test	205.20	203.50	239.41	0.8571
NC_060935.1	52220021	52220192	S3C11H1L.3	test	198.60	198.60	233.65	0.8500
NC_060935.1	52222399	52222570	S3C11H1L.2	test	195.20	195.10	229.53	0.8504
NC_060935.1	52225120	52225291	S3C11H1L.3	test	198.60	198.60	233.65	0.8500
NC_060935.1	52226649	52226819	S3C11H1L.2	test	199.80	199.30	234.47	0.8521
NC_060935.1	52226819	52226990	S3C11H1L.3	test	198.00	197.30	232.12	0.8530
NC_060935.1	52232093	52232264	S3C11H1L.5	test	196.20	196.10	230.71	0.8504
NC_060935.1	52238214	52238381	S3C11H1L.1	test	194.10	193.60	227.76	0.8522
NC_060935.1	52240930	52241101	S3C11H1L.2	test	207.10	204.80	240.94	0.8595
NC_060935.1	52245522	52245691	S3C11H1L.4	test	186.40	186.80	219.76	0.8482
NC_060935.1	52247562	52247729	S3C11H1L.1	test	196.70	195.90	230.47	0.8535
NC_060935.1	52254191	52254362	S3C11H1L.5	test	196.80	196.00	230.59	0.8535
NC_060935.1	52263877	52264048	S3C11H1L.2	test	207.10	204.80	240.94	0.8595
NC_060935.1	52266260	52266427	S3C11H1L.1	test	196.70	195.90	230.47	0.8535
NC_060935.1	52266939	52267110	S3C11H1L.5	test	193.60	193.40	227.53	0.8509
NC_060935.1	52267110	52267277	S3C11H1L.1	test	193.00	193.10	227.18	0.8496
NC_060935.1	52270509	52270676	S3C11H1L.1	test	190.60	190.90	224.59	0.8487
NC_060935.1	52272718	52272888	S3C11H1L.4	test	194.60	194.50	228.82	0.8504
NC_060935.1	52273226	52273397	S3C11H1L.2	test	193.60	193.50	227.65	0.8504
NC_060935.1	52275608	52275775	S3C11H1L.1	test	193.60	193.30	227.41	0.8513
NC_060935.1	52276458	52276625	S3C11H1L.1	test	183.50	184.90	217.53	0.8436
NC_060935.1	52284446	52284617	S3C11H1L.3	test	203.90	202.10	237.76	0.8576
NC_060935.1	52287675	52287846	S3C11H1L.2	test	193.60	193.50	227.65	0.8504
NC_060935.1	52295325	52295496	S3C11H1L.2	test	207.10	204.80	240.94	0.8595
NC_060935.1	52296687	52296858	S3C11H1L.5	test	196.80	196.00	230.59	0.8535
NC_060935.1	52308757	52308924	S3C11H1L.1	test	196.70	195.90	230.47	0.8535
NC_060935.1	52314873	52315044	S3C11H1L.2	test	204.30	202.70	238.47	0.8567
NC_060935.1	52318444	52318615	S3C11H1L.3	test	201.00	199.70	234.94	0.8555
NC_060935.1	52318785	52318956	S3C11H1L.5	test	189.70	190.50	224.12	0.8464
NC_060935.1	52326265	52326435	S3C11H1L.4	test	191.30	192.00	225.88	0.8469
NC_060935.1	52338672	52338843	S3C11H1L.2	test	204.20	202.30	238.00	0.8580
NC_060935.1	52344454	52344621	S3C11H1L.1	test	196.70	195.90	230.47	0.8535
NC_060935.1	52344621	52344792	S3C11H1L.2	test	203.50	202.00	237.65	0.8563
NC_060935.1	52356692	52356863	S3C11H1L.3	test	197.40	197.00	231.76	0.8517
NC_060935.1	52358733	52358904	S3C11H1L.5	test	199.00	198.20	233.18	0.8534
NC_060935.1	52361621	52361792	S3C11H1L.2	test	207.10	204.80	240.94	0.8595
NC_060935.1	52363662	52363832	S3C11H1L.4	test	193.10	193.00	227.06	0.8504
NC_060935.1	52369781	52369952	S3C11H1L.5	test	196.50	196.00	230.59	0.8522
NC_060935.1	52370969	52371140	S3C11H1L.2	test	199.30	198.20	233.18	0.8547
NC_060935.1	52371311	52371481	S3C11H1L.4	test	192.60	192.50	226.47	0.8504
NC_060935.1	52372839	52373009	S3C11H1L.3	test	176.40	180.90	212.82	0.8289
NC_060935.1	52374029	52374200	S3C11H1L.5	test	195.80	195.60	230.12	0.8509
NC_060935.1	52376579	52376750	S3C11H1L.5	test	194.10	193.90	228.12	0.8509
NC_060935.1	52378959	52379129	S3C11H1L.4	test	191.50	192.10	226.00	0.8473
NC_060935.1	52380487	52380658	S3C11H1L.3	test	205.20	203.50	239.41	0.8571
NC_060935.1	52380999	52381166	S3C11H1L.1	test	193.00	193.10	227.18	0.8496
NC_060935.1	52382866	52383037	S3C11H1L.2	test	204.20	202.30	238.00	0.8580
NC_060935.1	52384057	52384227	S3C11H1L.4	test	187.70	189.30	222.71	0.8428
NC_060935.1	52385586	52385757	S3C11H1L.3	test	196.30	196.60	231.29	0.8487
NC_060935.1	52390343	52390510	S3C11H1L.1	test	187.30	188.20	221.41	0.8459
NC_060935.1	52392380	52392551	S3C11H1L.3	test	201.00	199.70	234.94	0.8555
NC_060935.1	52394251	52394421	S3C11H1L.4	test	191.90	192.10	226.00	0.8491
NC_060935.1	52399692	52399859	S3C11H1L.1	test	182.70	184.10	216.59	0.8435
NC_060935.1	52400199	52400369	S3C11H1L.4	test	186.00	187.60	220.71	0.8428
NC_060935.1	52401898	52402068	S3C11H1L.4	test	191.30	192.00	225.88	0.8469
NC_060935.1	52403256	52403427	S3C11H1L.2	test	198.30	197.80	232.71	0.8521
NC_060935.1	52408866	52409036	S3C11H1L.5	test	183.30	185.90	218.71	0.8381
NC_060935.1	52420932	52421098	S3C11H1L.1	test	189.20	190.20	223.76	0.8455
NC_060935.1	52424160	52424331	S3C11H1L.5	test	193.60	193.40	227.53	0.8509
NC_060935.1	52429090	52429260	S3C11H1L.4	test	194.60	194.50	228.82	0.8504
NC_060935.1	52436738	52436909	S3C11H1L.5	test	185.70	186.50	219.41	0.8464
NC_060935.1	52440818	52440989	S3C11H1L.5	test	195.80	195.60	230.12	0.8509
NC_060935.1	52441498	52441668	S3C11H1L.4	test	194.60	194.50	228.82	0.8504
NC_060935.1	52446939	52447106	S3C11H1L.1	test	185.20	185.80	218.59	0.8473
NC_060935.1	52449655	52449826	S3C11H1L.2	test	201.30	200.20	235.53	0.8547
NC_060935.1	52451017	52451188	S3C11H1L.5	test	196.80	196.00	230.59	0.8535
NC_060935.1	52453738	52453905	S3C11H1L.1	test	196.70	195.90	230.47	0.8535
NC_060935.1	52457987	52458154	S3C11H1L.1	test	193.40	193.20	227.29	0.8509
NC_060935.1	52458837	52459004	S3C11H1L.1	test	187.00	187.40	220.47	0.8482
NC_060935.1	52459516	52459687	S3C11H1L.5	test	190.30	191.10	224.82	0.8464
NC_060935.1	52461387	52461553	S3C11H1L.1	test	184.50	185.50	218.24	0.8454
NC_060935.1	52461895	52462065	S3C11H1L.4	test	194.60	194.50	228.82	0.8504
NC_060935.1	52463765	52463936	S3C11H1L.5	test	197.20	196.40	231.06	0.8535
NC_060935.1	52467335	52467502	S3C11H1L.1	test	193.00	193.10	227.18	0.8496
NC_060935.1	52470052	52470223	S3C11H1L.2	test	207.10	204.80	240.94	0.8595
NC_060935.1	52470735	52470902	S3C11H1L.1	test	193.00	193.10	227.18	0.8496
NC_060935.1	52471923	52472094	S3C11H1L.3	test	201.00	199.70	234.94	0.8555
NC_060935.1	52472602	52472773	S3C11H1L.2	test	204.30	202.70	238.47	0.8567
NC_060935.1	52478213	52478384	S3C11H1L.5	test	194.10	193.70	227.88	0.8518
NC_060935.1	52479062	52479233	S3C11H1L.5	test	191.80	191.60	225.41	0.8509
NC_060935.1	52482462	52482633	S3C11H1L.5	test	195.80	195.60	230.12	0.8509
NC_060935.1	52483821	52483992	S3C11H1L.3	test	205.20	203.50	239.41	0.8571
NC_060935.1	52495550	52495721	S3C11H1L.2	test	207.10	204.80	240.94	0.8595
NC_060935.1	52497250	52497421	S3C11H1L.2	test	202.00	200.50	235.88	0.8564
NC_060935.1	52499632	52499798	S3C11H1L.1	test	189.60	190.40	224.00	0.8464
NC_060935.1	52501498	52501669	S3C11H1L.2	test	194.40	194.50	228.82	0.8496
NC_060935.1	52503031	52503198	S3C11H1L.1	test	189.90	189.70	223.18	0.8509
NC_060935.1	52508298	52508469	S3C11H1L.2	test	204.30	202.70	238.47	0.8567
NC_060935.1	52509827	52509994	S3C11H1L.1	test	186.90	187.30	220.35	0.8482
NC_060935.1	52509994	52510165	S3C11H1L.2	test	204.10	202.50	238.24	0.8567
NC_060935.1	52515436	52515606	S3C11H1L.4	test	194.60	194.50	228.82	0.8504
NC_060935.1	52532431	52532601	S3C11H1L.4	test	191.30	192.00	225.88	0.8469
NC_060935.1	52532601	52532772	S3C11H1L.5	test	194.20	193.90	228.12	0.8513
NC_060935.1	52534810	52534981	S3C11H1L.3	test	188.90	190.10	223.65	0.8446
NC_060935.1	52537531	52537701	S3C11H1L.4	test	190.80	191.60	225.41	0.8465
NC_060935.1	52538210	52538381	S3C11H1L.3	test	198.60	198.60	233.65	0.8500
NC_060935.1	52539060	52539231	S3C11H1L.3	test	197.40	197.00	231.76	0.8517
NC_060935.1	52539401	52539572	S3C11H1L.5	test	197.90	197.70	232.59	0.8509
NC_060935.1	52540760	52540931	S3C11H1L.3	test	198.00	197.30	232.12	0.8530
NC_060935.1	52545351	52545522	S3C11H1L.5	test	196.80	196.00	230.59	0.8535
NC_060935.1	52547731	52547901	S3C11H1L.4	test	190.80	191.60	225.41	0.8465
NC_060935.1	52550110	52550281	S3C11H1L.3	test	190.10	190.60	224.24	0.8478
NC_060935.1	52550451	52550622	S3C11H1L.5	test	196.80	196.00	230.59	0.8535
NC_060935.1	52561672	52561839	S3C11H1L.1	test	193.40	193.20	227.29	0.8509
NC_060935.1	52563201	52563372	S3C11H1L.5	test	194.00	193.70	227.88	0.8513
NC_060935.1	52570339	52570510	S3C11H1L.2	test	207.10	204.80	240.94	0.8595
NC_060935.1	52573231	52573401	S3C11H1L.4	test	194.60	194.50	228.82	0.8504
NC_060935.1	52575781	52575951	S3C11H1L.4	test	194.60	194.50	228.82	0.8504
NC_060935.1	52577651	52577822	S3C11H1L.5	test	196.80	196.00	230.59	0.8535
NC_060935.1	52577822	52577989	S3C11H1L.1	test	191.10	191.30	225.06	0.8491
NC_060935.1	52578501	52578672	S3C11H1L.5	test	191.30	191.60	225.41	0.8487
NC_060935.1	52582920	52583087	S3C11H1L.1	test	192.20	192.00	225.88	0.8509
NC_060935.1	52585808	52585979	S3C11H1L.3	test	186.20	189.30	222.71	0.8361
NC_060935.1	52587679	52587849	S3C11H1L.4	test	192.00	192.30	226.24	0.8487
NC_060935.1	52589379	52589549	S3C11H1L.4	test	194.60	194.50	228.82	0.8504
NC_060935.1	52591420	52591587	S3C11H1L.1	test	191.10	191.30	225.06	0.8491
NC_060935.1	52597197	52597368	S3C11H1L.5	test	194.00	193.70	227.88	0.8513
NC_060935.1	52598218	52598385	S3C11H1L.1	test	193.00	193.10	227.18	0.8496
NC_060935.1	52603147	52603318	S3C11H1L.5	test	186.80	187.80	220.94	0.8455
NC_060935.1	52613177	52613347	S3C11H1L.4	test	191.30	192.00	225.88	0.8469
NC_060935.1	52614368	52614535	S3C11H1L.1	test	193.80	192.80	226.82	0.8544
NC_060935.1	52614877	52615047	S3C11H1L.4	test	191.30	192.00	225.88	0.8469
NC_060935.1	52624567	52624734	S3C11H1L.1	test	183.70	184.60	217.18	0.8459
NC_060935.1	52624904	52625075	S3C11H1L.3	test	201.00	199.70	234.94	0.8555
NC_060935.1	52628981	52629152	S3C11H1L.2	test	204.20	202.30	238.00	0.8580
NC_060935.1	52631362	52631529	S3C11H1L.1	test	194.70	193.90	228.12	0.8535
NC_060935.1	52634420	52634590	S3C11H1L.4	test	194.60	194.50	228.82	0.8504
NC_060935.1	52636970	52637140	S3C11H1L.4	test	194.60	194.50	228.82	0.8504
NC_060935.1	52639520	52639690	S3C11H1L.4	test	194.60	194.50	228.82	0.8504
NC_060935.1	52640711	52640878	S3C11H1L.1	test	186.90	187.30	220.35	0.8482
NC_060935.1	52641049	52641220	S3C11H1L.3	test	197.70	197.00	231.76	0.8530
NC_060935.1	52641561	52641728	S3C11H1L.1	test	191.60	190.80	224.47	0.8536
NC_060935.1	52643940	52644111	S3C11H1L.5	test	185.10	186.60	219.53	0.8432
NC_060935.1	52647168	52647335	S3C11H1L.1	test	180.60	182.30	214.47	0.8421
NC_060935.1	52647676	52647846	S3C11H1L.4	test	194.60	194.50	228.82	0.8504
NC_060935.1	52648184	52648355	S3C11H1L.2	test	207.10	204.80	240.94	0.8595
NC_060935.1	52650053	52650224	S3C11H1L.3	test	198.10	197.50	232.35	0.8526
NC_060935.1	52653964	52654131	S3C11H1L.1	test	183.70	184.60	217.18	0.8459
NC_060935.1	52654472	52654642	S3C11H1L.4	test	194.60	194.50	228.82	0.8504
NC_060935.1	52657871	52658041	S3C11H1L.4	test	194.60	194.50	228.82	0.8504
NC_060935.1	52659229	52659400	S3C11H1L.2	test	201.00	199.90	235.18	0.8547
NC_060935.1	52659741	52659912	S3C11H1L.5	test	189.50	190.50	224.12	0.8455
NC_060935.1	52660591	52660762	S3C11H1L.5	test	199.00	198.20	233.18	0.8534
NC_060935.1	52664671	52664841	S3C11H1L.4	test	194.60	194.50	228.82	0.8504
NC_060935.1	52664841	52665012	S3C11H1L.5	test	193.60	193.40	227.53	0.8509
NC_060935.1	52667391	52667562	S3C11H1L.5	test	188.50	189.10	222.47	0.8473
NC_060935.1	52685407	52685578	S3C11H1L.3	test	199.50	198.90	234.00	0.8526
NC_060935.1	52685919	52686086	S3C11H1L.1	test	193.00	193.10	227.18	0.8496
NC_060935.1	52688467	52688634	S3C11H1L.1	test	190.30	190.80	224.47	0.8478
NC_060935.1	52690167	52690334	S3C11H1L.1	test	193.40	193.20	227.29	0.8509
NC_060935.1	52694583	52694754	S3C11H1L.2	test	204.20	202.30	238.00	0.8580
NC_060935.1	52695095	52695266	S3C11H1L.5	test	190.30	191.10	224.82	0.8464
NC_060935.1	52697983	52698154	S3C11H1L.2	test	204.20	202.30	238.00	0.8580
NC_060935.1	52699854	52700025	S3C11H1L.3	test	192.20	193.70	227.88	0.8434
NC_060935.1	52706994	52707165	S3C11H1L.5	test	190.90	191.60	225.41	0.8469
NC_060935.1	52711074	52711244	S3C11H1L.4	test	187.90	189.40	222.82	0.8433
NC_060935.1	52712265	52712432	S3C11H1L.1	test	188.90	189.40	222.82	0.8478
NC_060935.1	52717703	52717874	S3C11H1L.3	test	201.00	199.70	234.94	0.8555
NC_060935.1	52720765	52720932	S3C11H1L.1	test	190.90	191.00	224.71	0.8496
NC_060935.1	52721615	52721782	S3C11H1L.1	test	196.70	195.90	230.47	0.8535
NC_060935.1	52725522	52725692	S3C11H1L.4	test	194.60	194.50	228.82	0.8504
NC_060935.1	52725692	52725863	S3C11H1L.5	test	194.10	193.70	227.88	0.8518
NC_060935.1	52729601	52729772	S3C11H1L.3	test	189.20	191.50	225.29	0.8398
NC_060935.1	52741159	52741326	S3C11H1L.1	test	187.00	187.40	220.47	0.8482
NC_060935.1	52746259	52746426	S3C11H1L.1	test	196.70	195.90	230.47	0.8535
NC_060935.1	52748464	52748634	S3C11H1L.4	test	188.20	189.60	223.06	0.8437
NC_060935.1	52748805	52748972	S3C11H1L.1	test	193.40	193.20	227.29	0.8509
NC_060935.1	52749484	52749655	S3C11H1L.5	test	193.60	193.40	227.53	0.8509
NC_060935.1	52753734	52753905	S3C11H1L.5	test	193.60	193.40	227.53	0.8509
NC_060935.1	52753905	52754072	S3C11H1L.1	test	186.00	187.60	220.71	0.8428
NC_060935.1	52767671	52767842	S3C11H1L.2	test	186.90	188.20	221.41	0.8441
NC_060935.1	52768863	52769033	S3C11H1L.4	test	193.20	193.00	227.06	0.8509
NC_060935.1	52769883	52770054	S3C11H1L.5	test	193.30	193.40	227.53	0.8496
NC_060935.1	52773792	52773963	S3C11H1L.3	test	199.20	199.00	234.12	0.8509
NC_060935.1	52774133	52774304	S3C11H1L.5	test	190.80	191.20	224.94	0.8482
NC_060935.1	52775662	52775832	S3C11H1L.4	test	192.00	192.30	226.24	0.8487
NC_060935.1	52782802	52782969	S3C11H1L.1	test	193.50	193.20	227.29	0.8513
NC_060935.1	52788581	52788752	S3C11H1L.5	test	193.60	193.40	227.53	0.8509
NC_060935.1	52792319	52792493	S3C11H1L.2	test	184.80	187.40	220.47	0.8382
NC_060935.1	52793005	52793172	S3C11H1L.1	test	190.90	190.50	224.12	0.8518
NC_060935.1	52795555	52795722	S3C11H1L.1	test	193.80	192.80	226.82	0.8544
NC_060935.1	52800143	52800314	S3C11H1L.3	test	203.30	202.00	237.65	0.8555
NC_060935.1	52807458	52807625	S3C11H1L.1	test	193.60	193.30	227.41	0.8513
NC_060935.1	52807796	52807966	S3C11H1L.3	test	192.50	192.10	226.00	0.8518
NC_060935.1	52810345	52810516	S3C11H1L.3	test	189.70	191.40	225.18	0.8425
NC_060935.1	52812386	52812557	S3C11H1L.5	test	190.10	190.10	223.65	0.8500
NC_060935.1	52817160	52817331	S3C11H1L.3	test	198.60	198.60	233.65	0.8500
NC_060935.1	52834501	52834672	S3C11H1L.5	test	197.20	196.40	231.06	0.8535
NC_060935.1	52836031	52836201	S3C11H1L.4	test	194.60	194.50	228.82	0.8504
NC_060935.1	52844701	52844872	S3C11H1L.5	test	196.20	195.90	230.47	0.8513
NC_060935.1	52848781	52848951	S3C11H1L.4	test	194.60	194.50	228.82	0.8504
NC_060935.1	52850651	52850822	S3C11H1L.5	test	196.20	195.90	230.47	0.8513
NC_060935.1	52855581	52855751	S3C11H1L.4	test	192.00	192.30	226.24	0.8487
NC_060935.1	52855922	52856089	S3C11H1L.1	test	188.20	188.90	222.24	0.8469
NC_060935.1	52856260	52856431	S3C11H1L.3	test	201.00	199.70	234.94	0.8555
NC_060935.1	52857451	52857622	S3C11H1L.5	test	196.20	195.90	230.47	0.8513
NC_060935.1	52863401	52863572	S3C11H1L.5	test	199.50	198.40	233.41	0.8547
NC_060935.1	52864081	52864251	S3C11H1L.4	test	194.60	194.50	228.82	0.8504
NC_060935.1	52866631	52866801	S3C11H1L.4	test	191.30	192.00	225.88	0.8469
NC_060935.1	52868839	52869010	S3C11H1L.2	test	204.20	202.30	238.00	0.8580
NC_060935.1	52871389	52871560	S3C11H1L.2	test	190.00	190.70	224.35	0.8469
NC_060935.1	52876660	52876831	S3C11H1L.3	test	198.00	198.30	233.29	0.8487
NC_060935.1	52879722	52879889	S3C11H1L.1	test	193.40	193.20	227.29	0.8509
NC_060935.1	52888899	52889070	S3C11H1L.5	test	193.60	193.40	227.53	0.8509
NC_060935.1	52892807	52892978	S3C11H1L.3	test	201.70	201.00	236.47	0.8530
NC_060935.1	52895697	52895868	S3C11H1L.5	test	197.90	197.70	232.59	0.8509
NC_060935.1	52903683	52903854	S3C11H1L.2	test	204.10	202.50	238.24	0.8567
NC_060935.1	52909123	52909293	S3C11H1L.4	test	194.60	194.50	228.82	0.8504
NC_060935.1	52909293	52909464	S3C11H1L.5	test	194.10	193.70	227.88	0.8518
NC_060935.1	52914562	52914729	S3C11H1L.1	test	187.20	188.40	221.65	0.8446
NC_060935.1	52915071	52915241	S3C11H1L.4	test	192.00	192.30	226.24	0.8487
NC_060935.1	52915750	52915921	S3C11H1L.3	test	188.30	189.70	223.18	0.8437
NC_060935.1	52917620	52917790	S3C11H1L.4	test	194.60	194.50	228.82	0.8504
NC_060935.1	52917790	52917961	S3C11H1L.5	test	194.10	193.70	227.88	0.8518
NC_060935.1	52922888	52923059	S3C11H1L.5	test	190.10	191.00	224.71	0.8460
NC_060935.1	52926288	52926459	S3C11H1L.5	test	196.80	196.00	230.59	0.8535
NC_060935.1	52927476	52927647	S3C11H1L.2	test	185.70	186.60	219.53	0.8459
NC_060935.1	52930368	52930538	S3C11H1L.4	test	194.60	194.50	228.82	0.8504
NC_060935.1	52934276	52934447	S3C11H1L.2	test	204.10	202.50	238.24	0.8567
NC_060935.1	52934618	52934788	S3C11H1L.4	test	194.60	194.50	228.82	0.8504
NC_060935.1	52937168	52937338	S3C11H1L.4	test	182.90	184.80	217.41	0.8413
NC_060935.1	52954507	52954672	S3C11H1L.1	test	184.90	185.60	218.35	0.8468
NC_060935.1	52955695	52955866	S3C11H1L.3	test	198.00	198.30	233.29	0.8487
NC_060935.1	52960966	52961136	S3C11H1L.4	test	194.60	194.50	228.82	0.8504
NC_060935.1	52969294	52969465	S3C11H1L.3	test	196.30	196.60	231.29	0.8487
NC_060935.1	52975072	52975243	S3C11H1L.2	test	198.20	197.50	232.35	0.8530
NC_060935.1	52982040	52982211	S3C11H1L.3	test	198.00	198.30	233.29	0.8487
NC_060935.1	52987650	52987817	S3C11H1L.1	test	193.80	192.80	226.82	0.8544
NC_060935.1	52991216	52991387	S3C11H1L.2	test	185.80	186.20	219.06	0.8482
NC_060935.1	52994277	52994448	S3C11H1L.5	test	188.50	189.10	222.47	0.8473
NC_060935.1	52996148	52996315	S3C11H1L.1	test	193.80	192.80	226.82	0.8544
NC_060935.1	52998526	52998697	S3C11H1L.5	test	197.90	197.70	232.59	0.8509
NC_060935.1	53000563	53000734	S3C11H1L.2	test	204.30	202.70	238.47	0.8567
NC_060935.1	53004641	53004808	S3C11H1L.1	test	198.10	197.40	232.24	0.8530
NC_060935.1	53005491	53005657	S3C11H1L.1	test	189.00	188.90	222.24	0.8504
NC_060935.1	53009569	53009740	S3C11H1L.5	test	194.10	193.90	228.12	0.8509
NC_060935.1	53012969	53013140	S3C11H1L.5	test	196.80	196.00	230.59	0.8535
NC_060935.1	53013819	53013990	S3C11H1L.5	test	193.60	193.40	227.53	0.8509
NC_060935.1	53017390	53017557	S3C11H1L.1	test	193.40	193.20	227.29	0.8509
NC_060935.1	53018919	53019090	S3C11H1L.5	test	187.10	188.50	221.76	0.8437
NC_060935.1	53020278	53020449	S3C11H1L.3	test	200.10	199.20	234.35	0.8538
NC_060935.1	53024190	53024357	S3C11H1L.1	test	187.00	187.40	220.47	0.8482
NC_060935.1	53026907	53027078	S3C11H1L.2	test	190.00	190.70	224.35	0.8469
NC_060935.1	53028440	53028607	S3C11H1L.1	test	188.00	188.70	222.00	0.8468
NC_060935.1	53030307	53030478	S3C11H1L.2	test	189.20	189.30	222.71	0.8496
NC_060935.1	53034899	53035069	S3C11H1L.4	test	192.20	192.30	226.24	0.8496
NC_060935.1	53041869	53042040	S3C11H1L.5	test	196.20	195.90	230.47	0.8513
NC_060935.1	53047478	53047649	S3C11H1L.3	test	181.00	185.50	218.24	0.8294
NC_060935.1	53048840	53049007	S3C11H1L.1	test	189.90	189.70	223.18	0.8509
NC_060935.1	53050028	53050199	S3C11H1L.3	test	193.00	194.30	228.59	0.8443
NC_060935.1	53052239	53052406	S3C11H1L.1	test	193.60	193.30	227.41	0.8513
NC_060935.1	53062944	53063114	S3C11H1L.4	test	187.70	189.30	222.71	0.8428
NC_060935.1	53063114	53063285	S3C11H1L.5	test	190.80	191.30	225.06	0.8478
NC_060935.1	53064644	53064814	S3C11H1L.4	test	189.50	190.20	223.76	0.8469
NC_060935.1	53064814	53064985	S3C11H1L.5	test	193.60	193.40	227.53	0.8509
NC_060935.1	53065493	53065663	S3C11H1L.4	test	194.60	194.50	228.82	0.8504
NC_060935.1	53077221	53077391	S3C11H1L.4	test	191.50	192.10	226.00	0.8473
NC_060935.1	53087417	53087587	S3C11H1L.4	test	192.00	192.30	226.24	0.8487
NC_060935.1	53093705	53093872	S3C11H1L.1	test	189.80	189.60	223.06	0.8509
NC_060935.1	53095743	53095914	S3C11H1L.3	test	201.00	199.70	234.94	0.8555
NC_060935.1	53096084	53096255	S3C11H1L.5	test	193.60	193.40	227.53	0.8509
NC_060935.1	53102544	53102714	S3C11H1L.4	test	194.60	194.50	228.82	0.8504
NC_060935.1	53104072	53104243	S3C11H1L.3	test	201.70	201.00	236.47	0.8530
NC_060935.1	53107133	53107300	S3C11H1L.1	test	191.40	191.20	224.94	0.8509
NC_060935.1	53116141	53116311	S3C11H1L.4	test	194.60	194.50	228.82	0.8504
NC_060935.1	53116311	53116482	S3C11H1L.5	test	190.30	190.80	224.47	0.8478
NC_060935.1	53118520	53118691	S3C11H1L.3	test	201.00	199.70	234.94	0.8555
NC_060935.1	53124297	53124468	S3C11H1L.2	test	204.30	202.40	238.12	0.8580
NC_060935.1	53124468	53124639	S3C11H1L.3	test	208.40	206.10	242.47	0.8595
NC_060935.1	53125659	53125830	S3C11H1L.5	test	196.80	196.00	230.59	0.8535
NC_060935.1	53126168	53126339	S3C11H1L.3	test	205.20	203.50	239.41	0.8571
NC_060935.1	53134496	53134667	S3C11H1L.2	test	191.90	191.40	225.18	0.8522
NC_060935.1	53134838	53135008	S3C11H1L.4	test	192.20	192.30	226.24	0.8496
NC_060935.1	53135179	53135346	S3C11H1L.1	test	193.80	192.80	226.82	0.8544
NC_060935.1	53135688	53135858	S3C11H1L.4	test	191.50	192.10	226.00	0.8473
NC_060935.1	53138408	53138579	S3C11H1L.5	test	194.10	193.70	227.88	0.8518
NC_060935.1	53142996	53143167	S3C11H1L.2	test	202.50	200.60	236.00	0.8581
NC_060935.1	53144528	53144695	S3C11H1L.1	test	188.00	189.30	222.71	0.8442
NC_060935.1	53154215	53154386	S3C11H1L.3	test	201.70	201.00	236.47	0.8530
NC_060935.1	53156255	53156426	S3C11H1L.5	test	194.00	193.90	228.12	0.8504
NC_060935.1	53156764	53156935	S3C11H1L.3	test	198.00	197.30	232.12	0.8530
NC_060935.1	53160505	53160676	S3C11H1L.5	test	194.00	193.90	228.12	0.8504
NC_060935.1	53161014	53161185	S3C11H1L.3	test	198.00	197.30	232.12	0.8530
NC_060935.1	53164076	53164243	S3C11H1L.1	test	193.60	193.30	227.41	0.8513
NC_060935.1	53167135	53167305	S3C11H1L.4	test	191.50	192.20	226.12	0.8469
NC_060935.1	53169855	53170026	S3C11H1L.5	test	196.80	196.00	230.59	0.8535
NC_060935.1	53170026	53170193	S3C11H1L.1	test	193.40	193.20	227.29	0.8509
NC_060935.1	53179714	53179885	S3C11H1L.3	test	201.00	199.70	234.94	0.8555
NC_060935.1	53189405	53189576	S3C11H1L.5	test	191.80	191.60	225.41	0.8509
NC_060935.1	53192976	53193143	S3C11H1L.1	test	194.10	193.60	227.76	0.8522
NC_060935.1	53193826	53193993	S3C11H1L.1	test	193.60	193.30	227.41	0.8513
NC_060935.1	53198243	53198414	S3C11H1L.2	test	195.30	195.40	229.88	0.8496
NC_060935.1	53202326	53202493	S3C11H1L.1	test	196.70	195.90	230.47	0.8535
NC_060935.1	53207935	53208105	S3C11H1L.4	test	188.80	189.80	223.29	0.8455
NC_060935.1	53210993	53211164	S3C11H1L.2	test	187.30	188.60	221.88	0.8441
NC_060935.1	53213375	53213542	S3C11H1L.1	test	193.60	193.30	227.41	0.8513
NC_060935.1	53215242	53215413	S3C11H1L.2	test	204.10	202.50	238.24	0.8567
NC_060935.1	53218133	53218303	S3C11H1L.4	test	187.70	189.30	222.71	0.8428
NC_060935.1	53221191	53221362	S3C11H1L.2	test	190.00	190.70	224.35	0.8469
NC_060935.1	53234794	53234965	S3C11H1L.3	test	195.70	196.50	231.18	0.8465
NC_060935.1	53236494	53236665	S3C11H1L.3	test	195.70	196.50	231.18	0.8465
NC_060935.1	53237006	53237173	S3C11H1L.1	test	195.10	194.30	228.59	0.8535
NC_060935.1	53237856	53238023	S3C11H1L.1	test	193.00	193.10	227.18	0.8496
NC_060935.1	53239215	53239385	S3C11H1L.4	test	189.90	190.10	223.65	0.8491
NC_060935.1	53239894	53240065	S3C11H1L.3	test	189.20	191.50	225.29	0.8398
NC_060935.1	53245504	53245671	S3C11H1L.1	test	187.00	187.40	220.47	0.8482
NC_060935.1	53249240	53249411	S3C11H1L.3	test	206.10	204.00	240.00	0.8588
NC_060935.1	53259611	53259782	S3C11H1L.5	test	190.60	191.10	224.82	0.8478
NC_060935.1	53263519	53263690	S3C11H1L.3	test	197.40	197.00	231.76	0.8517
NC_060935.1	53272359	53272530	S3C11H1L.5	test	195.80	195.60	230.12	0.8509
NC_060935.1	53276266	53276437	S3C11H1L.3	test	199.20	199.00	234.12	0.8509
NC_060935.1	53278645	53278816	S3C11H1L.2	test	192.10	192.50	226.47	0.8482
NC_060935.1	53290540	53290711	S3C11H1L.2	test	199.00	197.90	232.82	0.8547
NC_060935.1	53291223	53291390	S3C11H1L.1	test	189.00	189.40	222.82	0.8482
NC_060935.1	53304988	53305158	S3C11H1L.3/4	test	205.00	203.40	239.29	0.8567
NC_060935.1	53305158	53305329	S3C11H1L.5	test	190.10	190.70	224.35	0.8473
NC_060935.1	53308217	53308388	S3C11H1L.3	test	191.30	192.00	225.88	0.8469
NC_060935.1	53308896	53309067	S3C11H1L.2	test	204.20	202.30	238.00	0.8580
NC_060935.1	53309408	53309578	S3C11H1L.5	test	187.70	188.60	221.88	0.8459
NC_060935.1	53310256	53310427	S3C11H1L.5	test	188.00	188.60	221.88	0.8473
NC_060935.1	53313824	53313995	S3C11H1L.2	test	207.10	204.80	240.94	0.8595
NC_060935.1	53313995	53314166	S3C11H1L.3	test	201.70	201.00	236.47	0.8530
NC_060935.1	53326916	53327083	S3C11H1L.1	test	189.90	189.70	223.18	0.8509
NC_060935.1	53328614	53328781	S3C11H1L.1	test	193.60	193.30	227.41	0.8513
NC_060935.1	53329464	53329630	S3C11H1L.1	test	180.00	182.20	214.35	0.8397
NC_060935.1	53339821	53339988	S3C11H1L.1	test	193.00	193.10	227.18	0.8496
NC_060935.1	53343557	53343728	S3C11H1L.3	test	198.60	198.60	233.65	0.8500
NC_060935.1	53349505	53349676	S3C11H1L.3	test	199.20	199.00	234.12	0.8509
NC_060935.1	53354095	53354266	S3C11H1L.5	test	194.00	193.90	228.12	0.8504
NC_060935.1	53354266	53354433	S3C11H1L.1	test	190.00	190.50	224.12	0.8478
NC_060935.1	53354604	53354775	S3C11H1L.3	test	199.20	199.00	234.12	0.8509
NC_060935.1	53357495	53357666	S3C11H1L.5	test	190.80	191.20	224.94	0.8482
NC_060935.1	53359195	53359366	S3C11H1L.5	test	190.80	191.20	224.94	0.8482
NC_060935.1	53365654	53365825	S3C11H1L.3	test	208.40	206.10	242.47	0.8595
NC_060935.1	53370243	53370414	S3C11H1L.5	test	188.90	189.00	222.35	0.8496
NC_060935.1	53378230	53378401	S3C11H1L.2	test	203.70	202.10	237.76	0.8567
NC_060935.1	53384179	53384350	S3C11H1L.2	test	201.20	200.10	235.41	0.8547
NC_060935.1	53386562	53386729	S3C11H1L.1	test	191.90	191.70	225.53	0.8509
NC_060935.1	53387412	53387579	S3C11H1L.1	test	177.20	179.70	211.41	0.8382
NC_060935.1	53388940	53389111	S3C11H1L.5	test	186.10	186.90	219.88	0.8464
NC_060935.1	53391148	53391319	S3C11H1L.3	test	203.00	201.50	237.06	0.8563
NC_060935.1	53394887	53395058	S3C11H1L.5	test	196.80	196.10	230.71	0.8530
NC_060935.1	53395225	53395396	S3C11H1L.2	test	202.20	200.70	236.12	0.8564
NC_060935.1	53396587	53396758	S3C11H1L.5	test	190.00	189.70	223.18	0.8513
NC_060935.1	53402534	53402705	S3C11H1L.5	test	196.80	196.10	230.71	0.8530
NC_060935.1	53405255	53405422	S3C11H1L.1	test	186.60	187.20	220.24	0.8473
NC_060935.1	53409842	53410013	S3C11H1L.3	test	203.00	201.50	237.06	0.8563
NC_060935.1	53411883	53412054	S3C11H1L.5	test	190.40	191.20	224.94	0.8464
NC_060935.1	53413242	53413413	S3C11H1L.3	test	206.20	204.10	240.12	0.8587
NC_060935.1	53415963	53416133	S3C11H1L.4	test	189.70	190.20	223.76	0.8478
NC_060935.1	53416471	53416642	S3C11H1L.2	test	201.50	200.20	235.53	0.8555
NC_060935.1	53416983	53417154	S3C11H1L.5	test	199.00	198.20	233.18	0.8534
NC_060935.1	53424291	53424462	S3C11H1L.3	test	206.20	204.10	240.12	0.8587
NC_060935.1	53430752	53430919	S3C11H1L.1	test	189.90	189.70	223.18	0.8509
NC_060935.1	53431602	53431769	S3C11H1L.1	test	188.90	189.30	222.71	0.8482
NC_060935.1	53432619	53432790	S3C11H1L.2	test	201.40	200.30	235.65	0.8547
NC_060935.1	53433981	53434152	S3C11H1L.5	test	188.50	188.70	222.00	0.8491
NC_060935.1	53436189	53436360	S3C11H1L.3	test	208.40	206.10	242.47	0.8595
NC_060935.1	53438910	53439080	S3C11H1L.4	test	194.60	194.50	228.82	0.8504
NC_060935.1	53442817	53442988	S3C11H1L.2	test	204.10	202.50	238.24	0.8567
NC_060935.1	53445537	53445708	S3C11H1L.3	test	202.70	201.40	236.94	0.8555
NC_060935.1	53448937	53449107	S3C11H1L.3	test	192.40	191.80	225.65	0.8527
NC_060935.1	53450636	53450807	S3C11H1L.3	test	208.40	206.10	242.47	0.8595
NC_060935.1	53459132	53459303	S3C11H1L.3	test	208.40	206.10	242.47	0.8595
NC_060935.1	53460153	53460323	S3C11H1L.4	test	194.60	194.50	228.82	0.8504
NC_060935.1	53462194	53462360	S3C11H1L.1	test	182.30	182.00	214.12	0.8514
NC_060935.1	53468478	53468649	S3C11H1L.3	test	197.10	196.90	231.65	0.8509
NC_060935.1	53468649	53468819	S3C11H1L.4	test	191.50	192.20	226.12	0.8469
NC_060935.1	53468990	53469157	S3C11H1L.1	test	185.00	185.50	218.24	0.8477
NC_060935.1	53469499	53469669	S3C11H1L.4	test	193.10	193.00	227.06	0.8504
NC_060935.1	53473239	53473406	S3C11H1L.1	test	189.30	189.40	222.82	0.8496
NC_060935.1	53475275	53475446	S3C11H1L.3	test	201.00	199.70	234.94	0.8555
NC_060935.1	53476466	53476637	S3C11H1L.5	test	185.10	186.10	218.94	0.8454
NC_060935.1	53477316	53477487	S3C11H1L.5	test	196.80	196.00	230.59	0.8535
NC_060935.1	53477654	53477825	S3C11H1L.2	test	207.10	204.80	240.94	0.8595
NC_060935.1	53481395	53481565	S3C11H1L.4	test	189.90	190.20	223.76	0.8487
NC_060935.1	53488021	53488192	S3C11H1L.3	test	204.00	202.20	237.88	0.8576
NC_060935.1	53489550	53489721	S3C11H1L.2	test	201.70	200.40	235.76	0.8555
NC_060935.1	53490911	53491082	S3C11H1L.5	test	199.00	198.20	233.18	0.8534
NC_060935.1	53492269	53492440	S3C11H1L.3	test	208.40	206.10	242.47	0.8595
NC_060935.1	53495838	53496008	S3C11H1L.4	test	188.80	189.80	223.29	0.8455
NC_060935.1	53499237	53499407	S3C11H1L.4	test	188.60	189.60	223.06	0.8455
NC_060935.1	53500428	53500595	S3C11H1L.1	test	189.90	189.70	223.18	0.8509
NC_060935.1	53503316	53503487	S3C11H1L.3	test	200.90	199.70	234.94	0.8551
NC_060935.1	53505357	53505528	S3C11H1L.5	test	199.00	198.20	233.18	0.8534
NC_060935.1	53506887	53507057	S3C11H1L.4	test	188.60	189.60	223.06	0.8455
NC_060935.1	53509606	53509777	S3C11H1L.5	test	190.40	190.80	224.47	0.8482
NC_060935.1	53509944	53510115	S3C11H1L.2	test	204.30	202.70	238.47	0.8567
NC_060935.1	53510286	53510456	S3C11H1L.4	test	191.10	191.70	225.53	0.8473
NC_060935.1	53512665	53512836	S3C11H1L.3	test	205.40	203.60	239.53	0.8575
NC_060935.1	53531536	53531706	S3C11H1L.4	test	194.60	194.50	228.82	0.8504
NC_060935.1	53533065	53533236	S3C11H1L.3	test	206.20	204.10	240.12	0.8587
NC_060935.1	53535615	53535786	S3C11H1L.3	test	206.20	204.10	240.12	0.8587
NC_060935.1	53539865	53540036	S3C11H1L.3	test	203.20	201.70	237.29	0.8563
NC_060935.1	53541566	53541737	S3C11H1L.3	test	200.70	199.50	234.71	0.8551
NC_060935.1	53542416	53542587	S3C11H1L.3	test	201.80	200.00	235.29	0.8577
NC_060935.1	53543437	53543607	S3C11H1L.4	test	191.30	192.00	225.88	0.8469
NC_060935.1	53547007	53547178	S3C11H1L.5	test	195.00	194.20	228.47	0.8535
NC_060935.1	53548366	53548537	S3C11H1L.3	test	203.20	201.70	237.29	0.8563
NC_060935.1	53555336	53555506	S3C11H1L.4	test	194.60	194.50	228.82	0.8504
NC_060935.1	53557544	53557715	S3C11H1L.2	test	202.00	200.60	236.00	0.8559
NC_060935.1	53561795	53561966	S3C11H1L.2	test	207.10	204.80	240.94	0.8595
NC_060935.1	53569108	53569279	S3C11H1L.5	test	173.70	178.10	209.53	0.8290
NC_060935.1	53574209	53574380	S3C11H1L.5	test	189.00	189.50	222.94	0.8478
NC_060935.1	53575397	53575568	S3C11H1L.2	test	194.80	195.10	229.53	0.8487
NC_060935.1	53577609	53577780	S3C11H1L.5	test	196.80	196.00	230.59	0.8535
NC_060935.1	53584067	53584238	S3C11H1L.3	test	197.10	197.00	231.76	0.8504
NC_060935.1	53586959	53587130	S3C11H1L.5	test	191.40	191.30	225.06	0.8504
NC_060935.1	53590018	53590189	S3C11H1L.3	test	197.10	196.90	231.65	0.8509
NC_060935.1	53600381	53600550	S3C11H1L.4	test	186.30	187.50	220.59	0.8446
NC_060935.1	53601736	53601907	S3C11H1L.2	test	207.10	204.80	240.94	0.8595
NC_060935.1	53603604	53603775	S3C11H1L.3	test	206.20	204.10	240.12	0.8587
NC_060935.1	53610566	53610736	S3C11H1L.4	test	193.10	193.00	227.06	0.8504
NC_060935.1	53611415	53611585	S3C11H1L.4	test	192.50	192.60	226.59	0.8496
NC_060935.1	53614302	53614469	S3C11H1L.1	test	191.90	191.70	225.53	0.8509
NC_060935.1	53617188	53617359	S3C11H1L.3	test	196.30	196.80	231.53	0.8478
NC_060935.1	53622285	53622456	S3C11H1L.3	test	200.90	199.50	234.71	0.8560
NC_060935.1	53624664	53624835	S3C11H1L.2	test	207.10	204.80	240.94	0.8595
NC_060935.1	53625514	53625685	S3C11H1L.2	test	201.50	200.50	235.88	0.8542
NC_060935.1	53639796	53639963	S3C11H1L.1	test	193.40	193.20	227.29	0.8509
NC_060935.1	53642173	53642344	S3C11H1L.5	test	194.00	193.90	228.12	0.8504
NC_060935.1	53644552	53644722	S3C11H1L.4	test	194.60	194.50	228.82	0.8504
NC_060935.1	53645741	53645908	S3C11H1L.1	test	190.30	190.80	224.47	0.8478
NC_060935.1	53646591	53646758	S3C11H1L.1	test	193.60	193.30	227.41	0.8513
NC_060935.1	53646929	53647100	S3C11H1L.3	test	198.60	198.60	233.65	0.8500
NC_060935.1	53652707	53652878	S3C11H1L.2	test	207.10	204.80	240.94	0.8595
NC_060935.1	53656278	53656449	S3C11H1L.3	test	190.50	190.90	224.59	0.8482
NC_060935.1	53656449	53656619	S3C11H1L.4	test	190.80	191.60	225.41	0.8465
NC_060935.1	53657640	53657807	S3C11H1L.1	test	192.50	192.10	226.00	0.8518
NC_060935.1	53658828	53658999	S3C11H1L.3	test	203.30	201.70	237.29	0.8567
NC_060935.1	53664269	53664440	S3C11H1L.5	test	193.00	193.20	227.29	0.8491
NC_060935.1	53666478	53666649	S3C11H1L.3	test	208.40	206.10	242.47	0.8595
NC_060935.1	53673955	53674126	S3C11H1L.2	test	190.00	190.70	224.35	0.8469
NC_060935.1	53676677	53676847	S3C11H1L.3/4	test	205.00	203.40	239.29	0.8567
NC_060935.1	53679397	53679568	S3C11H1L.5	test	188.50	189.10	222.47	0.8473
NC_060935.1	53685512	53685683	S3C11H1L.3	test	201.00	199.70	234.94	0.8555
NC_060935.1	53688403	53688574	S3C11H1L.5	test	199.00	198.20	233.18	0.8534
NC_060935.1	53694524	53694691	S3C11H1L.1	test	180.00	181.80	213.88	0.8416
NC_060935.1	53697412	53697583	S3C11H1L.3	test	208.40	206.10	242.47	0.8595
NC_060935.1	53703024	53703191	S3C11H1L.1	test	180.00	181.80	213.88	0.8416
NC_060935.1	53705233	53705403	S3C11H1L.4	test	192.60	192.50	226.47	0.8504
NC_060935.1	53706591	53706762	S3C11H1L.2	test	204.20	202.30	238.00	0.8580
NC_060935.1	53712202	53712373	S3C11H1L.5	test	196.80	196.00	230.59	0.8535
NC_060935.1	53714410	53714581	S3C11H1L.3	test	203.00	201.50	237.06	0.8563
NC_060935.1	53714581	53714751	S3C11H1L.4	test	191.30	192.00	225.88	0.8469
NC_060935.1	53717639	53717809	S3C11H1L.2	test	200.20	198.80	233.88	0.8560
NC_060935.1	53723586	53723757	S3C11H2-B.9	test	196.40	194.50	228.82	0.8583
NC_060935.1	53724777	53724947	S3C11H1L.4	test	194.60	194.50	228.82	0.8504
NC_060935.1	53725456	53725627	S3C11H1L.3	test	208.40	206.10	242.47	0.8595
NC_060935.1	53726477	53726647	S3C11H1L.4	test	189.30	190.00	223.53	0.8469
NC_060935.1	53734122	53734292	S3C11H1L.4	test	189.70	190.20	223.76	0.8478
NC_060935.1	53735480	53735651	S3C11H1L.2	test	207.10	204.80	240.94	0.8595
NC_060935.1	53737012	53737179	S3C11H1L.1	test	188.90	189.30	222.71	0.8482
NC_060935.1	53743637	53743808	S3C11H1L.5	test	190.40	190.00	223.53	0.8518
NC_060935.1	53744486	53744657	S3C11H1L.5	test	196.80	196.00	230.59	0.8535
NC_060935.1	53744657	53744823	S3C11H1L.1	test	182.30	182.00	214.12	0.8514
NC_060935.1	53755867	53756038	S3C11H1L.2	test	203.70	202.10	237.76	0.8567
NC_060935.1	53759098	53759265	S3C11H1L.1	test	180.40	182.30	214.47	0.8411
NC_060935.1	53759606	53759776	S3C11H1L.4	test	188.80	189.90	223.41	0.8451
NC_060935.1	53760114	53760285	S3C11H1L.2	test	207.10	204.80	240.94	0.8595
NC_060935.1	53760963	53761134	S3C11H1L.2	test	199.20	198.20	233.18	0.8543
NC_060935.1	53773541	53773708	S3C11H1L.1	test	182.70	183.50	215.88	0.8463
NC_060935.1	53775749	53775919	S3C11H1L.4	test	192.00	192.30	226.24	0.8487
NC_060935.1	53776939	53777106	S3C11H1L.1	test	186.00	186.80	219.76	0.8464
NC_060935.1	53778976	53779147	S3C11H1L.3	test	206.20	204.10	240.12	0.8587
NC_060935.1	53786958	53787129	S3C11H1L.5	test	194.00	193.70	227.88	0.8513
NC_060935.1	53787467	53787637	S3C11H1L.3	test	205.10	202.80	238.59	0.8596
NC_060935.1	53789167	53789338	S3C11H1L.3	test	203.20	201.60	237.18	0.8567
NC_060935.1	53789508	53789679	S3C11H1L.5	test	194.00	193.70	227.88	0.8513
NC_060935.1	53790016	53790187	S3C11H1L.3	test	206.20	204.10	240.12	0.8587
NC_060935.1	53790695	53790864	S3C11H1L.2	test	195.60	195.10	229.53	0.8522
NC_060935.1	53791205	53791376	S3C11H1L.5	test	199.00	198.20	233.18	0.8534
NC_060935.1	53792735	53792904	S3C11H1L.4	test	183.00	184.90	217.53	0.8413
NC_060935.1	53795283	53795453	S3C11H1L.4	test	187.60	188.20	221.41	0.8473
NC_060935.1	53795453	53795624	S3C11H1L.5	test	199.00	198.20	233.18	0.8534
NC_060935.1	53799703	53799874	S3C11H1L.5	test	191.30	191.00	224.71	0.8513
NC_060935.1	53801062	53801233	S3C11H1L.3	test	206.70	204.50	240.59	0.8591
NC_060935.1	53803441	53803612	S3C11H1L.2	test	194.80	195.30	229.76	0.8478
NC_060935.1	53803953	53804124	S3C11H1L.5	test	194.60	193.90	228.12	0.8531
NC_060935.1	53805141	53805312	S3C11H1L.2	test	204.00	202.30	238.00	0.8571
NC_060935.1	53807012	53807183	S3C11H1L.3	test	204.60	202.50	238.24	0.8588
NC_060935.1	53810751	53810922	S3C11H1L.5	test	196.80	196.00	230.59	0.8535
NC_060935.1	53811260	53811431	S3C11H1L.3	test	204.00	202.20	237.88	0.8576
NC_060935.1	53813981	53814151	S3C11H1L.4	test	191.50	192.20	226.12	0.8469
NC_060935.1	53814660	53814831	S3C11H1L.3	test	185.40	187.50	220.59	0.8405
NC_060935.1	53815510	53815680	S3C11H1L.3	test	192.90	193.10	227.18	0.8491
NC_060935.1	53819251	53819422	S3C11H1L.5	test	195.00	194.40	228.71	0.8526
NC_060935.1	53821122	53821289	S3C11H1L.1	test	189.90	189.70	223.18	0.8509
NC_060935.1	53826560	53826731	S3C11H1L.3	test	206.70	204.50	240.59	0.8591
NC_060935.1	53828260	53828431	S3C11H1L.3	test	196.30	196.10	230.71	0.8509
NC_060935.1	53830472	53830639	S3C11H1L.1	test	179.90	181.80	213.88	0.8411
NC_060935.1	53831659	53831830	S3C11H1L.3	test	203.90	202.10	237.76	0.8576
NC_060935.1	53840671	53840838	S3C11H1L.1	test	183.20	184.60	217.18	0.8436
NC_060935.1	53845087	53845258	S3C11H1L.2	test	201.20	200.00	235.29	0.8551
NC_060935.1	53845429	53845599	S3C11H1L.4	test	192.60	192.50	226.47	0.8504
NC_060935.1	53855455	53855626	S3C11H1L.3	test	200.40	199.60	234.82	0.8534
NC_060935.1	53860046	53860217	S3C11H1L.5	test	191.00	191.40	225.18	0.8482
NC_060935.1	53862426	53862596	S3C11H1L.4	test	188.00	188.50	221.76	0.8477
NC_060935.1	53863276	53863446	S3C11H1L.4	test	194.60	194.50	228.82	0.8504
NC_060935.1	53864634	53864805	S3C11H1L.2	test	196.20	195.70	230.24	0.8522
NC_060935.1	53867017	53867184	S3C11H1L.1	test	182.40	184.00	216.47	0.8426
NC_060935.1	53867867	53868034	S3C11H1L.1	test	181.90	184.00	216.47	0.8403
NC_060935.1	53877724	53877894	S3C11H1L.4	test	192.60	192.50	226.47	0.8504
NC_060935.1	53882313	53882480	S3C11H1L.1	test	188.60	189.10	222.47	0.8478
NC_060935.1	53886391	53886562	S3C11H1L.5	test	196.80	196.00	230.59	0.8535
NC_060935.1	53888261	53888428	S3C11H1L.1	test	185.90	187.10	220.12	0.8445
NC_060935.1	53889111	53889278	S3C11H1L.1	test	188.60	189.10	222.47	0.8478
NC_060935.1	53889620	53889790	S3C11H1L.4	test	191.90	192.20	226.12	0.8487
NC_060935.1	53890470	53890640	S3C11H1L.4	test	189.90	190.20	223.76	0.8487
NC_060935.1	53892340	53892511	S3C11H1L.5	test	193.50	193.60	227.76	0.8496
NC_060935.1	53894040	53894211	S3C11H1L.5	test	193.50	193.60	227.76	0.8496
NC_060935.1	53896928	53897099	S3C11H1L.2	test	201.50	200.50	235.88	0.8542
NC_060935.1	53897440	53897611	S3C11H1L.5	test	193.50	193.60	227.76	0.8496
NC_060935.1	53899140	53899311	S3C11H1L.5	test	193.50	193.60	227.76	0.8496
NC_060935.1	53899649	53899820	S3C11H1L.3	test	200.20	199.30	234.47	0.8538
NC_060935.1	53905599	53905770	S3C11H1L.3	test	199.90	199.20	234.35	0.8530
NC_060935.1	53909340	53909511	S3C11H1L.5	test	195.40	195.40	229.88	0.8500
NC_060935.1	53910190	53910361	S3C11H1L.5	test	197.30	196.50	231.18	0.8535
NC_060935.1	53910699	53910870	S3C11H1L.3	test	200.30	199.40	234.59	0.8538
NC_060935.1	53910870	53911040	S3C11H1L.4	test	187.20	188.20	221.41	0.8455
NC_060935.1	53913927	53914098	S3C11H1L.2	test	207.10	204.80	240.94	0.8595
NC_060935.1	53915289	53915460	S3C11H1L.5	test	188.50	189.10	222.47	0.8473
NC_060935.1	53919539	53919710	S3C11H1L.5	test	195.40	195.40	229.88	0.8500
NC_060935.1	53920560	53920727	S3C11H1L.1	test	180.30	181.80	213.88	0.8430
NC_060935.1	53928038	53928209	S3C11H1L.5	test	190.70	191.20	224.94	0.8478
NC_060935.1	53928888	53929059	S3C11H1L.5	test	199.00	198.20	233.18	0.8534
NC_060935.1	53931437	53931608	S3C11H1L.5	test	196.80	196.00	230.59	0.8535
NC_060935.1	53936536	53936707	S3C11H1L.5	test	193.30	193.60	227.76	0.8487
NC_060935.1	53936707	53936874	S3C11H1L.1	test	188.60	189.10	222.47	0.8478
NC_060935.1	53937216	53937386	S3C11H1L.4	test	191.90	192.20	226.12	0.8487
NC_060935.1	53939766	53939936	S3C11H1L.4	test	193.10	193.00	227.06	0.8504
NC_060935.1	53947244	53947415	S3C11H1L.3	test	203.00	201.50	237.06	0.8563
NC_060935.1	53949115	53949285	S3C11H1L.4	test	192.60	192.50	226.47	0.8504
NC_060935.1	53959656	53959823	S3C11H1L.1	test	185.40	186.30	219.18	0.8459
NC_060935.1	53965264	53965434	S3C11H1L.4	test	187.20	188.10	221.29	0.8459
NC_060935.1	53974442	53974613	S3C11H1L.3	test	202.50	201.60	237.18	0.8538
NC_060935.1	53976483	53976654	S3C11H1L.5	test	188.50	189.10	222.47	0.8473
NC_060935.1	53979371	53979542	S3C11H1L.2	test	202.30	200.60	236.00	0.8572
NC_060935.1	53979883	53980054	S3C11H1L.5	test	196.80	196.00	230.59	0.8535
NC_060935.1	53980733	53980904	S3C11H1L.5	test	196.80	196.00	230.59	0.8535
NC_060935.1	53980904	53981071	S3C11H1L.1	test	180.40	182.30	214.47	0.8411
NC_060935.1	53983962	53984132	S3C11H1L.4	test	193.10	193.00	227.06	0.8504
NC_060935.1	53990591	53990762	S3C11H1L.3	test	204.60	202.50	238.24	0.8588
NC_060935.1	53993140	53993311	S3C11H1L.3	test	208.40	206.10	242.47	0.8595
NC_060935.1	53994161	53994331	S3C11H1L.4	test	183.60	185.30	218.00	0.8422
NC_060935.1	53998411	53998581	S3C11H1L.4	test	191.90	192.20	226.12	0.8487
NC_060935.1	53999431	53999602	S3C11H1L.5	test	196.80	196.00	230.59	0.8535
NC_060935.1	54000281	54000452	S3C11H1L.5	test	196.80	196.00	230.59	0.8535
NC_060935.1	54004869	54005040	S3C11H1L.2	test	199.60	198.40	233.41	0.8551
NC_060935.1	54006231	54006402	S3C11H1L.5	test	197.30	196.50	231.18	0.8535
NC_060935.1	54007081	54007252	S3C11H1L.5	test	188.20	189.00	222.35	0.8464
NC_060935.1	54016261	54016431	S3C11H1L.4	test	184.10	185.40	218.12	0.8440
NC_060935.1	54016602	54016769	S3C11H1L.1	test	173.40	175.70	206.71	0.8389
NC_060935.1	54025951	54026118	S3C11H1L.1	test	183.30	184.40	216.94	0.8449
NC_060935.1	54026460	54026630	S3C11H1L.4	test	189.30	190.10	223.65	0.8464
NC_060935.1	54028330	54028501	S3C11H1L.5	test	194.20	193.90	228.12	0.8513
NC_060935.1	54031218	54031389	S3C11H1L.2	test	204.70	202.70	238.47	0.8584
NC_060935.1	54031730	54031901	S3C11H1L.5	test	188.50	189.00	222.35	0.8478
NC_060935.1	54035639	54035810	S3C11H1L.3	test	208.40	206.10	242.47	0.8595
NC_060935.1	54040401	54040568	S3C11H1L.1	test	176.70	179.30	210.94	0.8377
NC_060935.1	54040739	54040910	S3C11H1L.3	test	203.20	201.60	237.18	0.8567
NC_060935.1	54043630	54043801	S3C11H1L.5	test	190.70	191.10	224.82	0.8482
NC_060935.1	54044651	54044818	S3C11H1L.1	test	185.40	186.30	219.18	0.8459
NC_060935.1	54051280	54051451	S3C11H1L.5	test	199.00	198.20	233.18	0.8534
NC_060935.1	54051789	54051960	S3C11H1L.3	test	195.10	196.10	230.71	0.8457
NC_060935.1	54054679	54054850	S3C11H1L.5	test	196.50	196.00	230.59	0.8522
NC_060935.1	54064877	54065048	S3C11H1L.5	test	190.70	190.90	224.59	0.8491
NC_060935.1	54069636	54069807	S3C11H1L.3	test	202.30	201.40	236.94	0.8538
NC_060935.1	54072357	54072527	S3C11H1L.4	test	192.60	192.50	226.47	0.8504
NC_060935.1	54077456	54077626	S3C11H1L.4	test	193.20	192.90	226.94	0.8513
NC_060935.1	54082385	54082556	S3C11H1L.3	test	196.20	196.20	230.82	0.8500
NC_060935.1	54084764	54084935	S3C11H1L.2	test	200.70	199.60	234.82	0.8547
NC_060935.1	54087147	54087314	S3C11H1L.1	test	189.60	189.60	223.06	0.8500
NC_060935.1	54087656	54087826	S3C11H1L.4	test	194.60	194.50	228.82	0.8504
NC_060935.1	54089526	54089697	S3C11H1L.5	test	187.00	187.50	220.59	0.8477
NC_060935.1	54092585	54092756	S3C11H1L.3	test	205.40	203.70	239.65	0.8571
NC_060935.1	54092756	54092926	S3C11H1L.4	test	191.30	192.00	225.88	0.8469
NC_060935.1	54094796	54094963	S3C11H1L.1	test	191.90	191.70	225.53	0.8509
NC_060935.1	54096496	54096663	S3C11H1L.1	test	191.90	191.70	225.53	0.8509
NC_060935.1	54097346	54097513	S3C11H1L.1	test	180.00	181.70	213.76	0.8420
NC_060935.1	54098875	54099046	S3C11H1L.5	test	180.70	182.70	214.94	0.8407
NC_060935.1	54099896	54100063	S3C11H1L.1	test	190.30	190.20	223.76	0.8504
NC_060935.1	54101254	54101424	S3C11H1L.4	test	194.60	194.50	228.82	0.8504
NC_060935.1	54105674	54105845	S3C11H1L.5	test	180.70	182.70	214.94	0.8407
NC_060935.1	54106183	54106354	S3C11H1L.3	test	203.60	201.90	237.53	0.8572
NC_060935.1	54108733	54108904	S3C11H1L.3	test	203.60	201.90	237.53	0.8572
NC_060935.1	54110945	54111112	S3C11H1L.1	test	179.10	181.00	212.94	0.8411
NC_060935.1	54114003	54114173	S3C11H1L.4	test	186.40	187.70	220.82	0.8441
NC_060935.1	54114853	54115023	S3C11H1L.4	test	194.60	194.50	228.82	0.8504
NC_060935.1	54115703	54115873	S3C11H1L.4	test	194.60	194.50	228.82	0.8504
NC_060935.1	54119609	54119780	S3C11H1L.2	test	204.30	202.40	238.12	0.8580
NC_060935.1	54123351	54123521	S3C11H1L.4	test	190.80	191.60	225.41	0.8465
NC_060935.1	54123521	54123692	S3C11H1L.5	test	199.00	198.20	233.18	0.8534
NC_060935.1	54125730	54125901	S3C11H1L.3	test	199.00	197.60	232.47	0.8560
NC_060935.1	54127429	54127600	S3C11H1L.3	test	204.80	202.50	238.24	0.8597
NC_060935.1	54128958	54129129	S3C11H1L.2	test	207.10	204.80	240.94	0.8595
NC_060935.1	54129300	54129470	S3C11H1L.4	test	194.60	194.50	228.82	0.8504
NC_060935.1	54134229	54134400	S3C11H1L.3	test	206.20	204.10	240.12	0.8587
NC_060935.1	54136099	54136269	S3C11H1L.4	test	198.30	197.40	232.24	0.8539
NC_060935.1	54141028	54141199	S3C11H1L.3	test	199.40	199.20	234.35	0.8509
NC_060935.1	54143405	54143576	S3C11H1L.2	test	204.30	202.70	238.47	0.8567
NC_060935.1	54144253	54144424	S3C11H1L.2	test	201.40	200.10	235.41	0.8555
NC_060935.1	54145786	54145953	S3C11H1L.1	test	186.30	186.90	219.88	0.8473
NC_060935.1	54150544	54150714	S3C11H1L.4	test	191.50	192.10	226.00	0.8473
NC_060935.1	54155135	54155302	S3C11H1L.1	test	182.40	183.40	215.76	0.8454
NC_060935.1	54157173	54157344	S3C11H1L.3	test	206.20	204.10	240.12	0.8587
NC_060935.1	54159043	54159213	S3C11H1L.4	test	191.10	191.70	225.53	0.8473
NC_060935.1	54166182	54166349	S3C11H1L.1	test	193.50	193.20	227.29	0.8513
NC_060935.1	54168899	54169070	S3C11H1L.2	test	204.30	202.70	238.47	0.8567
NC_060935.1	54169919	54170089	S3C11H1L.3	test	196.80	196.00	230.59	0.8535
NC_060935.1	54174168	54174339	S3C11H1L.3	test	202.10	201.10	236.59	0.8542
NC_060935.1	54174845	54175016	S3C11H1L.2	test	201.40	200.10	235.41	0.8555
NC_060935.1	54176378	54176545	S3C11H1L.1	test	193.50	193.20	227.29	0.8513
NC_060935.1	54177395	54177566	S3C11H1L.2	test	198.50	197.80	232.71	0.8530
NC_060935.1	54179778	54179945	S3C11H1L.1	test	191.90	191.70	225.53	0.8509
NC_060935.1	54181644	54181815	S3C11H1L.2	test	198.50	197.80	232.71	0.8530
NC_060935.1	54183686	54183856	S3C11H1L.4	test	188.70	189.70	223.18	0.8455
NC_060935.1	54184876	54185043	S3C11H1L.1	test	187.20	188.00	221.18	0.8464
NC_060935.1	54185043	54185214	S3C11H1L.2	test	204.30	202.70	238.47	0.8567
NC_060935.1	54187255	54187426	S3C11H1L.5	test	197.20	196.40	231.06	0.8535
NC_060935.1	54187593	54187764	S3C11H1L.2	test	204.30	202.70	238.47	0.8567
NC_060935.1	54188612	54188783	S3C11H1L.3	test	203.50	201.90	237.53	0.8567
NC_060935.1	54189124	54189291	S3C11H1L.1	test	188.70	189.00	222.35	0.8487
NC_060935.1	54193032	54193202	S3C11H1L.4	test	193.10	193.00	227.06	0.8504
NC_060935.1	54194561	54194731	S3C11H1L.3	test	198.50	197.50	232.35	0.8543
NC_060935.1	54197789	54197960	S3C11H1L.2	test	195.60	195.30	229.76	0.8513
NC_060935.1	54198639	54198809	S3C11H1L.2	test	193.30	193.00	227.06	0.8513
NC_060935.1	54207819	54207986	S3C11H1L.1	test	185.90	187.00	220.00	0.8450
NC_060935.1	54210198	54210369	S3C11H1L.5	test	193.20	193.50	227.65	0.8487
NC_060935.1	54214278	54214448	S3C11H1L.4	test	194.60	194.50	228.82	0.8504
NC_060935.1	54214448	54214619	S3C11H1L.5	test	195.60	195.50	230.00	0.8504
NC_060935.1	54219719	54219886	S3C11H1L.1	test	186.10	186.80	219.76	0.8468
NC_060935.1	54220228	54220398	S3C11H1L.4	test	188.80	189.80	223.29	0.8455
NC_060935.1	54220569	54220736	S3C11H1L.1	test	185.80	186.90	219.88	0.8450
NC_060935.1	54221248	54221419	S3C11H1L.5	test	191.30	191.60	225.41	0.8487
NC_060935.1	54226857	54227028	S3C11H1L.3	test	204.80	202.50	238.24	0.8597
NC_060935.1	54227878	54228048	S3C11H1L.4	test	191.90	192.20	226.12	0.8487
NC_060935.1	54234677	54234847	S3C11H1L.4	test	192.00	192.30	226.24	0.8487
NC_060935.1	54235018	54235185	S3C11H1L.1	test	193.50	193.20	227.29	0.8513
NC_060935.1	54237227	54237397	S3C11H1L.4	test	194.60	194.50	228.82	0.8504
NC_060935.1	54239606	54239777	S3C11H1L.3	test	204.00	201.90	237.53	0.8588
NC_060935.1	54240456	54240627	S3C11H1L.3	test	203.30	201.50	237.06	0.8576
NC_060935.1	54242154	54242325	S3C11H1L.3	test	202.40	201.20	236.71	0.8551
NC_060935.1	54242325	54242495	S3C11H1L.4	test	194.60	194.50	228.82	0.8504
NC_060935.1	54242833	54243004	S3C11H1L.2	test	199.30	198.10	233.06	0.8551
NC_060935.1	54246065	54246232	S3C11H1L.1	test	188.90	189.30	222.71	0.8482
NC_060935.1	54254387	54254558	S3C11H1L.5	test	191.70	191.90	225.76	0.8491
NC_060935.1	54254896	54255068	S3C11H1L.3	test	197.70	197.30	232.12	0.8517
NC_060935.1	54256767	54256937	S3C11H1L.4	test	195.70	195.20	229.65	0.8522
NC_060935.1	54258124	54258295	S3C11H1L.2	test	198.50	197.80	232.71	0.8530
NC_060935.1	54263050	54263217	S3C11H1L.1	test	188.70	189.00	222.35	0.8487
NC_060935.1	54263900	54264065	S3C11H1L.1	test	177.60	179.70	211.41	0.8401
NC_060935.1	54272562	54272733	S3C11H1L.2	test	204.90	202.80	238.59	0.8588
NC_060935.1	54278511	54278682	S3C11H1L.2	test	204.90	202.80	238.59	0.8588
NC_060935.1	54278853	54279023	S3C11H1L.4	test	193.10	193.00	227.06	0.8504
NC_060935.1	54283784	54283955	S3C11H1L.3	test	189.40	190.00	223.53	0.8473
NC_060935.1	54286846	54287013	S3C11H1L.1	test	183.90	185.00	217.65	0.8449
NC_060935.1	54295175	54295346	S3C11H1L.5	test	196.80	196.10	230.71	0.8530
NC_060935.1	54296705	54296875	S3C11H1L.4	test	188.80	189.80	223.29	0.8455
NC_060935.1	54299934	54300105	S3C11H1L.3	test	203.20	201.60	237.18	0.8567
NC_060935.1	54300784	54300955	S3C11H1L.3	test	202.10	201.20	236.71	0.8538
NC_060935.1	54301975	54302146	S3C11H1L.5	test	196.80	196.10	230.71	0.8530
NC_060935.1	54302313	54302484	S3C11H1L.2	test	198.00	197.30	232.12	0.8530
NC_060935.1	54303163	54303334	S3C11H1L.2	test	207.10	204.80	240.94	0.8595
NC_060935.1	54310984	54311154	S3C11H1L.3	test	196.60	195.90	230.47	0.8530
NC_060935.1	54312683	54312854	S3C11H1L.3	test	207.00	204.50	240.59	0.8604
NC_060935.1	54316083	54316254	S3C11H1L.3	test	204.00	201.90	237.53	0.8588
NC_060935.1	54317274	54317445	S3C11H1L.5	test	184.70	186.10	218.94	0.8436
NC_060935.1	54318974	54319145	S3C11H1L.5	test	191.50	191.60	225.41	0.8496
NC_060935.1	54321695	54321862	S3C11H1L.1	test	188.90	189.30	222.71	0.8482
NC_060935.1	54324243	54324410	S3C11H1L.1	test	189.00	189.40	222.82	0.8482
NC_060935.1	54325431	54325602	S3C11H1L.3	test	202.50	201.60	237.18	0.8538
NC_060935.1	54326621	54326792	S3C11H1L.5	test	199.00	198.20	233.18	0.8534
NC_060935.1	54326958	54327129	S3C11H1L.2	test	201.40	200.10	235.41	0.8555
NC_060935.1	54331550	54331720	S3C11H1L.4	test	188.70	189.70	223.18	0.8455
NC_060935.1	54331720	54331891	S3C11H1L.5	test	186.10	187.10	220.12	0.8455
NC_060935.1	54332569	54332740	S3C11H1L.5	test	189.40	190.70	224.35	0.8442
NC_060935.1	54336989	54337156	S3C11H1L.1	test	187.20	188.00	221.18	0.8464
NC_060935.1	54337498	54337670	S3C11H1L.4	test	181.50	183.60	216.00	0.8403
NC_060935.1	54342090	54342257	S3C11H1L.1	test	187.30	188.10	221.29	0.8464
NC_060935.1	54343791	54343959	S3C11H1L.1	test	179.40	182.30	214.47	0.8365
NC_060935.1	54344809	54344980	S3C11H1L.2	test	204.90	202.80	238.59	0.8588
NC_060935.1	54345151	54345321	S3C11H1L.4	test	193.10	193.00	227.06	0.8504
NC_060935.1	54345321	54345492	S3C11H1L.5	test	191.60	191.70	225.53	0.8496
NC_060935.1	54348041	54348208	S3C11H1L.1	test	180.30	183.00	215.29	0.8375
NC_060935.1	54351779	54351950	S3C11H1L.3	test	206.10	204.00	240.00	0.8588
NC_060935.1	54357555	54357726	S3C11H1L.2	test	204.10	202.40	238.12	0.8571
NC_060935.1	54362488	54362655	S3C11H1L.1	test	183.90	185.00	217.65	0.8449
NC_060935.1	54362655	54362826	S3C11H1L.2	test	201.30	199.90	235.18	0.8560
NC_060935.1	54364017	54364188	S3C11H1L.5	test	193.20	193.50	227.65	0.8487
NC_060935.1	54373538	54373705	S3C11H1L.1	test	186.10	186.80	219.76	0.8468
NC_060935.1	54376255	54376426	S3C11H1L.2	test	204.70	202.70	238.47	0.8584
NC_060935.1	54377447	54377617	S3C11H1L.4	test	191.90	192.20	226.12	0.8487
NC_060935.1	54377617	54377788	S3C11H1L.5	test	195.40	195.40	229.88	0.8500
NC_060935.1	54381867	54382034	S3C11H1L.1	test	186.20	186.70	219.65	0.8477
NC_060935.1	54382376	54382546	S3C11H1L.4	test	194.60	194.50	228.82	0.8504
NC_060935.1	54385605	54385776	S3C11H1L.3	test	202.10	201.00	236.47	0.8547
NC_060935.1	54391213	54391384	S3C11H1L.2	test	202.30	200.60	236.00	0.8572
NC_060935.1	54391555	54391725	S3C11H1L.4	test	191.90	192.10	226.00	0.8491
NC_060935.1	54395293	54395464	S3C11H1L.2	test	207.10	204.80	240.94	0.8595
NC_060935.1	54396486	54396656	S3C11H1L.4	test	189.80	190.30	223.88	0.8478
NC_060935.1	54396827	54396994	S3C11H1L.1	test	191.90	191.70	225.53	0.8509
NC_060935.1	54398015	54398186	S3C11H1L.3	test	201.70	201.00	236.47	0.8530
NC_060935.1	54402094	54402265	S3C11H1L.2	test	207.10	204.80	240.94	0.8595
NC_060935.1	54403115	54403286	S3C11H1L.3	test	201.70	201.00	236.47	0.8530
NC_060935.1	54407536	54407706	S3C11H1L.4	test	189.20	189.80	223.29	0.8473
NC_060935.1	54408044	54408215	S3C11H1L.2	test	199.10	198.10	233.06	0.8543
NC_060935.1	54408727	54408894	S3C11H1L.1	test	189.80	189.80	223.29	0.8500
NC_060935.1	54410594	54410765	S3C11H1L.2	test	207.10	204.80	240.94	0.8595
NC_060935.1	54419120	54419287	S3C11H2-A.8	test	179.80	180.70	212.59	0.8458
NC_060935.1	54421677	54421848	S3C11H2-A.11	test	194.80	194.40	228.71	0.8517
NC_060935.1	54427478	54427649	S3C11H2-A.5	test	195.70	195.80	230.35	0.8496
NC_060935.1	54434648	54434819	S3C11H2-A.11	test	203.80	201.60	237.18	0.8593
NC_060935.1	54436354	54436525	S3C11H2-A.9	test	200.80	199.40	234.59	0.8560
NC_060935.1	54436696	54436867	S3C11H2-A.11	test	203.00	201.20	236.71	0.8576
NC_060935.1	54451522	54451693	S3C11H2-A.9	test	203.10	201.40	236.94	0.8572
NC_060935.1	54455105	54455276	S3C11H2-A.4	test	193.70	193.10	227.18	0.8526
NC_060935.1	54457670	54457841	S3C11H2-B.7	test	194.50	192.20	226.12	0.8602
NC_060935.1	54458179	54458350	S3C11H2-A.10	test	198.70	198.60	233.65	0.8504
NC_060935.1	54458692	54458859	S3C11H2-A.1	test	201.80	200.00	235.29	0.8577
NC_060935.1	54469436	54469607	S3C11H2-A.4	test	191.70	191.30	225.06	0.8518
NC_060935.1	54470461	54470632	S3C11H2-A.10	test	197.00	196.80	231.53	0.8509
NC_060935.1	54471654	54471825	S3C11H2-A.5	test	195.70	195.60	230.12	0.8504
NC_060935.1	54479656	54479822	S3C11H3d.3	test	141.00	147.50	173.53	0.8125
NC_060935.1	54481185	54481355	R2	test	164.30	166.10	195.41	0.8408
NC_060935.1	54482347	54482518	W2	test	162.80	167.40	196.94	0.8266
NC_060935.1	54485924	54486093	S3C11H3d.4	test	190.00	187.90	221.06	0.8595
NC_060935.1	54486774	54486945	S3C11H3d.2	test	187.00	186.60	219.53	0.8518
NC_060935.1	54486945	54487115	S3C11H3d.3	test	173.20	175.00	205.88	0.8413
NC_060935.1	54766222	54766386	Na	test	138.60	143.10	168.35	0.8233
NC_060935.1	54789676	54789839	Na	test	125.20	132.80	156.24	0.8014
NC_060935.1	54828210	54828371	Na	test	137.30	140.50	165.29	0.8306
NC_060935.1	54919701	54919867	Na	test	160.10	160.60	188.94	0.8474
NC_060935.1	55131615	55131786	Ha	test	164.60	165.50	194.71	0.8454
NC_060936.1	34471855	34472022	Ka	test	145.30	147.70	173.76	0.8362
NC_060936.1	34516792	34516961	Ka	test	131.90	138.90	163.41	0.8072
NC_060936.1	34531520	34531692	Ka	test	151.00	154.50	181.76	0.8307
NC_060936.1	37225149	37225318	S01C12H3d.1	test	178.90	180.10	211.88	0.8443
NC_060936.1	37226506	37226677	S01C12H3d.1	test	192.20	192.90	226.94	0.8469
NC_060936.1	37227866	37228036	S01C12H3d.6	test	181.00	181.50	213.53	0.8477
NC_060936.1	37236199	37236369	S5C1H5d.1	test	172.70	174.10	204.82	0.8432
NC_060936.1	37241131	37241300	S5C1H5d.2	test	171.20	172.20	202.59	0.8451
NC_060936.1	37243853	37244023	S5C1H5d.2	test	153.00	158.70	186.71	0.8195
NC_060936.1	37244363	37244533	S5C1H5d.1	test	170.60	172.30	202.71	0.8416
NC_060936.1	37250156	37250329	S5C1H5d.2	test	157.30	161.30	189.76	0.8289
NC_060936.1	37259328	37259499	S5C1H5d.2	test	170.50	172.30	202.71	0.8411
NC_060936.1	37286945	37287115	S5C1H5d.2	test	157.50	161.60	190.12	0.8284
NC_060936.1	37342366	37342537	S5C1H5d.2	test	176.70	178.70	210.24	0.8405
NC_060936.1	37344220	37344391	S5C1H5d.2	test	167.70	172.00	202.35	0.8287
NC_060936.1	37347283	37347454	S5C1H5d.2	test	161.40	165.10	194.24	0.8310
NC_060936.1	37352538	37352707	S5C5/19H7-A.11	test	153.90	160.30	188.59	0.8161
NC_060936.1	37361211	37361382	S5C1H5d.2	test	172.20	174.00	204.71	0.8412
NC_060936.1	37554655	37554826	S5C1H5d.1	test	169.70	170.90	201.06	0.8440
NC_060936.1	37554994	37555161	S5C1H5d.2	test	143.80	148.40	174.59	0.8237
NC_060936.1	37555503	37555672	S5C1H5d.1	test	165.40	168.00	197.65	0.8368
NC_060936.1	37561961	37562132	S5C1H5d.2	test	177.50	177.60	208.94	0.8495
NC_060936.1	37565893	37566064	R2	test	170.00	171.60	201.88	0.8421
NC_060936.1	37587796	37587966	Ga	test	166.00	168.20	197.88	0.8389
NC_060936.1	37589840	37590011	Ga	test	167.40	170.10	200.12	0.8365
NC_060936.1	37592538	37592708	Ga	test	156.20	159.80	188.00	0.8309
NC_060936.1	37594245	37594416	Ga	test	158.50	161.40	189.88	0.8347
NC_060936.1	37657149	37657320	Ga	test	180.70	180.50	212.35	0.8509
NC_060936.1	37658002	37658173	Ga	test	178.80	178.90	210.47	0.8495
NC_060936.1	37664492	37664663	Ga	test	171.70	173.00	203.53	0.8436
NC_060936.1	37679835	37680006	Ha	test	168.70	171.40	201.65	0.8366
NC_060936.1	37686598	37686770	Ha	test	171.30	171.30	201.53	0.8500
NC_060936.1	37691059	37691228	Ha	test	158.70	161.20	189.65	0.8368
NC_060936.1	37696880	37697051	Ha	test	167.10	169.50	199.41	0.8380
NC_060936.1	37710622	37710793	Ha	test	150.40	153.10	180.12	0.8350
NC_060936.1	37715069	37715241	Ha	test	159.30	162.50	191.18	0.8333
NC_060936.1	37718831	37719002	Ha	test	148.50	152.40	179.29	0.8282
NC_060936.1	37916797	37916969	Oa	test	168.70	169.30	199.18	0.8470
NC_060936.1	37921944	37922107	Ka	test	114.40	123.90	145.76	0.7848
NC_060936.1	37941817	37941989	Ca	test	160.90	162.00	190.59	0.8442
NC_060936.1	37947114	37947286	Ca	test	163.20	163.20	192.00	0.8500
NC_060936.1	37964671	37964842	Ba	test	136.80	140.40	165.18	0.8282
NC_060936.1	37971132	37971302	Ba	test	140.20	143.20	168.47	0.8322
NC_060936.1	38541584	38541753	Na	test	164.90	166.00	195.29	0.8444
NC_060938.1	6126610	6126781	Ga	test	151.50	156.10	183.65	0.8250
NC_060938.1	6130188	6130358	Ga	test	172.80	172.60	203.06	0.8510
NC_060938.1	6155596	6155767	Ga	test	151.20	156.20	183.76	0.8228
NC_060938.1	6160747	6160914	Ga	test	145.10	150.30	176.82	0.8206
NC_060938.1	6170982	6171153	S4/6C13/14/21/22H8.12	test	189.30	190.80	224.47	0.8433
NC_060938.1	6173040	6173211	S4/6C13/14/21/22H8.24	test	188.70	190.90	224.59	0.8402
NC_060938.1	6178851	6179023	Ha	test	159.40	162.20	190.82	0.8353
NC_060938.1	6179193	6179365	Ha	test	165.70	168.60	198.35	0.8354
NC_060938.1	6266162	6266333	Ga	test	156.60	160.00	188.24	0.8319
NC_060938.1	6269743	6269914	Ga	test	166.60	169.60	199.53	0.8350
NC_060938.1	6290262	6290433	Ga	test	166.90	168.30	198.00	0.8429
NC_060938.1	6291581	6291748	Ga	test	127.10	134.20	157.88	0.8050
NC_060938.1	6299473	6299642	Ga	test	161.90	166.00	195.29	0.8290
NC_060938.1	6301975	6302146	S4C20H8.21	test	175.50	179.40	211.06	0.8315
NC_060938.1	6434651	6434822	Ga	test	158.90	164.50	193.53	0.8211
NC_060938.1	6438879	6439046	Ga	test	149.80	154.70	182.00	0.8231
NC_060938.1	7444902	7445073	S5C1H6d.1	test	168.70	170.30	200.35	0.8420
NC_060938.1	7445073	7445244	R1	test	156.20	160.60	188.94	0.8267
NC_060938.1	7446440	7446610	S5C13/14/21H2.13	test	196.10	195.70	230.24	0.8517
NC_060938.1	7447807	7447979	S5C13/14/21H2.21	test	190.70	192.80	226.82	0.8407
NC_060938.1	7448662	7448833	S5C13/14/21H2.5	test	195.60	195.90	230.47	0.8487
NC_060938.1	7449172	7449343	S5C13/14/21H2.8	test	195.90	197.10	231.88	0.8448
NC_060938.1	7450195	7450367	S5C13/14/21H2.14	test	196.90	197.80	232.71	0.8461
NC_060938.1	7450709	7450880	S5C13/14/21H2.17	test	196.70	197.80	232.71	0.8453
NC_060938.1	7452592	7452762	S5C13/14/21H2.6	test	199.10	198.90	234.00	0.8509
NC_060938.1	7455665	7455832	S5C13/14/21H2.2	test	193.20	192.60	226.59	0.8526
NC_060938.1	7456519	7456690	S5C13/14/21H2.5	test	202.40	200.80	236.24	0.8568
NC_060938.1	7469139	7469310	S5C13/14/21H2.17	test	203.60	202.90	238.71	0.8529
NC_060938.1	7470679	7470850	S5C13/14/21H2.4	test	197.60	198.20	233.18	0.8474
NC_060938.1	7472897	7473068	S5C13/14/21H2.17	test	198.40	198.50	233.53	0.8496
NC_060938.1	7480933	7481104	S5C13/14/21H2.4	test	201.30	201.00	236.47	0.8513
NC_060938.1	7490151	7490322	S5C13/14/21H2.17	test	196.00	196.30	230.94	0.8487
NC_060938.1	7492372	7492542	S5C13/14/21H2.12	test	199.70	199.60	234.82	0.8504
NC_060938.1	7497154	7497325	S5C13/14/21H2.19	test	194.10	195.40	229.88	0.8443
NC_060938.1	7501083	7501254	S5C13/14/21H2.20	test	202.40	201.00	236.47	0.8559
NC_060938.1	7501939	7502110	S5C13/14/21H2.5	test	198.50	198.20	233.18	0.8513
NC_060938.1	7502448	7502619	S5C13/14/21H2.8	test	197.60	197.90	232.82	0.8487
NC_060938.1	7506375	7506545	S5C13/14/21H2.13	test	193.00	193.00	227.06	0.8500
NC_060938.1	7512866	7513037	S5C13/14/21H2.8	test	198.40	198.30	233.29	0.8504
NC_060938.1	7514232	7514403	S5C13/14/21H2.16	test	167.90	172.00	202.35	0.8297
NC_060938.1	7515259	7515429	S5C13/14/21H2.22	test	203.60	202.00	237.65	0.8567
NC_060938.1	7521235	7521407	S5C13/14/21H2.14	test	193.40	195.30	229.76	0.8417
NC_060938.1	7521749	7521920	S5C13/14/21H2.17	test	203.60	202.90	238.71	0.8529
NC_060938.1	7565907	7566078	Ga	test	164.10	167.50	197.06	0.8327
NC_060938.1	7566379	7566549	Ga	test	152.00	155.00	182.35	0.8335
NC_060938.1	7568767	7568938	Ga	test	171.30	172.10	202.47	0.8460
NC_060938.1	7572824	7572995	Ga	test	149.80	153.40	180.47	0.8301
NC_060938.1	7585558	7585729	Ga	test	172.80	172.90	203.41	0.8495
NC_060938.1	7905898	7906066	S4C13/14/21/22H4.9	test	175.50	179.30	210.94	0.8320
NC_060938.1	7944809	7944980	Ga	test	134.40	140.90	165.76	0.8108
NC_060938.1	7945323	7945489	Ga	test	131.40	139.20	163.76	0.8024
NC_060938.1	8092658	8092829	Ga	test	146.80	151.90	178.71	0.8215
NC_060938.1	8108943	8109113	Ga	test	159.70	162.10	190.71	0.8374
NC_060938.1	8110831	8111001	Ga	test	164.80	166.80	196.24	0.8398
NC_060938.1	8113389	8113551	Ga	test	154.50	158.00	185.88	0.8312
NC_060938.1	8118669	8118840	Ga	test	154.00	158.30	186.24	0.8269
NC_060938.1	8127411	8127578	Ga	test	149.10	153.30	180.35	0.8267
NC_060938.1	8129971	8130142	Ga	test	162.40	165.30	194.47	0.8351
NC_060938.1	8131353	8131524	S4C13/14/21/22H9.8	test	177.00	179.50	211.18	0.8382
NC_060938.1	8132208	8132379	S4C13/14/21/22H9.7	test	199.00	199.90	235.18	0.8462
NC_060938.1	8132891	8133062	S4C13/14/21/22H9.3	test	194.60	194.20	228.47	0.8518
NC_060938.1	8138850	8139021	Ga	test	140.90	148.30	174.47	0.8076
NC_060938.1	8140995	8141164	Ga	test	160.60	163.30	192.12	0.8359
NC_060938.1	8143548	8143714	Ga	test	145.00	150.50	177.06	0.8189
NC_060938.1	8152054	8152225	S4/6C13/14/21H1.1	test	189.10	190.00	223.53	0.8460
NC_060938.1	8152565	8152737	S4/6C13/14/21H1.4	test	193.70	193.80	228.00	0.8496
NC_060938.1	8157171	8157342	S4/6C13/14/21H1.9	test	186.60	189.00	222.35	0.8392
NC_060938.1	8161428	8161598	S4/6C13/14/21H1.11	test	191.50	192.30	226.24	0.8465
NC_060938.1	8163984	8164156	S4/6C13/14/21H1.4	test	190.90	191.40	225.18	0.8478
NC_060938.1	8167567	8167739	S4/6C13/14/21H1.2	test	203.60	203.10	238.94	0.8521
NC_060938.1	8171819	8171990	S4/6C13/14/21H1.4	test	200.10	200.20	235.53	0.8496
NC_060938.1	8174546	8174716	S4/6C13/14/21H1.20	test	182.60	184.60	217.18	0.8408
NC_060938.1	8186961	8187131	S4/6C13/14/21H1.19	test	184.10	186.00	218.82	0.8413
NC_060938.1	8187634	8187805	S4/6C13/14/21H1.23	test	198.90	199.10	234.24	0.8491
NC_060938.1	8189853	8190023	S4/6C13/14/21H1.13	test	189.30	190.70	224.35	0.8438
NC_060938.1	8190023	8190194	S4/6C13/14/21H1.14	test	194.60	195.50	230.00	0.8461
NC_060938.1	8193766	8193937	S4/6C13/14/21H1.14	test	194.60	195.50	230.00	0.8461
NC_060938.1	8196483	8196655	S4/6C13/14/21H1.8	test	189.90	194.00	228.24	0.8320
NC_060938.1	8204309	8204481	S4/6C13/14/21H1.8	test	187.60	191.60	225.41	0.8323
NC_060938.1	8206859	8207030	S4/6C13/14/21H1.23	test	193.80	194.80	229.18	0.8456
NC_060938.1	8207201	8207372	S4/6C13/14/21H1.2	test	192.40	193.70	227.88	0.8443
NC_060938.1	8207372	8207540	S4/6C13/14/21H1.3	test	190.10	192.40	226.35	0.8398
NC_060938.1	8208736	8208906	S4/6C13/14/21H1.11	test	194.60	194.60	228.94	0.8500
NC_060938.1	8212477	8212649	S4/6C13/14/21H1.10	test	187.00	188.10	221.29	0.8450
NC_060938.1	8214181	8214351	S4/6C13/14/21H1.20	test	183.20	184.80	217.41	0.8426
NC_060938.1	8216731	8216902	S4/6C13/14/21H1.12	test	183.40	187.70	220.82	0.8305
NC_060938.1	8217754	8217924	S4/6C13/14/21H1.18	test	201.10	200.40	235.76	0.8530
NC_060938.1	8884698	8884870	Ha	test	176.90	177.40	208.71	0.8476
NC_060938.1	8890871	8891043	Ha	test	163.70	167.40	196.94	0.8312
NC_060938.1	8962139	8962310	Ga	test	175.20	175.70	206.71	0.8476
NC_060938.1	8967262	8967433	Ga	test	159.80	163.50	192.35	0.8308
NC_060938.1	8967433	8967600	Ga	test	140.90	145.50	171.18	0.8231
NC_060938.1	8969813	8969982	S4C15H4.24	test	190.30	189.60	223.06	0.8531
NC_060938.1	8981921	8982092	Ga	test	158.30	162.40	191.06	0.8285
NC_060938.1	8987041	8987211	Ga	test	144.90	150.30	176.82	0.8195
NC_060938.1	8989066	8989236	Ga	test	149.40	154.50	181.76	0.8219
NC_060938.1	9014468	9014637	Ga	test	161.30	164.70	193.76	0.8325
NC_060938.1	9025882	9026054	Ga	test	165.50	167.40	196.94	0.8404
NC_060938.1	9028283	9028453	Ga	test	151.60	154.70	182.00	0.8330
NC_060938.1	9034072	9034242	S4/6C13/14/21/22H8.14	test	198.50	198.50	233.53	0.8500
NC_060938.1	9035356	9035527	Ga	test	154.90	158.30	186.24	0.8317
NC_060938.1	9036040	9036211	Ga	test	167.50	170.40	200.47	0.8355
NC_060938.1	9217913	9218083	Ga	test	140.10	146.20	172.00	0.8145
NC_060938.1	9218252	9218422	Ga	test	139.00	145.40	171.06	0.8126
NC_060938.1	9225638	9225808	Ga	test	164.00	167.70	197.29	0.8312
NC_060938.1	9230748	9230918	Ga	test	177.80	177.40	208.71	0.8519
NC_060938.1	9233824	9233995	R2	test	172.10	173.70	204.35	0.8422
NC_060938.1	9234166	9234337	Ga	test	143.10	150.20	176.71	0.8098
NC_060938.1	9235871	9236042	Ga	test	174.40	174.20	204.94	0.8510
NC_060938.1	9243199	9243370	Ga	test	158.10	161.20	189.65	0.8337
NC_060938.1	9366892	9367062	Ga	test	151.00	155.30	182.71	0.8265
NC_060938.1	9383526	9383697	Ga	test	177.00	177.00	208.24	0.8500
NC_060938.1	9390528	9390700	Ga	test	166.70	170.20	200.24	0.8325
NC_060938.1	9390700	9390871	Ga	test	155.20	159.70	187.88	0.8260
NC_060938.1	9399590	9399763	Ga	test	162.20	165.90	195.18	0.8310
NC_060938.1	9402492	9402662	Ga	test	175.50	176.70	207.88	0.8442
NC_060938.1	9404637	9404808	Ga	test	180.20	180.00	211.76	0.8509
NC_060938.1	9408781	9408952	Ga	test	177.60	177.90	209.29	0.8486
NC_060938.1	9409628	9409799	Ga	test	166.70	169.40	199.29	0.8365
NC_060938.1	9547064	9547230	Ga	test	158.40	159.80	188.00	0.8426
NC_060938.1	9548089	9548258	Ga	test	170.90	171.40	201.65	0.8475
NC_060938.1	9692222	9692392	Ha	test	168.20	169.20	199.06	0.8450
NC_060938.1	9735630	9735801	Ga	test	170.30	171.60	201.88	0.8436
NC_060938.1	9738194	9738365	Ga	test	170.30	171.70	202.00	0.8431
NC_060938.1	9740752	9740923	Ga	test	164.00	168.00	197.65	0.8298
NC_060938.1	9750206	9750377	Ga	test	172.20	173.30	203.88	0.8446
NC_060938.1	9794542	9794713	R1	test	161.40	164.30	193.29	0.8350
NC_060938.1	9807255	9807425	S5C1H6d.1	test	163.60	166.20	195.53	0.8367
NC_060938.1	9807425	9807596	S5C1H6d.2	test	153.20	157.80	185.65	0.8252
NC_060938.1	9817479	9817649	S5C1H6d.2	test	154.40	157.90	185.76	0.8312
NC_060938.1	9821281	9821452	Ga	test	171.30	172.20	202.59	0.8456
NC_060941.1	23412776	23412947	Ha	test	160.50	162.80	191.53	0.8380
NC_060941.1	23423121	23423293	Ha	test	150.30	154.00	181.18	0.8296
NC_060941.1	23423636	23423805	Ha	test	158.00	157.50	185.29	0.8527
NC_060941.1	23423805	23423976	Ha	test	166.00	166.50	195.88	0.8474
NC_060941.1	23427910	23428081	Ha	test	154.80	157.20	184.94	0.8370
NC_060941.1	23432240	23432410	Ha	test	159.00	162.30	190.94	0.8327
NC_060941.1	23434678	23434849	S3C17H1-B.13	test	200.60	199.10	234.24	0.8564
NC_060941.1	23435016	23435187	S3C17H1-B.1	test	204.40	202.60	238.35	0.8576
NC_060941.1	23436715	23436886	S3C17H1-B.11	test	205.70	204.50	240.59	0.8550
NC_060941.1	23440107	23440278	S3C17H1-B.3	test	203.10	201.80	237.41	0.8555
NC_060941.1	23447414	23447585	S3C17H1-B.4	test	200.20	199.00	234.12	0.8551
NC_060941.1	23451835	23452000	S3C17H1-B.2	test	193.10	192.90	226.94	0.8509
NC_060941.1	23453874	23454041	S3C17H1-B.14	test	203.00	200.90	236.35	0.8589
NC_060941.1	23455740	23455911	S3C17H1-B.11	test	202.30	201.80	237.41	0.8521
NC_060941.1	23459475	23459646	S3C17H1-B.5	test	193.10	193.10	227.18	0.8500
NC_060941.1	23465767	23465934	S3C17H1-B.14	test	198.50	197.10	231.88	0.8560
NC_060941.1	23467462	23467633	S3C17H1-B.10	test	198.80	197.80	232.71	0.8543
NC_060941.1	23472562	23472733	S3C17H1-B.12	test	203.40	201.40	236.94	0.8584
NC_060941.1	23481734	23481905	S3C17H1-B.10	test	201.80	200.40	235.76	0.8559
NC_060941.1	23482418	23482585	S3C17H1-B.14	test	196.30	195.10	229.53	0.8552
NC_060941.1	23485299	23485470	S3C17H1-B.3	test	204.10	202.50	238.24	0.8567
NC_060941.1	23488019	23488190	S3C17H1-B.5	test	202.30	200.50	235.88	0.8576
NC_060941.1	23489040	23489211	S3C17H1-B.11	test	203.70	202.50	238.24	0.8550
NC_060941.1	23493627	23493798	S3C17H1-B.10	test	201.80	200.40	235.76	0.8559
NC_060941.1	23494814	23494985	S3C17H1-B.3	test	206.10	204.20	240.24	0.8579
NC_060941.1	23499407	23499572	S3C17H1-B.2	test	193.10	192.90	226.94	0.8509
NC_060941.1	23500593	23500764	S3C17H1-B.9	test	200.50	200.40	235.76	0.8504
NC_060941.1	23501615	23501786	S3C17H1-B.1	test	204.40	202.60	238.35	0.8576
NC_060941.1	23502122	23502293	S3C17H1-B.4	test	207.20	204.80	240.94	0.8600
NC_060941.1	23505693	23505864	S3C17H1-B.11	test	205.70	204.50	240.59	0.8550
NC_060941.1	23506035	23506206	S3C17H1-B.13	test	200.60	199.10	234.24	0.8564
NC_060941.1	23511302	23511467	S3C17H1-B.2	test	190.70	190.70	224.35	0.8500
NC_060941.1	23517417	23517588	S3C17H1-B.10	test	198.50	197.70	232.59	0.8534
NC_060941.1	23519458	23519629	S3C17H1-B.8	test	200.90	199.70	234.94	0.8551
NC_060941.1	23521842	23522013	S3C17H1-B.1	test	204.40	202.60	238.35	0.8576
NC_060941.1	23525074	23525245	S3C17H1-B.6	test	203.00	201.50	237.06	0.8563
NC_060941.1	23525411	23525582	S3C17H1-B.8	test	200.90	199.70	234.94	0.8551
NC_060941.1	23530169	23530340	S3C17H1-B.8	test	200.90	199.70	234.94	0.8551
NC_060941.1	23530682	23530853	S3C17H1-B.11	test	203.70	202.50	238.24	0.8550
NC_060941.1	23543090	23543257	S3C17H1-B.14	test	196.30	195.00	229.41	0.8557
NC_060941.1	23543257	23543428	S3C17H1-B.1	test	204.40	202.60	238.35	0.8576
NC_060941.1	23543593	23543764	S3C17H1-B.3	test	202.50	201.40	236.94	0.8546
NC_060941.1	23544106	23544277	S3C17H1-B.6	test	203.00	201.50	237.06	0.8563
NC_060941.1	23545298	23545469	S3C17H1-B.13	test	197.70	196.70	231.41	0.8543
NC_060941.1	23548693	23548864	S3C17H1-B.5	test	202.30	200.50	235.88	0.8576
NC_060941.1	23550056	23550227	S3C17H1-B.13	test	197.70	196.70	231.41	0.8543
NC_060941.1	23551243	23551414	S3C17H1-B.6	test	203.00	201.50	237.06	0.8563
NC_060941.1	23555152	23555323	S3C17H1-B.1	test	204.40	202.60	238.35	0.8576
NC_060941.1	23558380	23558551	S3C17H1-B.6	test	203.00	201.50	237.06	0.8563
NC_060941.1	23560246	23560417	S3C17H1-B.3	test	208.80	206.60	243.06	0.8591
NC_060941.1	23563817	23563988	S3C17H1-B.10	test	201.70	200.40	235.76	0.8555
NC_060941.1	23566025	23566196	S3C17H1-B.9	test	203.60	202.70	238.47	0.8538
NC_060941.1	23571805	23571976	S3C17H1-B.1	test	204.40	202.60	238.35	0.8576
NC_060941.1	23573675	23573846	S3C17H1-B.12	test	200.20	198.90	234.00	0.8556
NC_060941.1	23576563	23576734	S3C17H1-B.1	test	206.20	204.40	240.47	0.8575
NC_060941.1	23578433	23578604	S3C17H1-B.12	test	200.20	198.90	234.00	0.8556
NC_060941.1	23580812	23580983	S3C17H1-B.12	test	203.40	201.40	236.94	0.8584
NC_060941.1	23583700	23583871	S3C17H1-B.1	test	206.20	204.40	240.47	0.8575
NC_060941.1	23586250	23586415	S3C17H1-B.2	test	193.10	192.90	226.94	0.8509
NC_060941.1	23591515	23591686	S3C17H1-B.5	test	202.30	200.50	235.88	0.8576
NC_060941.1	23593216	23593387	S3C17H1-B.1	test	204.40	202.60	238.35	0.8576
NC_060941.1	23594915	23595086	S3C17H1-B.11	test	202.10	201.70	237.29	0.8517
NC_060941.1	23595257	23595428	S3C17H1-B.13	test	200.60	199.10	234.24	0.8564
NC_060941.1	23597974	23598145	S3C17H1-B.1	test	204.40	202.60	238.35	0.8576
NC_060941.1	23603066	23603237	S3C17H1-B.3	test	208.80	206.60	243.06	0.8591
NC_060941.1	23607487	23607658	S3C17H1-B.1	test	202.50	200.80	236.24	0.8572
NC_060941.1	23609015	23609186	S3C17H1-B.10	test	201.70	200.20	235.53	0.8564
NC_060941.1	23612242	23612413	S3C17H1-B.1	test	201.30	200.00	235.29	0.8555
NC_060941.1	23621418	23621588	S3C17H1-B.13	test	191.50	191.40	225.18	0.8504
NC_060941.1	23623625	23623796	S3C17H1-B.12	test	203.00	201.40	236.94	0.8568
NC_060941.1	23627191	23627362	S3C17H1-B.5	test	200.60	199.40	234.59	0.8551
NC_060941.1	23628725	23628892	S3C17H1-B.14	test	197.40	196.50	231.18	0.8539
NC_060941.1	23644865	23645036	S3C17H1-B.11	test	202.80	201.40	236.94	0.8559
NC_060941.1	23656588	23656759	S3C17H1-B.10	test	192.50	192.90	226.94	0.8482
NC_060941.1	23661345	23661516	S3C17H1-B.10	test	199.50	198.40	233.41	0.8547
NC_060941.1	23663895	23664066	S3C17H1-B.11	test	204.30	202.90	238.71	0.8559
NC_060941.1	23665253	23665424	S3C17H1-B.5	test	198.30	197.30	232.12	0.8543
NC_060941.1	23666274	23666445	S3C17H1-B.11	test	205.70	204.50	240.59	0.8550
NC_060941.1	23667290	23667461	S3C17H1-B.3	test	208.80	206.60	243.06	0.8591
NC_060941.1	23677148	23677319	S3C17H1-B.5	test	198.30	197.30	232.12	0.8543
NC_060941.1	23677827	23677998	S3C17H1-B.9	test	203.60	202.70	238.47	0.8538
NC_060941.1	23683084	23683255	S3C17H1-B.12	test	200.70	199.40	234.59	0.8555
NC_060941.1	23683593	23683764	S3C17H1-B.1	test	204.40	202.60	238.35	0.8576
NC_060941.1	23688184	23688351	S3C17H1-B.14	test	197.50	196.70	231.41	0.8535
NC_060941.1	23693616	23693787	S3C17H1-B.4	test	209.20	206.60	243.06	0.8607
NC_060941.1	23694466	23694637	S3C17H1-B.9	test	203.60	202.70	238.47	0.8538
NC_060941.1	23694637	23694808	S3C17H1-B.10	test	195.60	195.40	229.88	0.8509
NC_060941.1	23694979	23695150	S3C17H1-B.12	test	195.40	194.90	229.29	0.8522
NC_060941.1	23696337	23696508	S3C17H1-B.6	test	202.50	201.30	236.82	0.8551
NC_060941.1	23699737	23699908	S3C17H1-B.12	test	203.00	201.40	236.94	0.8568
NC_060941.1	23700079	23700246	S3C17H1-B.14	test	195.80	194.60	228.94	0.8552
NC_060941.1	23702287	23702458	S3C17H1-B.13	test	200.60	199.10	234.24	0.8564
NC_060941.1	23706874	23707045	S3C17H1-B.12	test	203.00	201.40	236.94	0.8568
NC_060941.1	23707554	23707725	S3C17H1-B.9	test	203.60	202.70	238.47	0.8538
NC_060941.1	23708409	23708576	S3C17H1-B.14	test	198.50	197.10	231.88	0.8560
NC_060941.1	23715204	23715375	S3C17H1-B.5	test	200.60	199.40	234.59	0.8551
NC_060941.1	23717246	23717417	S3C17H1-B.10	test	201.90	200.60	236.00	0.8555
NC_060941.1	23722004	23722175	S3C17H1-B.3	test	208.80	206.60	243.06	0.8591
NC_060941.1	23722346	23722517	S3C17H1-B.5	test	200.60	199.40	234.59	0.8551
NC_060941.1	23727788	23727959	S3C17H1-B.9	test	200.10	200.00	235.29	0.8504
NC_060941.1	23728981	23729146	S3C17H1-B.2	test	191.60	191.30	225.06	0.8513
NC_060941.1	23729146	23729317	S3C17H1-B.3	test	208.80	206.60	243.06	0.8591
NC_060941.1	23730167	23730338	S3C17H1-B.9	test	203.60	202.70	238.47	0.8538
NC_060941.1	23733401	23733568	S3C17H1-B.14	test	192.30	192.20	226.12	0.8504
NC_060941.1	23750221	23750392	S3C17H1-B.1	test	206.20	204.40	240.47	0.8575
NC_060941.1	23752262	23752433	S3C17H1-B.13	test	200.60	199.10	234.24	0.8564
NC_060941.1	23755657	23755828	S3C17H1-B.5	test	200.60	199.40	234.59	0.8551
NC_060941.1	23757191	23757358	S3C17H1-B.14	test	196.60	195.40	229.88	0.8552
NC_060941.1	23760244	23760415	S3C17H1-B.4	test	201.10	199.70	234.94	0.8560
NC_060941.1	23760586	23760757	S3C17H1-B.6	test	202.50	201.30	236.82	0.8551
NC_060941.1	23762965	23763136	S3C17H1-B.6	test	202.50	201.30	236.82	0.8551
NC_060941.1	23766707	23766874	S3C17H1-B.14	test	196.60	195.40	229.88	0.8552
NC_060941.1	23768744	23768915	S3C17H1-B.12	test	205.70	203.60	239.53	0.8588
NC_060941.1	23775368	23775539	S3C17H1-B.9	test	197.10	196.70	231.41	0.8517
NC_060941.1	23776561	23776726	S3C17H1-B.2	test	190.10	190.40	224.00	0.8487
NC_060941.1	23776897	23777068	S3C17H1-B.4	test	203.30	201.90	237.53	0.8559
NC_060941.1	23778260	23778431	S3C17H1-B.12	test	197.90	196.90	231.65	0.8543
NC_060941.1	23781827	23781998	S3C17H1-B.5	test	197.60	197.30	232.12	0.8513
NC_060941.1	23788457	23788622	S3C17H1-B.2	test	191.60	191.30	225.06	0.8513
NC_060941.1	23795594	23795759	S3C17H1-B.2	test	193.10	193.10	227.18	0.8500
NC_060941.1	23797973	23798138	S3C17H1-B.2	test	191.60	191.30	225.06	0.8513
NC_060941.1	23799501	23799672	S3C17H1-B.11	test	203.30	202.20	237.88	0.8546
NC_060941.1	23805788	23805959	S3C17H1-B.6	test	197.90	196.90	231.65	0.8543
NC_060941.1	23807825	23807996	S3C17H1-B.4	test	202.10	200.60	236.00	0.8564
NC_060941.1	23809697	23809868	S3C17H1-B.1	test	204.40	202.60	238.35	0.8576
NC_060941.1	23809868	23810033	S3C17H1-B.2	test	193.10	192.90	226.94	0.8509
NC_060941.1	23811909	23812076	S3C17H1-B.14	test	195.60	194.60	228.94	0.8544
NC_060941.1	23813946	23814117	S3C17H1-B.12	test	197.90	196.90	231.65	0.8543
NC_060941.1	23814117	23814288	S3C17H1-B.13	test	197.50	196.70	231.41	0.8535
NC_060941.1	23816325	23816496	S3C17H1-B.12	test	203.40	201.60	237.18	0.8576
NC_060941.1	23821591	23821762	S3C17H1-B.1	test	204.40	202.60	238.35	0.8576
NC_060941.1	23822948	23823119	S3C17H1-B.9	test	197.10	197.30	232.12	0.8491
NC_060941.1	23834335	23834506	S3C17H1-B.6	test	201.20	199.90	235.18	0.8555
NC_060941.1	23837222	23837393	S3C17H1-B.9	test	200.70	200.40	235.76	0.8513
NC_060941.1	23840456	23840623	S3C17H1-B.14	test	198.10	196.70	231.41	0.8560
NC_060941.1	23840623	23840794	S3C17H1-B.1	test	201.30	200.00	235.29	0.8555
NC_060941.1	23847906	23848071	S3C17H1-B.2	test	190.10	190.60	224.24	0.8478
NC_060941.1	23849605	23849776	S3C17H1-B.12	test	205.70	203.60	239.53	0.8588
NC_060941.1	23849947	23850114	S3C17H1-B.14	test	196.30	195.00	229.41	0.8557
NC_060941.1	23852155	23852326	S3C17H1-B.13	test	200.60	199.10	234.24	0.8564
NC_060941.1	23855043	23855208	S3C17H1-B.2	test	193.10	192.90	226.94	0.8509
NC_060941.1	23856913	23857084	S3C17H1-B.13	test	197.90	197.00	231.76	0.8539
NC_060941.1	23859463	23859630	S3C17H1-B.14	test	192.70	192.10	226.00	0.8527
NC_060941.1	23859801	23859966	S3C17H1-B.2	test	193.10	192.90	226.94	0.8509
NC_060941.1	23864559	23864724	S3C17H1-B.2	test	193.10	192.90	226.94	0.8509
NC_060941.1	23865237	23865408	S3C17H1-B.6	test	204.00	202.20	237.88	0.8576
NC_060941.1	23866767	23866938	S3C17H1-B.1	test	196.00	195.50	230.00	0.8522
NC_060941.1	23867616	23867787	S3C17H1-B.6	test	203.50	201.80	237.41	0.8572
NC_060941.1	23870331	23870502	S3C17H1-B.8	test	192.90	193.00	227.06	0.8496
NC_060941.1	23874237	23874408	S3C17H1-B.3	test	208.80	206.60	243.06	0.8591
NC_060941.1	23874408	23874579	S3C17H1-B.4	test	204.30	202.40	238.12	0.8580
NC_060941.1	23874579	23874750	S3C17H1-B.5	test	201.30	199.90	235.18	0.8560
NC_060941.1	23878321	23878492	S3C17H1-B.13	test	200.60	199.10	234.24	0.8564
NC_060941.1	23880358	23880528	S3C17H1-B.11	test	199.20	199.10	234.24	0.8504
NC_060941.1	23881886	23882057	S3C17H1-B.6	test	203.50	201.80	237.41	0.8572
NC_060941.1	23883751	23883922	S3C17H1-B.3	test	208.80	206.60	243.06	0.8591
NC_060941.1	23892079	23892250	S3C17H1-B.10	test	200.80	199.90	235.18	0.8538
NC_060941.1	23893098	23893269	S3C17H1L.1	test	185.80	187.00	220.00	0.8445
NC_060941.1	23894119	23894285	S3C17H1L.7	test	189.90	190.10	223.65	0.8491
NC_060941.1	23895311	23895478	S3C17H1L.14	test	201.30	199.60	234.82	0.8572
NC_060941.1	23898701	23898872	S3C17H1L.4	test	206.30	204.80	240.94	0.8562
NC_060941.1	23899043	23899214	S3C17H1L.6	test	200.90	200.50	235.88	0.8517
NC_060941.1	23899893	23900064	S3C17H1L.11	test	196.00	196.30	230.94	0.8487
NC_060941.1	23905668	23905835	S3C17H1L.14	test	201.30	199.60	234.82	0.8572
NC_060941.1	23905835	23906003	S3C17H1L.15	test	197.90	196.80	231.53	0.8548
NC_060941.1	23907191	23907357	S3C17H1L.7	test	192.80	192.50	226.47	0.8513
NC_060941.1	23913813	23913980	S3C17H1L.14	test	201.30	199.60	234.82	0.8572
NC_060941.1	23914315	23914486	S3C17H1L.1	test	184.10	185.30	218.00	0.8445
NC_060941.1	23915844	23916015	S3C17H1L.10	test	199.20	197.90	232.82	0.8556
NC_060941.1	23916863	23917030	S3C17H1L.16	test	195.50	194.50	228.82	0.8544
NC_060941.1	23921274	23921445	S3C17H1L.10	test	199.20	197.90	232.82	0.8556
NC_060941.1	23926704	23926875	S3C17H1L.10	test	199.20	197.90	232.82	0.8556
NC_060941.1	23930103	23930270	S3C17H1L.14	test	201.30	199.60	234.82	0.8572
NC_060941.1	23933153	23933320	S3C17H1L.16	test	195.50	194.50	228.82	0.8544
NC_060941.1	23940621	23940792	S3C17H1L.12	test	201.60	199.80	235.06	0.8577
NC_060941.1	23942486	23942652	S3C17H1L.7	test	192.80	192.50	226.47	0.8513
NC_060941.1	23942994	23943165	S3C17H1L.10	test	199.20	197.90	232.82	0.8556
NC_060941.1	23948424	23948595	S3C17H1L.10	test	199.20	197.90	232.82	0.8556
NC_060941.1	23950289	23950460	S3C17H1L.5	test	200.80	199.90	235.18	0.8538
NC_060941.1	23953004	23953175	S3C17H1L.5	test	200.80	199.90	235.18	0.8538
NC_060941.1	23955548	23955719	S3C17H1L.4	test	206.30	204.80	240.94	0.8562
NC_060941.1	23956061	23956227	S3C17H1L.7	test	187.60	187.80	220.94	0.8491
NC_060941.1	23957082	23957253	S3C17H1L.13	test	198.30	197.30	232.12	0.8543
NC_060941.1	23957420	23957588	S3C17H1L.15	test	197.90	196.80	231.53	0.8548
NC_060941.1	23963017	23963184	S3C17H1L.16	test	195.50	194.50	228.82	0.8544
NC_060941.1	23964542	23964713	S3C17H1L.9	test	199.50	199.00	234.12	0.8521
NC_060941.1	23968785	23968951	S3C17H1L.2	test	195.50	195.00	229.41	0.8522
NC_060941.1	23971666	23971837	S3C17H1L.3	test	201.40	200.30	235.65	0.8547
NC_060941.1	23972008	23972179	S3C17H1L.5	test	200.80	199.90	235.18	0.8538
NC_060941.1	23972687	23972858	S3C17H1L.9	test	204.20	203.10	238.94	0.8546
NC_060941.1	23974894	23975065	S3C17H1L.6	test	204.10	202.80	238.59	0.8554
NC_060941.1	23976424	23976592	S3C17H1L.15	test	197.90	196.80	231.53	0.8548
NC_060941.1	23977438	23977609	S3C17H1L.5	test	200.80	199.90	235.18	0.8538
NC_060941.1	23986604	23986775	S3C17H1L.11	test	207.50	205.50	241.76	0.8583
NC_060941.1	23987956	23988127	S3C17H1L.3	test	207.20	205.10	241.29	0.8587
NC_060941.1	23988640	23988806	S3C17H1L.7	test	192.80	192.50	226.47	0.8513
NC_060941.1	23989661	23989832	S3C17H1L.13	test	201.90	200.20	235.53	0.8572
NC_060941.1	23989832	23989999	S3C17H1L.14	test	201.30	199.60	234.82	0.8572
NC_060941.1	23993049	23993220	S3C17H1L.1	test	183.40	184.80	217.41	0.8436
NC_060941.1	23995262	23995429	S3C17H1L.14	test	198.00	196.90	231.65	0.8547
NC_060941.1	23995764	23995935	S3C17H1L.1	test	184.10	185.30	218.00	0.8445
NC_060941.1	24001531	24001702	S3C17H1L.3	test	207.20	205.10	241.29	0.8587
NC_060941.1	24002215	24002381	S3C17H1L.7	test	192.80	192.50	226.47	0.8513
NC_060941.1	24012562	24012733	S3C17H1L.4	test	204.30	202.90	238.71	0.8559
NC_060941.1	24014939	24015110	S3C17H1L.4	test	206.30	204.80	240.94	0.8562
NC_060941.1	24017654	24017825	S3C17H1L.4	test	206.30	204.80	240.94	0.8562
NC_060941.1	24032079	24032250	S3C17H1L.9	test	204.20	203.10	238.94	0.8546
NC_060941.1	24032250	24032421	S3C17H1L.10	test	199.20	197.90	232.82	0.8556
NC_060941.1	24044804	24044975	S3C17H1L.5	test	200.80	199.90	235.18	0.8538
NC_060941.1	24050063	24050234	S3C17H1L.4	test	206.30	204.80	240.94	0.8562
NC_060941.1	24051768	24051935	S3C17H1L.14	test	201.30	199.60	234.82	0.8572
NC_060941.1	24053291	24053457	S3C17H1L.7	test	192.80	192.50	226.47	0.8513
NC_060941.1	24057871	24058037	S3C17H1L.2	test	195.10	194.70	229.06	0.8517
NC_060941.1	24060586	24060752	S3C17H1L.2	test	195.50	195.00	229.41	0.8522
NC_060941.1	24061773	24061944	S3C17H1L.9	test	201.30	200.60	236.00	0.8530
NC_060941.1	24063809	24063980	S3C17H1L.5	test	200.80	199.90	235.18	0.8538
NC_060941.1	24065343	24065510	S3C17H1L.14	test	201.30	199.60	234.82	0.8572
NC_060941.1	24068731	24068897	S3C17H1L.2	test	195.50	195.00	229.41	0.8522
NC_060941.1	24070431	24070602	S3C17H1L.12	test	203.10	201.40	236.94	0.8572
NC_060941.1	24070940	24071108	S3C17H1L.15	test	197.90	196.80	231.53	0.8548
NC_060941.1	24072462	24072633	S3C17H1L.8	test	195.50	195.70	230.24	0.8491
NC_060941.1	24082643	24082814	S3C17H1L.4	test	202.90	202.10	237.76	0.8534
NC_060941.1	24082985	24083156	S3C17H1L.6	test	204.10	202.80	238.59	0.8554
NC_060941.1	24086208	24086379	S3C17H1L.9	test	204.20	203.10	238.94	0.8546
NC_060941.1	24088927	24089098	S3C17H1L.11	test	204.30	203.00	238.82	0.8554
NC_060941.1	24090621	24090792	S3C17H1L.5	test	197.10	196.30	230.94	0.8535
NC_060941.1	24090792	24090963	S3C17H1L.6	test	199.30	198.50	233.53	0.8534
NC_060941.1	24091300	24091471	S3C17H1L.9	test	204.20	203.10	238.94	0.8546
NC_060941.1	24092657	24092828	S3C17H1L.1	test	185.80	187.00	220.00	0.8445
NC_060941.1	24095713	24095884	S3C17H1L.5	test	200.80	199.90	235.18	0.8538
NC_060941.1	24096905	24097076	S3C17H1L.12	test	200.30	199.10	234.24	0.8551
NC_060941.1	24097919	24098085	S3C17H1L.2	test	199.20	197.80	232.71	0.8560
NC_060941.1	24098085	24098256	S3C17H1L.3	test	204.30	202.60	238.35	0.8571
NC_060941.1	24104199	24104370	S3C17H1L.9	test	199.30	198.90	234.00	0.8517
NC_060941.1	24107259	24107430	S3C17H1L.12	test	197.70	196.70	231.41	0.8543
NC_060941.1	24109124	24109290	S3C17H1L.7	test	192.80	192.50	226.47	0.8513
NC_060941.1	24109461	24109632	S3C17H1L.9	test	204.20	203.10	238.94	0.8546
NC_060941.1	24109803	24109974	S3C17H1L.11	test	207.50	205.50	241.76	0.8583
NC_060941.1	24120842	24121009	S3C17H1L.14	test	198.30	197.00	231.76	0.8556
NC_060941.1	24123386	24123557	S3C17H1L.13	test	195.70	195.30	229.76	0.8517
NC_060941.1	24127968	24128139	S3C17H1L.11	test	203.90	202.80	238.59	0.8546
NC_060941.1	24130344	24130515	S3C17H1L.13	test	197.10	196.10	230.71	0.8543
NC_060941.1	24130682	24130849	S3C17H1L.16	test	190.10	189.90	223.41	0.8509
NC_060941.1	24132378	24132549	S3C17H1L.10	test	199.20	197.90	232.82	0.8556
NC_060941.1	24133564	24133735	S3C17H1L.1	test	185.80	187.00	220.00	0.8445
NC_060941.1	24134243	24134414	S3C17H1L.5	test	200.80	199.90	235.18	0.8538
NC_060941.1	24137300	24137466	S3C17H1L.7	test	192.80	192.50	226.47	0.8513
NC_060941.1	24138321	24138492	S3C17H1L.13	test	199.10	197.70	232.59	0.8560
NC_060941.1	24141709	24141880	S3C17H1L.1	test	185.80	187.00	220.00	0.8445
NC_060941.1	24146466	24146637	S3C17H1L.13	test	199.10	197.70	232.59	0.8560
NC_060941.1	24147476	24147647	S3C17H1L.3	test	207.20	205.10	241.29	0.8587
NC_060941.1	24147818	24147989	S3C17H1L.5	test	192.50	192.90	226.94	0.8482
NC_060941.1	24151044	24151215	S3C17H1L.10	test	194.80	193.90	228.12	0.8539
NC_060941.1	24151892	24152059	S3C17H1L.16	test	195.50	194.50	228.82	0.8544
NC_060941.1	24154101	24154272	S3C17H1L.13	test	201.90	200.20	235.53	0.8572
NC_060941.1	24154440	24154607	S3C17H1L.16	test	195.50	194.50	228.82	0.8544
NC_060941.1	24158679	24158850	S3C17H1L.9	test	200.50	200.30	235.65	0.8508
NC_060941.1	24164626	24164797	S3C17H1L.13	test	196.60	195.60	230.12	0.8543
NC_060941.1	24167002	24167173	S3C17H1L.13	test	197.10	196.10	230.71	0.8543
NC_060941.1	24167173	24167340	S3C17H1L.14	test	183.10	185.40	218.12	0.8395
NC_060941.1	24169549	24169720	S3C17H1L.13	test	201.90	200.20	235.53	0.8572
NC_060941.1	24173620	24173791	S3C17H1L.6	test	204.10	202.80	238.59	0.8554
NC_060941.1	24174470	24174641	S3C17H1L.11	test	203.90	202.80	238.59	0.8546
NC_060941.1	24177014	24177185	S3C17H1L.10	test	193.90	193.20	227.29	0.8531
NC_060941.1	24179221	24179392	S3C17H1L.13	test	194.90	194.60	228.94	0.8513
NC_060941.1	24182953	24183124	S3C17H1L.5	test	195.30	195.10	229.53	0.8509
NC_060941.1	24186689	24186860	S3C17H1L.11	test	207.50	205.50	241.76	0.8583
NC_060941.1	24187704	24187875	S3C17H1L.1	test	185.80	187.00	220.00	0.8445
NC_060941.1	24191269	24191440	S3C17H1L.6	test	204.10	202.80	238.59	0.8554
NC_060941.1	24191440	24191606	S3C17H1L.7	test	189.60	189.90	223.41	0.8487
NC_060941.1	24194155	24194321	S3C17H1L.7	test	192.80	192.50	226.47	0.8513
NC_060941.1	24201790	24201961	S3C17H1L.5	test	198.00	197.60	232.47	0.8517
NC_060941.1	24201961	24202132	S3C17H1L.6	test	204.10	202.80	238.59	0.8554
NC_060941.1	24202298	24202469	S3C17H1L.8	test	186.90	188.50	221.76	0.8428
NC_060941.1	24204676	24204847	S3C17H1L.6	test	204.10	202.80	238.59	0.8554
NC_060941.1	24205184	24205355	S3C17H1L.9	test	201.80	200.80	236.24	0.8542
NC_060941.1	24208921	24209089	S3C17H1L.15	test	192.60	192.30	226.24	0.8513
NC_060941.1	24210106	24210277	S3C17H1L.6	test	204.10	202.80	238.59	0.8554
NC_060941.1	24216895	24217062	S3C17H1L.16	test	194.80	194.10	228.35	0.8531
NC_060941.1	24220797	24220968	S3C17H1L.9	test	204.20	203.10	238.94	0.8546
NC_060941.1	24220968	24221139	S3C17H1L.10	test	197.50	196.20	230.82	0.8556
NC_060941.1	24235562	24235728	S3C17H1L.2	test	197.10	196.60	231.29	0.8522
NC_060941.1	24235728	24235899	S3C17H1L.3	test	207.20	205.10	241.29	0.8587
NC_060941.1	24237604	24237771	S3C17H1L.14	test	201.30	199.60	234.82	0.8572
NC_060941.1	24237771	24237939	S3C17H1L.15	test	197.90	196.80	231.53	0.8548
NC_060941.1	24240654	24240821	S3C17H1L.16	test	195.50	194.50	228.82	0.8544
NC_060941.1	24244215	24244386	S3C17H1L.5	test	200.80	199.90	235.18	0.8538
NC_060941.1	24244386	24244557	S3C17H1L.6	test	197.70	197.70	232.59	0.8500
NC_060941.1	24245916	24246084	S3C17H1L.15	test	197.90	196.80	231.53	0.8548
NC_060941.1	24248122	24248293	S3C17H1L.12	test	203.10	201.40	236.94	0.8572
NC_060941.1	24249474	24249645	S3C17H1L.4	test	206.30	204.80	240.94	0.8562
NC_060941.1	24253892	24254060	S3C17H1L.15	test	197.90	196.80	231.53	0.8548
NC_060941.1	24257792	24257963	S3C17H1L.6	test	199.70	198.90	234.00	0.8534
NC_060941.1	24258471	24258642	S3C17H1L.10	test	196.30	195.60	230.12	0.8530
NC_060941.1	24259994	24260165	S3C17H1L.3	test	207.20	205.10	241.29	0.8587
NC_060941.1	24265087	24265258	S3C17H1L.1	test	182.60	184.40	216.94	0.8417
NC_060941.1	24265937	24266108	S3C17H1L.6	test	200.40	200.00	235.29	0.8517
NC_060941.1	24267129	24267300	S3C17H1L.13	test	201.90	200.20	235.53	0.8572
NC_060941.1	24268139	24268310	S3C17H1L.3	test	203.80	202.40	238.12	0.8559
NC_060941.1	24272217	24272388	S3C17H1L.11	test	207.50	205.50	241.76	0.8583
NC_060941.1	24275780	24275947	S3C17H1L.16	test	195.50	194.50	228.82	0.8544
NC_060941.1	24277989	24278160	S3C17H1L.13	test	201.90	200.20	235.53	0.8572
NC_060941.1	24279170	24279341	S3C17H1L.4	test	206.30	204.80	240.94	0.8562
NC_060941.1	24281885	24282056	S3C17H1L.4	test	206.30	204.80	240.94	0.8562
NC_060941.1	24282564	24282735	S3C17H1L.8	test	202.00	200.60	236.00	0.8559
NC_060941.1	24285792	24285963	S3C17H1L.11	test	207.50	205.50	241.76	0.8583
NC_060941.1	24290880	24291051	S3C17H1L.9	test	198.60	198.30	233.29	0.8513
NC_060941.1	24293087	24293258	S3C17H1L.6	test	200.90	200.50	235.88	0.8517
NC_060941.1	24304282	24304453	S3C17H1L.6	test	199.60	199.10	234.24	0.8521
NC_060941.1	24305132	24305303	S3C17H1L.11	test	207.50	205.50	241.76	0.8583
NC_060941.1	24306655	24306826	S3C17H1L.4	test	206.30	204.80	240.94	0.8562
NC_060941.1	24312761	24312932	S3C17H1L.8	test	195.50	195.70	230.24	0.8491
NC_060941.1	24314968	24315139	S3C17H1L.5	test	200.80	199.90	235.18	0.8538
NC_060941.1	24317003	24317173	S3C17H1L.1	test	172.60	176.30	207.41	0.8322
NC_060941.1	24317338	24317509	S3C17H1L.3	test	201.90	200.60	236.00	0.8555
NC_060941.1	24320395	24320566	S3C17H1L.5	test	200.80	199.90	235.18	0.8538
NC_060941.1	24324978	24325145	S3C17H1L.16	test	195.50	194.50	228.82	0.8544
NC_060941.1	24326332	24326503	S3C17H1L.8	test	202.00	200.60	236.00	0.8559
NC_060941.1	24327015	24327186	S3C17H1L.12	test	204.10	202.00	237.65	0.8588
NC_060941.1	24328196	24328367	S3C17H1L.3	test	204.30	202.80	238.59	0.8563
NC_060941.1	24328709	24328880	S3C17H1L.6	test	200.90	200.50	235.88	0.8517
NC_060941.1	24328880	24329046	S3C17H1L.7	test	192.80	192.50	226.47	0.8513
NC_060941.1	24332444	24332615	S3C17H1L.12	test	204.10	202.00	237.65	0.8588
NC_060941.1	24333121	24333287	S3C17H1L.16	test	186.60	187.20	220.24	0.8473
NC_060941.1	24340247	24340418	S3C17H1L.11	test	207.50	205.50	241.76	0.8583
NC_060941.1	24342962	24343133	S3C17H1L.11	test	207.50	205.50	241.76	0.8583
NC_060941.1	24344659	24344830	S3C17H1L.6	test	204.10	202.80	238.59	0.8554
NC_060941.1	24346861	24347032	S3C17H1L.3	test	207.20	205.10	241.29	0.8587
NC_060941.1	24351281	24351452	S3C17H1L.13	test	199.50	198.10	233.06	0.8560
NC_060941.1	24352125	24352291	S3C17H1L.2	test	197.10	196.60	231.29	0.8522
NC_060941.1	24352974	24353140	S3C17H1L.7	test	196.00	195.10	229.53	0.8539
NC_060941.1	24353824	24353995	S3C17H1L.12	test	203.10	201.40	236.94	0.8572
NC_060941.1	24357553	24357724	S3C17H1L.4	test	206.30	204.80	240.94	0.8562
NC_060941.1	24360780	24360951	S3C17H1L.9	test	204.20	203.10	238.94	0.8546
NC_060941.1	24362137	24362308	S3C17H1L.1	test	183.70	184.80	217.41	0.8449
NC_060941.1	24364179	24364350	S3C17H1L.13	test	198.80	197.60	232.47	0.8552
NC_060941.1	24365531	24365702	S3C17H1L.5	test	200.80	199.90	235.18	0.8538
NC_060941.1	24371303	24371469	S3C17H1L.7	test	193.60	193.00	227.06	0.8526
NC_060941.1	24371982	24372153	S3C17H1L.11	test	203.90	202.80	238.59	0.8546
NC_060941.1	24372495	24372662	S3C17H1L.14	test	199.00	197.50	232.35	0.8565
NC_060941.1	24379958	24380129	S3C17H1L.11	test	203.90	202.80	238.59	0.8546
NC_060941.1	24381823	24381994	S3C17H1L.6	test	200.40	200.00	235.29	0.8517
NC_060941.1	24383186	24383353	S3C17H1L.14	test	201.30	199.60	234.82	0.8572
NC_060941.1	24384025	24384196	S3C17H1L.3	test	207.20	205.10	241.29	0.8587
NC_060941.1	24385046	24385217	S3C17H1L.9	test	201.00	200.60	236.00	0.8517
NC_060941.1	24385388	24385559	S3C17H1L.11	test	201.00	200.20	235.53	0.8534
NC_060941.1	24387761	24387932	S3C17H1L.9	test	204.20	203.10	238.94	0.8546
NC_060941.1	24388274	24388445	S3C17H1L.12	test	203.10	201.40	236.94	0.8572
NC_060941.1	24393191	24393362	S3C17H1L.9	test	204.20	203.10	238.94	0.8546
NC_060941.1	24396928	24397096	S3C17H1L.15	test	192.70	192.30	226.24	0.8518
NC_060941.1	24398963	24399134	S3C17H1L.11	test	207.50	205.50	241.76	0.8583
NC_060941.1	24399476	24399643	S3C17H1L.14	test	199.00	197.50	232.35	0.8565
NC_060941.1	24407621	24407788	S3C17H1L.14	test	199.00	197.50	232.35	0.8565
NC_060941.1	24411009	24411175	S3C17H1L.2	test	195.50	195.00	229.41	0.8522
NC_060941.1	24414911	24415082	S3C17H1L.9	test	204.20	203.10	238.94	0.8546
NC_060941.1	24417625	24417796	S3C17H1L.9	test	204.20	203.10	238.94	0.8546
NC_060941.1	24424245	24424412	S3C17H1L.16	test	195.50	194.50	228.82	0.8544
NC_060941.1	24424412	24424583	S3C17H1L.1	test	182.70	184.50	217.06	0.8417
NC_060941.1	24424749	24424920	S3C17H1L.3	test	207.20	205.10	241.29	0.8587
NC_060941.1	24425770	24425941	S3C17H1L.9	test	200.50	200.30	235.65	0.8508
NC_060941.1	24430514	24430685	S3C17H1L.3	test	204.30	202.60	238.35	0.8571
NC_060941.1	24439850	24440021	S3C17H1L.10	test	196.30	195.60	230.12	0.8530
NC_060941.1	24445960	24446127	S3C17H1L.14	test	201.30	199.60	234.82	0.8572
NC_060941.1	24451048	24451219	S3C17H1L.13	test	201.90	200.20	235.53	0.8572
NC_060941.1	24451386	24451557	S3C17H1L.1	test	183.40	184.90	217.53	0.8431
NC_060941.1	24453428	24453599	S3C17H1L.13	test	201.90	200.20	235.53	0.8572
NC_060941.1	24457839	24458010	S3C17H1L.9	test	201.30	200.70	236.12	0.8525
NC_060941.1	24471240	24471411	S3C17H1L.9	test	204.20	203.10	238.94	0.8546
NC_060941.1	24472597	24472767	S3C17H1L.1	test	172.90	176.30	207.41	0.8336
NC_060941.1	24474467	24474638	S3C17H1L.12	test	195.50	194.60	228.94	0.8539
NC_060941.1	24478711	24478877	S3C17H1L.7	test	198.00	197.20	232.00	0.8534
NC_060941.1	24480238	24480405	S3C17H1L.16	test	188.80	188.60	221.88	0.8509
NC_060941.1	24488048	24488215	S3C17H1L.14	test	198.50	197.30	232.12	0.8552
NC_060941.1	24491265	24491435	S3C17H1L.1	test	169.80	173.80	204.47	0.8304
NC_060941.1	24492622	24492793	S3C17H1L.9	test	201.20	200.90	236.35	0.8513
NC_060941.1	24493812	24493979	S3C17H1L.16	test	184.70	186.20	219.06	0.8432
NC_060941.1	24496526	24496693	S3C17H1L.16	test	184.70	186.20	219.06	0.8432
NC_060941.1	24501786	24501954	S3C17H1L.15	test	199.60	198.50	233.53	0.8547
NC_060941.1	24502121	24502291	S3C17H1L.1	test	175.00	178.40	209.88	0.8338
NC_060941.1	24502799	24502970	S3C17H1L.5	test	200.80	199.90	235.18	0.8538
NC_060941.1	24504835	24505005	S3C17H1L.1	test	171.70	175.90	206.94	0.8297
NC_060941.1	24505855	24506021	S3C17H1L.7	test	186.40	187.20	220.24	0.8464
NC_060941.1	24516872	24517043	S3C17H1L.8	test	207.30	205.00	241.18	0.8595
NC_060941.1	24522301	24522472	S3C17H1L.8	test	204.90	203.00	238.82	0.8580
NC_060941.1	24529595	24529766	S3C17H1L.3	test	202.50	200.90	236.35	0.8568
NC_060941.1	24530958	24531129	S3C17H1L.11	test	204.60	203.30	239.18	0.8554
NC_060941.1	24541302	24541473	S3C17H1L.8	test	207.30	205.00	241.18	0.8595
NC_060941.1	24543337	24543508	S3C17H1L.4	test	206.30	204.80	240.94	0.8562
NC_060941.1	24545714	24545880	S3C17H1L.2	test	191.60	191.80	225.65	0.8491
NC_060941.1	24546730	24546901	S3C17H1L.8	test	205.50	203.30	239.18	0.8592
NC_060941.1	24546901	24547072	S3C17H1L.9	test	207.10	205.30	241.53	0.8575
NC_060941.1	24548429	24548595	S3C17H1L.2	test	197.10	196.60	231.29	0.8522
NC_060941.1	24550470	24550637	S3C17H1L.14	test	203.50	201.60	237.18	0.8580
NC_060941.1	24551650	24551821	S3C17H1L.5	test	200.80	199.90	235.18	0.8538
NC_060941.1	24553355	24553526	S3C17H1L.13	test	195.60	195.00	229.41	0.8526
NC_060941.1	24556071	24556242	S3C17H1L.13	test	201.90	200.20	235.53	0.8572
NC_060941.1	24557930	24558101	S3C17H1L.8	test	204.50	202.60	238.35	0.8580
NC_060941.1	24558786	24558957	S3C17H1L.13	test	201.90	200.20	235.53	0.8572
NC_060941.1	24561837	24562005	S3C17H1L.15	test	192.60	192.30	226.24	0.8513
NC_060941.1	24563357	24563528	S3C17H1L.8	test	205.50	203.30	239.18	0.8592
NC_060941.1	24565564	24565735	S3C17H1L.3	test	200.80	199.50	234.71	0.8555
NC_060941.1	24565735	24565906	S3C17H1L.4	test	206.30	204.80	240.94	0.8562
NC_060941.1	24572353	24572524	S3C17H1L.9	test	204.20	203.10	238.94	0.8546
NC_060941.1	24573881	24574047	S3C17H1L.2	test	191.60	191.80	225.65	0.8491
NC_060941.1	24574218	24574389	S3C17H1L.4	test	206.30	204.80	240.94	0.8562
NC_060941.1	24578639	24578810	S3C17H1L.12	test	202.90	201.20	236.71	0.8572
NC_060941.1	24581525	24581696	S3C17H1L.13	test	201.90	200.20	235.53	0.8572
NC_060941.1	24581863	24582031	S3C17H1L.15	test	197.00	196.10	230.71	0.8539
NC_060941.1	24584069	24584240	S3C17H1L.12	test	205.60	203.60	239.53	0.8583
NC_060941.1	24584411	24584578	S3C17H1L.14	test	203.50	201.60	237.18	0.8580
NC_060941.1	24585591	24585762	S3C17H1L.5	test	200.80	199.90	235.18	0.8538
NC_060941.1	24586099	24586270	S3C17H1L.8	test	207.30	205.00	241.18	0.8595
NC_060941.1	24588135	24588306	S3C17H1L.4	test	206.30	204.80	240.94	0.8562
NC_060941.1	24588648	24588814	S3C17H1L.7	test	198.00	197.20	232.00	0.8534
NC_060941.1	24588985	24589156	S3C17H1L.9	test	202.60	201.50	237.06	0.8546
NC_060941.1	24594244	24594415	S3C17H1L.8	test	207.30	205.00	241.18	0.8595
NC_060941.1	24595606	24595773	S3C17H1L.16	test	192.60	192.30	226.24	0.8513
NC_060941.1	24595773	24595943	S3C17H1L.1	test	175.00	178.40	209.88	0.8338
NC_060941.1	24596793	24596959	S3C17H1L.7	test	198.00	197.20	232.00	0.8534
NC_060941.1	24597986	24598153	S3C17H1L.14	test	199.20	197.60	232.47	0.8569
NC_060941.1	24600187	24600359	S3C17H1L.11	test	197.60	197.20	232.00	0.8517
NC_060941.1	24600359	24600530	S3C17H1L.12	test	205.60	203.60	239.53	0.8583
NC_060941.1	24602052	24602223	S3C17H1L.6	test	204.10	202.80	238.59	0.8554
NC_060941.1	24603918	24604088	S3C17H1L.1	test	171.80	176.00	207.06	0.8297
NC_060941.1	24604088	24604254	S3C17H1L.2	test	191.60	191.80	225.65	0.8491
NC_060941.1	24604938	24605104	S3C17H1L.7	test	198.00	197.20	232.00	0.8534
NC_060941.1	24608161	24608332	S3C17H1L.10	test	199.90	198.90	234.00	0.8543
NC_060941.1	24608332	24608504	S3C17H1L.11	test	197.60	197.20	232.00	0.8517
NC_060941.1	24611219	24611390	S3C17H1L.12	test	205.60	203.60	239.53	0.8583
NC_060941.1	24612741	24612912	S3C17H1L.5	test	200.80	199.90	235.18	0.8538
NC_060941.1	24615964	24616135	S3C17H1L.8	test	207.30	205.00	241.18	0.8595
NC_060941.1	24619873	24620041	S3C17H1L.15	test	195.00	194.10	228.35	0.8539
NC_060941.1	24622923	24623093	S3C17H1L.1	test	175.00	178.40	209.88	0.8338
NC_060941.1	24623601	24623772	S3C17H1L.5	test	200.80	199.90	235.18	0.8538
NC_060941.1	24628860	24629031	S3C17H1L.4	test	199.80	198.80	233.88	0.8543
NC_060941.1	24629373	24629539	S3C17H1L.7	test	198.00	197.20	232.00	0.8534
NC_060941.1	24632767	24632939	S3C17H1L.11	test	196.00	195.60	230.12	0.8517
NC_060941.1	24633783	24633953	S3C17H1L.1	test	175.00	178.40	209.88	0.8338
NC_060941.1	24635825	24635996	S3C17H1L.13	test	201.90	200.20	235.53	0.8572
NC_060941.1	24636668	24636834	S3C17H1L.2	test	191.60	191.80	225.65	0.8491
NC_060941.1	24638026	24638197	S3C17H1L.10	test	200.70	199.30	234.47	0.8560
NC_060941.1	24642777	24642948	S3C17H1L.6	test	204.10	202.80	238.59	0.8554
NC_060941.1	24642948	24643114	S3C17H1L.7	test	196.00	195.10	229.53	0.8539
NC_060941.1	24644476	24644643	S3C17H1L.16	test	192.60	192.30	226.24	0.8513
NC_060941.1	24647528	24647694	S3C17H1L.2	test	188.60	189.40	222.82	0.8464
NC_060941.1	24649906	24650073	S3C17H1L.16	test	192.60	192.30	226.24	0.8513
NC_060941.1	24658896	24659067	S3C17H1L.5	test	200.80	199.90	235.18	0.8538
NC_060941.1	24659746	24659917	S3C17H1L.10	test	203.10	201.60	237.18	0.8563
NC_060941.1	24661782	24661953	S3C17H1L.6	test	204.10	202.80	238.59	0.8554
NC_060941.1	24672979	24673150	S3C17H1L.8	test	207.30	205.00	241.18	0.8595
NC_060941.1	24675186	24675357	S3C17H1L.5	test	200.80	199.90	235.18	0.8538
NC_060941.1	24676036	24676207	S3C17H1L.10	test	203.10	201.60	237.18	0.8563
NC_060941.1	24677223	24677393	S3C17H1L.1	test	175.00	178.40	209.88	0.8338
NC_060941.1	24679771	24679938	S3C17H1L.16	test	190.20	190.10	223.65	0.8504
NC_060941.1	24680787	24680958	S3C17H1L.6	test	204.10	202.80	238.59	0.8554
NC_060941.1	24683331	24683502	S3C17H1L.5	test	200.80	199.90	235.18	0.8538
NC_060941.1	24683839	24684010	S3C17H1L.8	test	207.30	205.00	241.18	0.8595
NC_060941.1	24689614	24689786	S3C17H1L.11	test	197.60	197.20	232.00	0.8517
NC_060941.1	24694365	24694531	S3C17H1L.7	test	198.00	197.20	232.00	0.8534
NC_060941.1	24699624	24699795	S3C17H1L.6	test	204.10	202.80	238.59	0.8554
NC_060941.1	24699961	24700132	S3C17H1L.8	test	207.30	205.00	241.18	0.8595
NC_060941.1	24705904	24706076	S3C17H1L.11	test	197.60	197.20	232.00	0.8517
NC_060941.1	24707598	24707769	S3C17H1L.5	test	200.80	199.90	235.18	0.8538
NC_060941.1	24709971	24710142	S3C17H1L.3	test	203.10	201.30	236.82	0.8576
NC_060941.1	24712686	24712857	S3C17H1L.3	test	205.30	203.40	239.29	0.8579
NC_060941.1	24714392	24714563	S3C17H1L.13	test	201.90	200.20	235.53	0.8572
NC_060941.1	24722537	24722708	S3C17H1L.13	test	201.90	200.20	235.53	0.8572
NC_060941.1	24731355	24731525	S3C17H1L.1	test	175.00	178.40	209.88	0.8338
NC_060941.1	24733226	24733397	S3C17H1L.12	test	205.60	203.60	239.53	0.8583
NC_060941.1	24737121	24737292	S3C17H1L.3	test	203.10	201.30	236.82	0.8576
NC_060941.1	24740520	24740686	S3C17H1L.7	test	198.00	197.20	232.00	0.8534
NC_060941.1	24742048	24742215	S3C17H1L.16	test	192.60	192.30	226.24	0.8513
NC_060941.1	24742385	24742551	S3C17H1L.2	test	191.60	191.80	225.65	0.8491
NC_060941.1	24743743	24743914	S3C17H1L.10	test	203.10	201.60	237.18	0.8563
NC_060941.1	24749688	24749859	S3C17H1L.13	test	201.90	200.20	235.53	0.8572
NC_060941.1	24764788	24764954	S3C17H1L.7	test	198.00	197.20	232.00	0.8534
NC_060941.1	24764954	24765125	S3C17H1L.8	test	207.30	205.00	241.18	0.8595
NC_060941.1	24765125	24765296	S3C17H1L.9	test	202.60	201.50	237.06	0.8546
NC_060941.1	24765810	24765981	S3C17H1L.13	test	201.90	200.20	235.53	0.8572
NC_060941.1	24767161	24767332	S3C17H1L.5	test	200.80	199.90	235.18	0.8538
NC_060941.1	24769368	24769534	S3C17H1L.2	test	191.60	191.80	225.65	0.8491
NC_060941.1	24769534	24769705	S3C17H1L.3	test	203.10	201.30	236.82	0.8576
NC_060941.1	24772591	24772762	S3C17H1L.5	test	200.80	199.90	235.18	0.8538
NC_060941.1	24772762	24772933	S3C17H1L.6	test	202.80	201.30	236.82	0.8563
NC_060941.1	24774798	24774964	S3C17H1L.2	test	191.60	191.80	225.65	0.8491
NC_060941.1	24777513	24777679	S3C17H1L.2	test	191.60	191.80	225.65	0.8491
NC_060941.1	24779723	24779891	S3C17H1L.15	test	195.00	194.10	228.35	0.8539
NC_060941.1	24782606	24782773	S3C17H1L.16	test	190.20	190.10	223.65	0.8504
NC_060941.1	24783622	24783793	S3C17H1L.6	test	204.10	202.80	238.59	0.8554
NC_060941.1	24783959	24784130	S3C17H1L.8	test	207.30	205.00	241.18	0.8595
NC_060941.1	24784644	24784815	S3C17H1L.12	test	205.60	203.60	239.53	0.8583
NC_060941.1	24784815	24784986	S3C17H1L.13	test	201.90	200.20	235.53	0.8572
NC_060941.1	24785824	24785995	S3C17H1L.3	test	203.10	201.30	236.82	0.8576
NC_060941.1	24786845	24787016	S3C17H1L.9	test	202.60	201.50	237.06	0.8546
NC_060941.1	24787530	24787701	S3C17H1L.13	test	201.90	200.20	235.53	0.8572
NC_060941.1	24792789	24792960	S3C17H1L.12	test	205.60	203.60	239.53	0.8583
NC_060941.1	24803306	24803477	S3C17H1L.10	test	199.90	198.90	234.00	0.8543
NC_060941.1	24805850	24806021	S3C17H1L.9	test	202.60	201.50	237.06	0.8546
NC_060941.1	24806364	24806535	S3C17H1L.12	test	205.60	203.60	239.53	0.8583
NC_060941.1	24811622	24811794	S3C17H1L.11	test	197.60	197.20	232.00	0.8517
NC_060941.1	24816710	24816881	S3C17H1L.9	test	202.60	201.50	237.06	0.8546
NC_060941.1	24820616	24820783	S3C17H1L.16	test	190.20	190.10	223.65	0.8504
NC_060941.1	24823834	24824005	S3C17H1L.3	test	203.10	201.30	236.82	0.8576
NC_060941.1	24824176	24824347	S3C17H1L.5	test	200.80	199.90	235.18	0.8538
NC_060941.1	24827399	24827570	S3C17H1L.8	test	207.30	205.00	241.18	0.8595
NC_060941.1	24833514	24833685	S3C17H1L.12	test	205.60	203.60	239.53	0.8583
NC_060941.1	24835544	24835715	S3C17H1L.8	test	207.30	205.00	241.18	0.8595
NC_060941.1	24836906	24837073	S3C17H1L.16	test	190.20	190.10	223.65	0.8504
NC_060941.1	24838430	24838601	S3C17H1L.9	test	202.60	201.50	237.06	0.8546
NC_060941.1	24841316	24841487	S3C17H1L.10	test	203.10	201.60	237.18	0.8563
NC_060941.1	24849804	24849975	S3C17H1L.12	test	205.60	203.60	239.53	0.8583
NC_060941.1	24855405	24855576	S3C17H1L.13	test	201.90	200.20	235.53	0.8572
NC_060941.1	24856756	24856927	S3C17H1L.5	test	200.80	199.90	235.18	0.8538
NC_060941.1	24858291	24858458	S3C17H1L.14	test	202.00	200.00	235.29	0.8585
NC_060941.1	24860835	24861006	S3C17H1L.13	test	201.90	200.20	235.53	0.8572
NC_060941.1	24861508	24861678	S3C17H1L.1	test	175.00	178.40	209.88	0.8338
NC_060941.1	24862357	24862528	S3C17H1L.6	test	204.10	202.80	238.59	0.8554
NC_060941.1	24862528	24862694	S3C17H1L.7	test	198.00	197.20	232.00	0.8534
NC_060941.1	24864730	24864901	S3C17H1L.4	test	201.80	200.70	236.12	0.8547
NC_060941.1	24869989	24870160	S3C17H1L.3	test	203.10	201.30	236.82	0.8576
NC_060941.1	24871695	24871866	S3C17H1L.13	test	201.90	200.20	235.53	0.8572
NC_060941.1	24872704	24872875	S3C17H1L.3	test	203.10	201.30	236.82	0.8576
NC_060941.1	24873217	24873388	S3C17H1L.6	test	204.10	202.80	238.59	0.8554
NC_060941.1	24874581	24874748	S3C17H1L.14	test	203.50	201.60	237.18	0.8580
NC_060941.1	24876103	24876269	S3C17H1L.7	test	198.00	197.20	232.00	0.8534
NC_060941.1	24879497	24879669	S3C17H1L.11	test	197.60	197.20	232.00	0.8517
NC_060941.1	24882726	24882893	S3C17H1L.14	test	202.20	200.00	235.29	0.8593
NC_060941.1	24883398	24883564	S3C17H1L.2	test	189.40	189.70	223.18	0.8487
NC_060941.1	24886792	24886963	S3C17H1L.6	test	204.10	202.80	238.59	0.8554
NC_060941.1	24888828	24888994	S3C17H1L.2	test	191.60	191.80	225.65	0.8491
NC_060941.1	24891206	24891373	S3C17H1L.16	test	192.60	192.30	226.24	0.8513
NC_060941.1	24894766	24894937	S3C17H1L.5	test	200.80	199.90	235.18	0.8538
NC_060941.1	24898331	24898502	S3C17H1L.10	test	203.10	201.60	237.18	0.8563
NC_060941.1	24900875	24901046	S3C17H1L.9	test	202.60	201.50	237.06	0.8546
NC_060941.1	24902740	24902911	S3C17H1L.4	test	206.30	204.80	240.94	0.8562
NC_060941.1	24904275	24904446	S3C17H1L.13	test	201.90	200.20	235.53	0.8572
NC_060941.1	24908170	24908341	S3C17H1L.4	test	206.30	204.80	240.94	0.8562
NC_060941.1	24908341	24908512	S3C17H1L.5	test	200.80	199.90	235.18	0.8538
NC_060941.1	24909020	24909191	S3C17H1L.9	test	202.60	201.50	237.06	0.8546
NC_060941.1	24911056	24911227	S3C17H1L.5	test	200.80	199.90	235.18	0.8538
NC_060941.1	24918021	24918188	S3C17H1L.14	test	202.20	200.00	235.29	0.8593
NC_060941.1	24918188	24918355	S3C17H1L.16	test	185.10	185.60	218.35	0.8477
NC_060941.1	24924463	24924634	S3C17H1L.5	test	200.80	199.90	235.18	0.8538
NC_060941.1	24924634	24924805	S3C17H1L.6	test	204.10	202.80	238.59	0.8554
NC_060941.1	24924971	24925142	S3C17H1L.8	test	207.30	205.00	241.18	0.8595
NC_060941.1	24927178	24927349	S3C17H1L.5	test	200.80	199.90	235.18	0.8538
NC_060941.1	24930572	24930743	S3C17H1L.9	test	202.60	201.50	237.06	0.8546
NC_060941.1	24940753	24940924	S3C17H1L.5	test	200.80	199.90	235.18	0.8538
NC_060941.1	24941774	24941946	S3C17H1L.11	test	197.60	197.20	232.00	0.8517
NC_060941.1	24942288	24942455	S3C17H1L.14	test	203.50	201.60	237.18	0.8580
NC_060941.1	24945505	24945675	S3C17H1L.1	test	175.00	178.40	209.88	0.8338
NC_060941.1	24951955	24952121	S3C17H1L.7	test	198.00	197.20	232.00	0.8534
NC_060941.1	24954328	24954499	S3C17H1L.5	test	200.80	199.90	235.18	0.8538
NC_060941.1	24955007	24955178	S3C17H1L.9	test	202.60	201.50	237.06	0.8546
NC_060941.1	24955521	24955692	S3C17H1L.12	test	205.60	203.60	239.53	0.8583
NC_060941.1	24955863	24956030	S3C17H1L.14	test	203.50	201.60	237.18	0.8580
NC_060941.1	24960265	24960436	S3C17H1L.8	test	207.30	205.00	241.18	0.8595
NC_060941.1	24962472	24962643	S3C17H1L.5	test	200.80	199.90	235.18	0.8538
NC_060941.1	24965358	24965529	S3C17H1L.6	test	204.10	202.80	238.59	0.8554
NC_060941.1	24965695	24965866	S3C17H1L.8	test	207.30	205.00	241.18	0.8595
NC_060941.1	24967394	24967560	S3C17H1L.2	test	191.60	191.80	225.65	0.8491
NC_060941.1	24967560	24967731	S3C17H1L.3	test	203.10	201.30	236.82	0.8576
NC_060941.1	24967902	24968073	S3C17H1L.5	test	200.80	199.90	235.18	0.8538
NC_060941.1	24968752	24968923	S3C17H1L.10	test	203.10	201.60	237.18	0.8563
NC_060941.1	24969604	24969772	S3C17H1L.15	test	197.00	196.10	230.71	0.8539
NC_060941.1	24970275	24970446	S3C17H1L.3	test	203.10	201.30	236.82	0.8576
NC_060941.1	24974011	24974182	S3C17H1L.9	test	202.60	201.50	237.06	0.8546
NC_060941.1	24978420	24978591	S3C17H1L.3	test	203.10	201.30	236.82	0.8576
NC_060941.1	24979104	24979270	S3C17H1L.7	test	198.00	197.20	232.00	0.8534
NC_060941.1	24980126	24980297	S3C17H1L.13	test	201.90	200.20	235.53	0.8572
NC_060941.1	24983012	24983179	S3C17H1L.14	test	203.50	201.60	237.18	0.8580
NC_060941.1	24985213	24985385	S3C17H1L.11	test	197.60	197.20	232.00	0.8517
NC_060941.1	24988271	24988442	S3C17H1L.13	test	201.90	200.20	235.53	0.8572
NC_060941.1	24988442	24988609	S3C17H1L.14	test	203.50	201.60	237.18	0.8580
NC_060941.1	24993872	24994039	S3C17H1L.14	test	203.50	201.60	237.18	0.8580
NC_060941.1	24998617	24998788	S3C17H1L.10	test	203.10	201.60	237.18	0.8563
NC_060941.1	24999469	24999637	S3C17H1L.15	test	197.00	196.10	230.71	0.8539
NC_060941.1	25000311	25000482	S3C17H1L.4	test	201.80	200.70	236.12	0.8547
NC_060941.1	25009820	25009991	S3C17H1L.12	test	205.60	203.60	239.53	0.8583
NC_060941.1	25010329	25010497	S3C17H1L.15	test	197.00	196.10	230.71	0.8539
NC_060941.1	25011171	25011342	S3C17H1L.4	test	206.30	204.80	240.94	0.8562
NC_060941.1	25011342	25011513	S3C17H1L.5	test	200.80	199.90	235.18	0.8538
NC_060941.1	25015078	25015250	S3C17H1L.11	test	197.60	197.20	232.00	0.8517
NC_060941.1	25016601	25016772	S3C17H1L.4	test	201.80	200.70	236.12	0.8547
NC_060941.1	25023395	25023566	S3C17H1L.12	test	205.60	203.60	239.53	0.8583
NC_060941.1	25023566	25023737	S3C17H1L.13	test	201.90	200.20	235.53	0.8572
NC_060941.1	25025596	25025767	S3C17H1L.9	test	202.60	201.50	237.06	0.8546
NC_060941.1	25027461	25027632	S3C17H1L.4	test	206.30	204.80	240.94	0.8562
NC_060941.1	25028653	25028825	S3C17H1L.11	test	197.60	197.20	232.00	0.8517
NC_060941.1	25029502	25029669	S3C17H1L.16	test	190.20	190.10	223.65	0.8504
NC_060941.1	25035777	25035948	S3C17H1L.5	test	200.80	199.90	235.18	0.8538
NC_060941.1	25040865	25041036	S3C17H1L.3	test	203.10	201.30	236.82	0.8576
NC_060941.1	25044093	25044264	S3C17H1L.6	test	204.10	202.80	238.59	0.8554
NC_060941.1	25052067	25052238	S3C17H1L.5	test	200.80	199.90	235.18	0.8538
NC_060941.1	25052917	25053088	S3C17H1L.10	test	194.40	194.30	228.59	0.8504
NC_060941.1	25054274	25054440	S3C17H1L.2	test	191.60	191.80	225.65	0.8491
NC_060941.1	25061405	25061576	S3C17H1L.12	test	205.60	203.60	239.53	0.8583
NC_060941.1	25064964	25065134	S3C17H1L.1	test	175.00	178.40	209.88	0.8338
NC_060941.1	25065471	25065642	S3C17H1L.4	test	201.80	200.70	236.12	0.8547
NC_060941.1	25065813	25065984	S3C17H1L.6	test	204.10	202.80	238.59	0.8554
NC_060941.1	25066321	25066492	S3C17H1L.9	test	202.60	201.50	237.06	0.8546
NC_060941.1	25068699	25068865	S3C17H1L.7	test	198.00	197.20	232.00	0.8534
NC_060941.1	25069036	25069207	S3C17H1L.9	test	202.60	201.50	237.06	0.8546
NC_060941.1	25072607	25072774	S3C17H1L.14	test	203.50	201.60	237.18	0.8580
NC_060941.1	25075489	25075657	S3C17H1L.15	test	197.00	196.10	230.71	0.8539
NC_060941.1	25078372	25078539	S3C17H1L.16	test	190.20	190.10	223.65	0.8504
NC_060941.1	25079388	25079559	S3C17H1L.6	test	204.10	202.80	238.59	0.8554
NC_060941.1	25080067	25080238	S3C17H1L.10	test	203.10	201.60	237.18	0.8563
NC_060941.1	25082611	25082782	S3C17H1L.9	test	202.60	201.50	237.06	0.8546
NC_060941.1	25086182	25086349	S3C17H1L.14	test	202.20	200.00	235.29	0.8593
NC_060941.1	25088555	25088726	S3C17H1L.12	test	205.60	203.60	239.53	0.8583
NC_060941.1	25091612	25091779	S3C17H1L.14	test	203.50	201.60	237.18	0.8580
NC_060941.1	25092284	25092450	S3C17H1L.2	test	191.60	191.80	225.65	0.8491
NC_060941.1	25100094	25100261	S3C17H1L.16	test	189.40	189.60	223.06	0.8491
NC_060941.1	25101447	25101618	S3C17H1L.8	test	205.50	203.30	239.18	0.8592
NC_060941.1	25102976	25103146	S3C17H1L.1	test	175.00	178.40	209.88	0.8338
NC_060941.1	25108406	25108576	S3C17H1L.1	test	175.00	178.40	209.88	0.8338
NC_060941.1	25110786	25110954	S3C17H1L.15	test	195.00	194.10	228.35	0.8539
NC_060941.1	25112478	25112649	S3C17H1L.9	test	204.20	203.10	238.94	0.8546
NC_060941.1	25117570	25117736	S3C17H1L.7	test	198.00	197.20	232.00	0.8534
NC_060941.1	25121645	25121813	S3C17H1L.15	test	193.00	192.20	226.12	0.8535
NC_060941.1	25123851	25124022	S3C17H1L.12	test	205.60	203.60	239.53	0.8583
NC_060941.1	25125715	25125881	S3C17H1L.7	test	198.00	197.20	232.00	0.8534
NC_060941.1	25126052	25126223	S3C17H1L.9	test	202.60	201.50	237.06	0.8546
NC_060941.1	25126737	25126908	S3C17H1L.13	test	201.90	200.20	235.53	0.8572
NC_060941.1	25131996	25132167	S3C17H1L.12	test	205.60	203.60	239.53	0.8583
NC_060941.1	25151001	25151172	S3C17H1L.12	test	205.60	203.60	239.53	0.8583
NC_060941.1	25151343	25151510	S3C17H1L.14	test	199.20	197.60	232.47	0.8569
NC_060941.1	25151510	25151678	S3C17H1L.15	test	192.30	191.80	225.65	0.8522
NC_060941.1	25152181	25152352	S3C17H1L.3	test	205.30	203.40	239.29	0.8579
NC_060941.1	25152352	25152523	S3C17H1L.4	test	203.30	202.30	238.00	0.8542
NC_060941.1	25153373	25153544	S3C17H1L.10	test	203.10	201.60	237.18	0.8563
NC_060941.1	25155580	25155746	S3C17H1L.7	test	198.00	197.20	232.00	0.8534
NC_060941.1	25156259	25156431	S3C17H1L.11	test	197.60	197.20	232.00	0.8517
NC_060941.1	25159146	25159317	S3C17H1L.12	test	205.60	203.60	239.53	0.8583
NC_060941.1	25162032	25162203	S3C17H1L.13	test	201.90	200.20	235.53	0.8572
NC_060941.1	25163891	25164062	S3C17H1L.8	test	207.30	205.00	241.18	0.8595
NC_060941.1	25164062	25164233	S3C17H1L.9	test	204.20	203.10	238.94	0.8546
NC_060941.1	25166440	25166606	S3C17H1L.7	test	198.00	197.20	232.00	0.8534
NC_060941.1	25169834	25170006	S3C17H1L.11	test	197.60	197.20	232.00	0.8517
NC_060941.1	25170177	25170348	S3C17H1L.13	test	201.90	200.20	235.53	0.8572
NC_060941.1	25174072	25174243	S3C17H1L.4	test	203.30	202.30	238.00	0.8542
NC_060941.1	25178151	25178322	S3C17H1L.12	test	205.60	203.60	239.53	0.8583
NC_060941.1	25179331	25179502	S3C17H1L.3	test	205.30	203.40	239.29	0.8579
NC_060941.1	25182388	25182559	S3C17H1L.5	test	200.80	199.90	235.18	0.8538
NC_060941.1	25185445	25185611	S3C17H1L.7	test	198.00	197.20	232.00	0.8534
NC_060941.1	25186973	25187140	S3C17H1L.16	test	192.60	192.30	226.24	0.8513
NC_060941.1	25187476	25187647	S3C17H1L.3	test	205.30	203.40	239.29	0.8579
NC_060941.1	25190191	25190362	S3C17H1L.3	test	205.30	203.40	239.29	0.8579
NC_060941.1	25193077	25193248	S3C17H1L.4	test	203.30	202.30	238.00	0.8542
NC_060941.1	25201892	25202063	S3C17H1L.8	test	207.30	205.00	241.18	0.8595
NC_060941.1	25204607	25204778	S3C17H1L.8	test	207.30	205.00	241.18	0.8595
NC_060941.1	25205634	25205801	S3C17H1L.14	test	203.50	201.60	237.18	0.8580
NC_060941.1	25206136	25206306	S3C17H1L.1	test	172.10	176.30	207.41	0.8298
NC_060941.1	25206814	25206985	S3C17H1L.5	test	200.80	199.90	235.18	0.8538
NC_060941.1	25207156	25207322	S3C17H1L.7	test	198.00	197.20	232.00	0.8534
NC_060941.1	25208349	25208516	S3C17H1L.14	test	199.20	197.60	232.47	0.8569
NC_060941.1	25225477	25225648	S3C17H1L.3	test	205.30	203.40	239.29	0.8579
NC_060941.1	25227183	25227354	S3C17H1L.13	test	201.90	200.20	235.53	0.8572
NC_060941.1	25229727	25229898	S3C17H1L.12	test	205.60	203.60	239.53	0.8583
NC_060941.1	25231420	25231591	S3C17H1L.6	test	202.80	201.30	236.82	0.8563
NC_060941.1	25234306	25234472	S3C17H1L.7	test	198.00	197.20	232.00	0.8534
NC_060941.1	25239394	25239565	S3C17H1L.5	test	200.80	199.90	235.18	0.8538
NC_060941.1	25246694	25246861	S3C17H1L.16	test	189.40	189.60	223.06	0.8491
NC_060941.1	25247368	25247539	S3C17H1L.4	test	203.30	202.30	238.00	0.8542
NC_060941.1	25252798	25252969	S3C17H1L.4	test	203.30	202.30	238.00	0.8542
NC_060941.1	25254162	25254333	S3C17H1L.12	test	205.60	203.60	239.53	0.8583
NC_060941.1	25254504	25254671	S3C17H1L.14	test	189.90	190.30	223.88	0.8482
NC_060941.1	25255342	25255513	S3C17H1L.3	test	201.90	200.60	236.00	0.8555
NC_060941.1	25255513	25255684	S3C17H1L.4	test	203.30	202.30	238.00	0.8542
NC_060941.1	25258228	25258399	S3C17H1L.4	test	203.30	202.30	238.00	0.8542
NC_060941.1	25264850	25265022	S3C17H1L.11	test	197.60	197.20	232.00	0.8517
NC_060941.1	25267056	25267227	S3C17H1L.9	test	204.20	203.10	238.94	0.8546
NC_060941.1	25276559	25276729	S3C17H1L.1	test	172.10	176.30	207.41	0.8298
NC_060941.1	25278939	25279107	S3C17H1L.15	test	197.00	196.10	230.71	0.8539
NC_060941.1	25279274	25279444	S3C17H1L.1	test	175.00	178.40	209.88	0.8338
NC_060941.1	25281487	25281654	S3C17H1L.14	test	202.20	200.00	235.29	0.8593
NC_060941.1	25291491	25291662	S3C17H1L.9	test	204.20	203.10	238.94	0.8546
NC_060941.1	25293527	25293698	S3C17H1L.5	test	200.80	199.90	235.18	0.8538
NC_060941.1	25302693	25302865	S3C17H1L.11	test	197.60	197.20	232.00	0.8517
NC_060941.1	25303036	25303207	S3C17H1L.13	test	201.90	200.20	235.53	0.8572
NC_060941.1	25305751	25305922	S3C17H1L.13	test	201.90	200.20	235.53	0.8572
NC_060941.1	25306257	25306424	S3C17H1L.16	test	192.60	192.30	226.24	0.8513
NC_060941.1	25306760	25306931	S3C17H1L.3	test	205.30	203.40	239.29	0.8579
NC_060941.1	25307781	25307952	S3C17H1L.9	test	204.20	203.10	238.94	0.8546
NC_060941.1	25318641	25318812	S3C17H1L.9	test	204.20	203.10	238.94	0.8546
NC_060941.1	25322714	25322884	S3C17H1L.1	test	175.00	178.40	209.88	0.8338
NC_060941.1	25324756	25324927	S3C17H1L.13	test	201.90	200.20	235.53	0.8572
NC_060941.1	25326615	25326786	S3C17H1L.8	test	205.50	203.30	239.18	0.8592
NC_060941.1	25329164	25329330	S3C17H1L.7	test	198.00	197.20	232.00	0.8534
NC_060941.1	25329330	25329501	S3C17H1L.8	test	207.30	205.00	241.18	0.8595
NC_060941.1	25334252	25334423	S3C17H1L.5	test	200.80	199.90	235.18	0.8538
NC_060941.1	25337475	25337646	S3C17H1L.8	test	205.50	203.30	239.18	0.8592
NC_060941.1	25339340	25339511	S3C17H1L.3	test	205.30	203.40	239.29	0.8579
NC_060941.1	25341046	25341217	S3C17H1L.13	test	201.90	200.20	235.53	0.8572
NC_060941.1	25341217	25341384	S3C17H1L.14	test	202.20	200.00	235.29	0.8593
NC_060941.1	25342568	25342739	S3C17H1L.6	test	202.80	201.30	236.82	0.8563
NC_060941.1	25346305	25346476	S3C17H1L.12	test	205.60	203.60	239.53	0.8583
NC_060941.1	25347827	25347998	S3C17H1L.5	test	200.80	199.90	235.18	0.8538
NC_060941.1	25350371	25350542	S3C17H1L.4	test	201.80	200.70	236.12	0.8547
NC_060941.1	25354450	25354621	S3C17H1L.12	test	205.60	203.60	239.53	0.8583
NC_060941.1	25360894	25361060	S3C17H1L.2	test	191.60	191.80	225.65	0.8491
NC_060941.1	25364288	25364459	S3C17H1L.6	test	199.60	199.10	234.24	0.8521
NC_060941.1	25364625	25364796	S3C17H1L.8	test	203.80	202.30	238.00	0.8563
NC_060941.1	25366661	25366832	S3C17H1L.4	test	203.30	202.30	238.00	0.8542
NC_060941.1	25367682	25367853	S3C17H1L.10	test	199.90	198.90	234.00	0.8543
NC_060941.1	25368534	25368702	S3C17H1L.15	test	194.30	193.70	227.88	0.8526
NC_060941.1	25370397	25370568	S3C17H1L.10	test	203.10	201.60	237.18	0.8563
NC_060941.1	25370911	25371082	S3C17H1L.13	test	201.90	200.20	235.53	0.8572
NC_060941.1	25378034	25378200	S3C17H1L.7	test	198.00	197.20	232.00	0.8534
NC_060941.1	25380065	25380236	S3C17H1L.3	test	205.30	203.40	239.29	0.8579
NC_060941.1	25382614	25382779	S3C17H1L.2	test	190.40	190.40	224.00	0.8500
NC_060941.1	25388210	25388381	S3C17H1L.3	test	205.30	203.40	239.29	0.8579
NC_060941.1	25388894	25389060	S3C17H1L.7	test	198.00	197.20	232.00	0.8534
NC_060941.1	25389572	25389744	S3C17H1L.11	test	197.60	197.20	232.00	0.8517
NC_060941.1	25391095	25391266	S3C17H1L.4	test	206.30	204.80	240.94	0.8562
NC_060941.1	25391945	25392116	S3C17H1L.9	test	204.20	203.10	238.94	0.8546
NC_060941.1	25398060	25398231	S3C17H1L.13	test	201.90	200.20	235.53	0.8572
NC_060941.1	25401281	25401448	S3C17H1L.16	test	192.60	192.30	226.24	0.8513
NC_060941.1	25404841	25405012	S3C17H1L.5	test	200.80	199.90	235.18	0.8538
NC_060941.1	25409426	25409593	S3C17H1L.16	test	192.60	192.30	226.24	0.8513
NC_060941.1	25418922	25419093	S3C17H1L.8	test	205.50	203.30	239.18	0.8592
NC_060941.1	25419607	25419778	S3C17H1L.12	test	205.60	203.60	239.53	0.8583
NC_060941.1	25421979	25422150	S3C17H1L.10	test	203.10	201.60	237.18	0.8563
NC_060941.1	25422150	25422322	S3C17H1L.11	test	197.60	197.20	232.00	0.8517
NC_060941.1	25422831	25422999	S3C17H1L.15	test	195.00	194.10	228.35	0.8539
NC_060941.1	25427409	25427580	S3C17H1L.10	test	203.10	201.60	237.18	0.8563
NC_060941.1	25429782	25429953	S3C17H1L.8	test	205.50	203.30	239.18	0.8592
NC_060941.1	25432331	25432497	S3C17H1L.7	test	198.00	197.20	232.00	0.8534
NC_060941.1	25432668	25432839	S3C17H1L.9	test	204.20	203.10	238.94	0.8546
NC_060941.1	25439289	25439456	S3C17H1L.16	test	192.60	192.30	226.24	0.8513
NC_060941.1	25442507	25442678	S3C17H1L.3	test	205.30	203.40	239.29	0.8579
NC_060941.1	25445907	25446073	S3C17H1L.7	test	198.00	197.20	232.00	0.8534
NC_060941.1	25447267	25447435	S3C17H1L.15	test	197.00	196.10	230.71	0.8539
NC_060941.1	25447938	25448109	S3C17H1L.3	test	202.50	201.10	236.59	0.8559
NC_060941.1	25450150	25450317	S3C17H1L.16	test	192.60	192.30	226.24	0.8513
NC_060941.1	25450824	25450995	S3C17H1L.4	test	201.80	200.70	236.12	0.8547
NC_060941.1	25453032	25453202	S3C17H1L.1	test	175.00	178.40	209.88	0.8338
NC_060941.1	25456084	25456255	S3C17H1L.3	test	205.30	203.40	239.29	0.8579
NC_060941.1	25456426	25456597	S3C17H1L.5	test	200.80	199.90	235.18	0.8538
NC_060941.1	25460505	25460676	S3C17H1L.13	test	201.90	200.20	235.53	0.8572
NC_060941.1	25462877	25463049	S3C17H1L.11	test	197.60	197.20	232.00	0.8517
NC_060941.1	25463391	25463558	S3C17H1L.14	test	203.50	201.60	237.18	0.8580
NC_060941.1	25464229	25464400	S3C17H1L.3	test	205.30	203.40	239.29	0.8579
NC_060941.1	25466274	25466442	S3C17H1L.15	test	197.00	196.10	230.71	0.8539
NC_060941.1	25473912	25474083	S3C17H1L.12	test	205.60	203.60	239.53	0.8583
NC_060941.1	25474254	25474421	S3C17H1L.14	test	203.50	201.60	237.18	0.8580
NC_060941.1	25475605	25475776	S3C17H1L.6	test	202.80	201.30	236.82	0.8563
NC_060941.1	25486465	25486636	S3C17H1L.6	test	202.80	201.30	236.82	0.8563
NC_060941.1	25489010	25489181	S3C17H1L.5	test	200.80	199.90	235.18	0.8538
NC_060941.1	25491725	25491896	S3C17H1L.5	test	200.80	199.90	235.18	0.8538
NC_060941.1	25492746	25492918	S3C17H1L.11	test	197.60	197.20	232.00	0.8517
NC_060941.1	25494098	25494269	S3C17H1L.3	test	205.30	203.40	239.29	0.8579
NC_060941.1	25496813	25496984	S3C17H1L.3	test	205.30	203.40	239.29	0.8579
NC_060941.1	25499528	25499699	S3C17H1L.3	test	205.30	203.40	239.29	0.8579
NC_060941.1	25500720	25500891	S3C17H1L.10	test	199.90	198.90	234.00	0.8543
NC_060941.1	25503778	25503949	S3C17H1L.12	test	205.60	203.60	239.53	0.8583
NC_060941.1	25505647	25505815	S3C17H1L.15	test	197.00	196.10	230.71	0.8539
NC_060941.1	25507510	25507681	S3C17H1L.10	test	199.90	198.90	234.00	0.8543
NC_060941.1	25508699	25508870	S3C17H1L.9	test	201.30	200.70	236.12	0.8525
NC_060941.1	25510564	25510735	S3C17H1L.4	test	201.80	200.70	236.12	0.8547
NC_060941.1	25527540	25527707	S3C17H1L.16	test	189.40	189.60	223.06	0.8491
NC_060941.1	25529064	25529235	S3C17H1L.9	test	201.30	200.70	236.12	0.8525
NC_060941.1	25529235	25529406	S3C17H1L.10	test	203.10	201.60	237.18	0.8563
NC_060941.1	25534836	25535007	S3C17H1L.4	test	203.30	202.30	238.00	0.8542
NC_060941.1	25535007	25535178	S3C17H1L.5	test	200.80	199.90	235.18	0.8538
NC_060941.1	25535857	25536028	S3C17H1L.10	test	199.90	198.90	234.00	0.8543
NC_060941.1	25537046	25537217	S3C17H1L.9	test	204.20	203.10	238.94	0.8546
NC_060941.1	25541459	25541630	S3C17H1L.4	test	203.30	202.30	238.00	0.8542
NC_060941.1	25542994	25543165	S3C17H1L.13	test	201.90	200.20	235.53	0.8572
NC_060941.1	25546898	25547069	S3C17H1L.12	test	205.60	203.60	239.53	0.8583
NC_060941.1	25547069	25547240	S3C17H1L.13	test	199.40	197.90	232.82	0.8564
NC_060941.1	25554197	25554365	S3C17H1L.15	test	197.00	196.10	230.71	0.8539
NC_060941.1	25558267	25558433	S3C17H1L.7	test	198.00	197.20	232.00	0.8534
NC_060941.1	25561833	25562004	S3C17H1L.12	test	205.60	203.60	239.53	0.8583
NC_060941.1	25563355	25563526	S3C17H1L.5	test	200.80	199.90	235.18	0.8538
NC_060941.1	25571329	25571500	S3C17H1L.4	test	203.10	201.60	237.18	0.8563
NC_060941.1	25573202	25573370	S3C17H1L.15	test	197.00	196.10	230.71	0.8539
NC_060941.1	25583209	25583380	S3C17H1L.10	test	199.90	198.90	234.00	0.8543
NC_060941.1	25584229	25584396	S3C17H1L.16	test	189.40	189.60	223.06	0.8491
NC_060941.1	25591012	25591183	S3C17H1L.8	test	205.00	203.00	238.82	0.8584
NC_060941.1	25597127	25597298	S3C17H1L.12	test	205.60	203.60	239.53	0.8583
NC_060941.1	25597804	25597971	S3C17H1L.16	test	189.40	189.60	223.06	0.8491
NC_060941.1	25599499	25599670	S3C17H1L.10	test	199.90	198.90	234.00	0.8543
NC_060941.1	25600856	25601022	S3C17H1L.2	test	191.60	191.80	225.65	0.8491
NC_060941.1	25602900	25603067	S3C17H1L.14	test	203.50	201.60	237.18	0.8580
NC_060941.1	25604930	25605101	S3C17H1L.10	test	199.90	198.90	234.00	0.8543
NC_060941.1	25606117	25606287	S3C17H1L.1	test	175.00	178.40	209.88	0.8338
NC_060941.1	25611212	25611380	S3C17H1L.15	test	197.00	196.10	230.71	0.8539
NC_060941.1	25612567	25612733	S3C17H1L.7	test	198.00	197.20	232.00	0.8534
NC_060941.1	25618163	25618334	S3C17H1L.8	test	207.30	205.00	241.18	0.8595
NC_060941.1	25625629	25625800	S3C17H1L.4	test	204.70	203.20	239.06	0.8563
NC_060941.1	25627502	25627670	S3C17H1L.15	test	197.00	196.10	230.71	0.8539
NC_060941.1	25629194	25629365	S3C17H1L.9	test	204.20	203.10	238.94	0.8546
NC_060941.1	25630552	25630722	S3C17H1L.1	test	175.00	178.40	209.88	0.8338
NC_060941.1	25633945	25634116	S3C17H1L.5	test	200.80	199.90	235.18	0.8538
NC_060941.1	25638024	25638195	S3C17H1L.13	test	201.90	200.20	235.53	0.8572
NC_060941.1	25638697	25638867	S3C17H1L.1	test	175.00	178.40	209.88	0.8338
NC_060941.1	25641582	25641748	S3C17H1L.2	test	191.60	191.80	225.65	0.8491
NC_060941.1	25641748	25641919	S3C17H1L.3	test	205.30	203.40	239.29	0.8579
NC_060941.1	25642432	25642598	S3C17H1L.7	test	198.00	197.20	232.00	0.8534
NC_060941.1	25643283	25643454	S3C17H1L.12	test	205.60	203.60	239.53	0.8583
NC_060941.1	25646169	25646340	S3C17H1L.13	test	201.90	200.20	235.53	0.8572
NC_060941.1	25648370	25648541	S3C17H1L.10	test	203.10	201.60	237.18	0.8563
NC_060941.1	25648884	25649055	S3C17H1L.13	test	200.20	198.50	233.53	0.8573
NC_060941.1	25652608	25652779	S3C17H1L.3	test	205.30	203.40	239.29	0.8579
NC_060941.1	25670261	25670433	S3C17H1L.11	test	197.60	197.20	232.00	0.8517
NC_060941.1	25672805	25672976	S3C17H1L.10	test	199.90	198.90	234.00	0.8543
NC_060941.1	25672976	25673148	S3C17H1L.11	test	197.60	197.20	232.00	0.8517
NC_060941.1	25680442	25680608	S3C17H1L.7	test	198.00	197.20	232.00	0.8534
NC_060941.1	25694696	25694868	S3C17H1L.11	test	194.40	194.70	229.06	0.8487
NC_060941.1	25697583	25697754	S3C17H1L.12	test	205.60	203.60	239.53	0.8583
NC_060941.1	25698597	25698763	S3C17H1L.2	test	191.60	191.80	225.65	0.8491
NC_060941.1	25699955	25700126	S3C17H1L.10	test	199.90	198.90	234.00	0.8543
NC_060941.1	25705043	25705214	S3C17H1L.8	test	207.30	205.00	241.18	0.8595
NC_060941.1	25706070	25706237	S3C17H1L.14	test	202.00	200.00	235.29	0.8585
NC_060941.1	25711328	25711499	S3C17H1L.13	test	201.90	200.20	235.53	0.8572
NC_060941.1	25715223	25715394	S3C17H1L.4	test	200.20	199.10	234.24	0.8547
NC_060941.1	25717431	25717601	S3C17H1L.1	test	175.00	178.40	209.88	0.8338
NC_060941.1	25719302	25719473	S3C17H1L.12	test	205.60	203.60	239.53	0.8583
NC_060941.1	25724903	25725074	S3C17H1L.13	test	200.20	198.50	233.53	0.8573
NC_060941.1	25740163	25740334	S3C17H1L.5	test	200.80	199.90	235.18	0.8538
NC_060941.1	25741013	25741184	S3C17H1L.10	test	199.90	198.90	234.00	0.8543
NC_060941.1	25754413	25754584	S3C17H1L.8	test	207.30	205.00	241.18	0.8595
NC_060941.1	25759506	25759677	S3C17H1L.6	test	202.80	201.30	236.82	0.8563
NC_060941.1	25761205	25761372	S3C17H1L.16	test	189.40	189.60	223.06	0.8491
NC_060941.1	25762900	25763071	S3C17H1L.10	test	200.20	199.30	234.47	0.8538
NC_060941.1	25767651	25767822	S3C17H1L.6	test	199.70	198.90	234.00	0.8534
NC_060941.1	25769015	25769182	S3C17H1L.14	test	201.30	199.60	234.82	0.8572
NC_060941.1	25769687	25769853	S3C17H1L.2	test	191.60	191.80	225.65	0.8491
NC_060941.1	25772568	25772739	S3C17H1L.3	test	203.50	201.70	237.29	0.8576
NC_060941.1	25772739	25772910	S3C17H1L.4	test	206.30	204.80	240.94	0.8562
NC_060941.1	25772910	25773081	S3C17H1L.5	test	200.80	199.90	235.18	0.8538
NC_060941.1	25774947	25775117	S3C17H1L.1	test	175.00	178.40	209.88	0.8338
NC_060941.1	25777662	25777832	S3C17H1L.1	test	175.00	178.40	209.88	0.8338
NC_060941.1	25777998	25778169	S3C17H1L.3	test	203.50	201.70	237.29	0.8576
NC_060941.1	25781734	25781905	S3C17H1L.9	test	204.20	203.10	238.94	0.8546
NC_060941.1	25786827	25786993	S3C17H1L.7	test	198.00	197.20	232.00	0.8534
NC_060941.1	25787335	25787506	S3C17H1L.10	test	203.10	201.60	237.18	0.8563
NC_060941.1	25793617	25793785	S3C17H1L.15	test	197.00	196.10	230.71	0.8539
NC_060941.1	25794801	25794972	S3C17H1L.6	test	202.80	201.30	236.82	0.8563
NC_060941.1	25795823	25795994	S3C17H1L.12	test	205.60	203.60	239.53	0.8583
NC_060941.1	25796667	25796837	S3C17H1L.1	test	175.00	178.40	209.88	0.8338
NC_060941.1	25798538	25798709	S3C17H1L.12	test	205.60	203.60	239.53	0.8583
NC_060941.1	25800910	25801081	S3C17H1L.10	test	203.10	201.60	237.18	0.8563
NC_060941.1	25801253	25801424	S3C17H1L.12	test	205.60	203.60	239.53	0.8583
NC_060941.1	25801932	25802098	S3C17H1L.2	test	191.60	191.80	225.65	0.8491
NC_060941.1	25808212	25808378	S3C17H1L.7	test	198.00	197.20	232.00	0.8534
NC_060941.1	25809572	25809740	S3C17H1L.15	test	197.00	196.10	230.71	0.8539
NC_060941.1	25811093	25811264	S3C17H1L.8	test	207.30	205.00	241.18	0.8595
NC_060941.1	25812287	25812455	S3C17H1L.15	test	197.00	196.10	230.71	0.8539
NC_060941.1	25819409	25819580	S3C17H1L.9	test	204.20	203.10	238.94	0.8546
NC_060941.1	25819923	25820094	S3C17H1L.12	test	205.60	203.60	239.53	0.8583
NC_060941.1	25822809	25822980	S3C17H1L.13	test	201.90	200.20	235.53	0.8572
NC_060941.1	25825181	25825353	S3C17H1L.11	test	197.60	197.20	232.00	0.8517
NC_060941.1	25826704	25826875	S3C17H1L.4	test	206.30	204.80	240.94	0.8562
NC_060941.1	25827046	25827217	S3C17H1L.6	test	202.80	201.30	236.82	0.8563
NC_060941.1	25827725	25827896	S3C17H1L.10	test	197.60	196.90	231.65	0.8530
NC_060941.1	25834342	25834512	S3C17H1L.1	test	175.00	178.40	209.88	0.8338
NC_060941.1	25836041	25836213	S3C17H1L.11	test	197.60	197.20	232.00	0.8517
NC_060941.1	25836722	25836890	S3C17H1L.15	test	197.00	196.10	230.71	0.8539
NC_060941.1	25839270	25839437	S3C17H1L.14	test	201.30	199.60	234.82	0.8572
NC_060941.1	25852503	25852674	S3C17H1L.12	test	205.60	203.60	239.53	0.8583
NC_060941.1	25854196	25854367	S3C17H1L.6	test	202.80	201.30	236.82	0.8563
NC_060941.1	25857758	25857929	S3C17H1L.3	test	205.30	203.40	239.29	0.8579
NC_060941.1	25857929	25858100	S3C17H1L.4	test	203.30	202.30	238.00	0.8542
NC_060941.1	25860815	25860986	S3C17H1L.5	test	200.80	199.90	235.18	0.8538
NC_060941.1	25868789	25868960	S3C17H1L.4	test	203.80	202.70	238.47	0.8546
NC_060941.1	25881184	25881355	S3C17H1L.13	test	199.80	198.10	233.06	0.8573
NC_060941.1	25882027	25882193	S3C17H1L.2	test	191.60	191.80	225.65	0.8491
NC_060941.1	25889329	25889500	S3C17H1L.13	test	201.90	200.20	235.53	0.8572
NC_060941.1	25889500	25889667	S3C17H1L.14	test	203.50	201.60	237.18	0.8580
NC_060941.1	25891188	25891359	S3C17H1L.8	test	207.30	205.00	241.18	0.8595
NC_060941.1	25897474	25897645	S3C17H1L.13	test	201.90	200.20	235.53	0.8572
NC_060941.1	25897812	25897980	S3C17H1L.15	test	197.00	196.10	230.71	0.8539
NC_060941.1	25906969	25907135	S3C17H1L.7	test	198.00	197.20	232.00	0.8534
NC_060941.1	25907306	25907477	S3C17H1L.9	test	204.20	203.10	238.94	0.8546
NC_060941.1	25909342	25909513	S3C17H1L.5	test	200.80	199.90	235.18	0.8538
NC_060941.1	25912570	25912741	S3C17H1L.9	test	204.20	203.10	238.94	0.8546
NC_060941.1	25914777	25914948	S3C17H1L.6	test	204.10	202.80	238.59	0.8554
NC_060941.1	25917663	25917829	S3C17H1L.7	test	198.00	197.20	232.00	0.8534
NC_060941.1	25919191	25919358	S3C17H1L.16	test	189.40	189.60	223.06	0.8491
NC_060941.1	25926487	25926659	S3C17H1L.11	test	197.60	197.20	232.00	0.8517
NC_060941.1	25936668	25936834	S3C17H1L.7	test	198.00	197.20	232.00	0.8534
NC_060941.1	25944129	25944300	S3C17H1L.3	test	205.30	203.40	239.29	0.8579
NC_060941.1	25949223	25949393	S3C17H1L.1	test	175.00	178.40	209.88	0.8338
NC_060941.1	25951603	25951771	S3C17H1L.15	test	195.00	194.10	228.35	0.8539
NC_060941.1	25957704	25957875	S3C17H1L.3	test	203.50	201.70	237.29	0.8576
NC_060941.1	25963818	25963984	S3C17H1L.7	test	198.00	197.20	232.00	0.8534
NC_060941.1	25969923	25970094	S3C17H1L.10	test	199.90	198.90	234.00	0.8543
NC_060941.1	25970943	25971110	S3C17H1L.16	test	189.40	189.60	223.06	0.8491
NC_060941.1	25972981	25973152	S3C17H1L.12	test	205.60	203.60	239.53	0.8583
NC_060941.1	25974503	25974674	S3C17H1L.5	test	200.80	199.90	235.18	0.8538
NC_060941.1	25976373	25976540	S3C17H1L.16	test	192.60	192.30	226.24	0.8513
NC_060941.1	25980612	25980783	S3C17H1L.9	test	204.20	203.10	238.94	0.8546
NC_060941.1	25980783	25980954	S3C17H1L.10	test	199.90	198.90	234.00	0.8543
NC_060941.1	25981468	25981635	S3C17H1L.14	test	203.50	201.60	237.18	0.8580
NC_060941.1	25982477	25982648	S3C17H1L.4	test	203.30	202.30	238.00	0.8542
NC_060941.1	25986042	25986213	S3C17H1L.9	test	204.20	203.10	238.94	0.8546
NC_060941.1	25987570	25987736	S3C17H1L.2	test	191.60	191.80	225.65	0.8491
NC_060941.1	25992495	25992663	S3C17H1L.15	test	197.00	196.10	230.71	0.8539
NC_060941.1	25996731	25996902	S3C17H1L.8	test	207.30	205.00	241.18	0.8595
NC_060941.1	25998596	25998767	S3C17H1L.3	test	205.30	203.40	239.29	0.8579
NC_060941.1	25999109	25999280	S3C17H1L.6	test	202.80	201.30	236.82	0.8563
NC_060941.1	26005389	26005561	S3C17H1L.11	test	196.00	195.60	230.12	0.8517
NC_060941.1	26005561	26005732	S3C17H1L.12	test	205.60	203.60	239.53	0.8583
NC_060941.1	26007591	26007762	S3C17H1L.8	test	207.30	205.00	241.18	0.8595
NC_060941.1	26010140	26010306	S3C17H1L.7	test	198.00	197.20	232.00	0.8534
NC_060941.1	26011333	26011500	S3C17H1L.14	test	201.40	199.50	234.71	0.8581
NC_060941.1	26013706	26013877	S3C17H1L.12	test	205.60	203.60	239.53	0.8583
NC_060941.1	26015907	26016078	S3C17H1L.9	test	201.30	200.70	236.12	0.8525
NC_060941.1	26018451	26018622	S3C17H1L.8	test	207.30	205.00	241.18	0.8595
NC_060941.1	26020829	26021000	S3C17H1L.6	test	202.80	201.30	236.82	0.8563
NC_060941.1	26026596	26026767	S3C17H1L.8	test	207.30	205.00	241.18	0.8595
NC_060941.1	26033220	26033390	S3C17H1L.1	test	175.00	178.40	209.88	0.8338
NC_060941.1	26033727	26033898	S3C17H1L.4	test	204.30	202.80	238.59	0.8563
NC_060941.1	26035091	26035262	S3C17H1L.12	test	205.60	203.60	239.53	0.8583
NC_060941.1	26050017	26050188	S3C17H1L.4	test	206.30	204.80	240.94	0.8562
NC_060941.1	26054773	26054940	S3C17H1L.16	test	186.50	187.00	220.00	0.8477
NC_060941.1	26056297	26056468	S3C17H1L.9	test	204.20	203.10	238.94	0.8546
NC_060941.1	26058841	26059012	S3C17H1L.8	test	207.30	205.00	241.18	0.8595
NC_060941.1	26059697	26059868	S3C17H1L.13	test	201.90	200.20	235.53	0.8572
NC_060941.1	26059868	26060035	S3C17H1L.14	test	198.30	197.40	232.24	0.8539
NC_060941.1	26069373	26069540	S3C17H1L.14	test	199.60	197.90	232.82	0.8573
NC_060941.1	26069875	26070045	S3C17H1L.1	test	175.00	178.40	209.88	0.8338
NC_060941.1	26070724	26070895	S3C17H1L.6	test	201.50	200.70	236.12	0.8534
NC_060941.1	26076154	26076325	S3C17H1L.6	test	204.10	202.80	238.59	0.8554
NC_060941.1	26082263	26082434	S3C17H1L.10	test	199.90	198.90	234.00	0.8543
NC_060941.1	26082777	26082948	S3C17H1L.13	test	201.90	200.20	235.53	0.8572
NC_060941.1	26085321	26085492	S3C17H1L.12	test	205.60	203.60	239.53	0.8583
NC_060941.1	26090237	26090408	S3C17H1L.9	test	204.20	203.10	238.94	0.8546
NC_060941.1	26091093	26091260	S3C17H1L.14	test	197.20	196.40	231.06	0.8535
NC_060941.1	26093123	26093294	S3C17H1L.10	test	197.60	196.80	231.53	0.8535
NC_060941.1	26096523	26096690	S3C17H1L.14	test	203.50	201.60	237.18	0.8580
NC_060941.1	26101611	26101782	S3C17H1L.12	test	205.60	203.60	239.53	0.8583
NC_060941.1	26103812	26103983	S3C17H1L.9	test	204.20	203.10	238.94	0.8546
NC_060941.1	26104668	26104835	S3C17H1L.14	test	203.50	201.60	237.18	0.8580
NC_060941.1	26105340	26105506	S3C17H1L.2	test	191.60	191.80	225.65	0.8491
NC_060941.1	26108055	26108221	S3C17H1L.2	test	191.60	191.80	225.65	0.8491
NC_060941.1	26109927	26110098	S3C17H1L.13	test	201.90	200.20	235.53	0.8572
NC_060941.1	26113315	26113485	S3C17H1L.1	test	175.00	178.40	209.88	0.8338
NC_060941.1	26116030	26116200	S3C17H1L.1	test	175.00	178.40	209.88	0.8338
NC_060941.1	26117050	26117216	S3C17H1L.7	test	198.00	197.20	232.00	0.8534
NC_060941.1	26118578	26118749	S3C17H1L.1	test	188.20	189.20	222.59	0.8455
NC_060941.1	26119936	26120107	S3C17H1L.9	test	204.20	203.10	238.94	0.8546
NC_060941.1	26120107	26120278	S3C17H1L.10	test	199.90	198.90	234.00	0.8543
NC_060941.1	26122143	26122314	S3C17H1L.6	test	204.10	202.80	238.59	0.8554
NC_060941.1	26124345	26124516	S3C17H1L.3	test	205.30	203.40	239.29	0.8579
NC_060941.1	26125880	26126051	S3C17H1L.12	test	205.60	203.60	239.53	0.8583
NC_060941.1	26129609	26129775	S3C17H1L.2	test	191.60	191.80	225.65	0.8491
NC_060941.1	26131652	26131819	S3C17H1L.14	test	203.50	201.60	237.18	0.8580
NC_060941.1	26133853	26134025	S3C17H1L.11	test	197.60	197.20	232.00	0.8517
NC_060941.1	26134367	26134534	S3C17H1L.14	test	203.50	201.60	237.18	0.8580
NC_060941.1	26141485	26141656	S3C17H1L.8	test	207.30	205.00	241.18	0.8595
NC_060941.1	26144200	26144371	S3C17H1L.8	test	207.30	205.00	241.18	0.8595
NC_060941.1	26145394	26145562	S3C17H1L.15	test	195.00	194.10	228.35	0.8539
NC_060941.1	26145729	26145899	S3C17H1L.1	test	178.60	181.20	213.18	0.8378
NC_060941.1	26149630	26149801	S3C17H1L.8	test	207.30	205.00	241.18	0.8595
NC_060941.1	26150992	26151159	S3C17H1L.16	test	189.40	189.60	223.06	0.8491
NC_060941.1	26154044	26154210	S3C17H1L.2	test	191.60	191.80	225.65	0.8491
NC_060941.1	26157609	26157775	S3C17H1L.7	test	198.00	197.20	232.00	0.8534
NC_060941.1	26161852	26162019	S3C17H1L.16	test	192.60	192.30	226.24	0.8513
NC_060941.1	26162868	26163039	S3C17H1L.6	test	204.10	202.80	238.59	0.8554
NC_060941.1	26165920	26166091	S3C17H1L.8	test	207.30	205.00	241.18	0.8595
NC_060941.1	26168806	26168977	S3C17H1L.9	test	204.20	203.10	238.94	0.8546
NC_060941.1	26172712	26172879	S3C17H1L.16	test	189.40	189.60	223.06	0.8491
NC_060941.1	26184246	26184417	S3C17H1L.4	test	206.30	204.80	240.94	0.8562
NC_060941.1	26184588	26184759	S3C17H1L.6	test	204.10	202.80	238.59	0.8554
NC_060941.1	26187303	26187474	S3C17H1L.6	test	204.10	202.80	238.59	0.8554
NC_060941.1	26191040	26191211	S3C17H1L.12	test	205.60	203.60	239.53	0.8583
NC_060941.1	26191549	26191717	S3C17H1L.15	test	197.00	196.10	230.71	0.8539
NC_060941.1	26197484	26197650	S3C17H1L.2	test	189.00	189.50	222.94	0.8478
NC_060941.1	26203080	26203251	S3C17H1L.3	test	205.30	203.40	239.29	0.8579
NC_060941.1	26203764	26203930	S3C17H1L.7	test	198.00	197.20	232.00	0.8534
NC_060941.1	26209531	26209702	S3C17H1L.9	test	204.20	203.10	238.94	0.8546
NC_060941.1	26211059	26211225	S3C17H1L.2	test	191.60	191.80	225.65	0.8491
NC_060941.1	26216152	26216319	S3C17H1L.16	test	187.80	188.00	221.18	0.8491
NC_060941.1	26221076	26221247	S3C17H1L.13	test	200.20	198.50	233.53	0.8573
NC_060941.1	26223106	26223277	S3C17H1L.9	test	204.20	203.10	238.94	0.8546
NC_060941.1	26224634	26224800	S3C17H1L.2	test	189.00	189.50	222.94	0.8478
NC_060941.1	26224971	26225142	S3C17H1L.4	test	206.30	204.80	240.94	0.8562
NC_060941.1	26225142	26225313	S3C17H1L.5	test	200.80	199.90	235.18	0.8538
NC_060941.1	26225313	26225484	S3C17H1L.6	test	204.10	202.80	238.59	0.8554
NC_060941.1	26225484	26225650	S3C17H1L.7	test	198.00	197.20	232.00	0.8534
NC_060941.1	26226506	26226677	S3C17H1L.13	test	201.90	200.20	235.53	0.8572
NC_060941.1	26227857	26228028	S3C17H1L.5	test	200.80	199.90	235.18	0.8538
NC_060941.1	26230230	26230401	S3C17H1L.3	test	205.30	203.40	239.29	0.8579
NC_060941.1	26230401	26230572	S3C17H1L.4	test	206.30	204.80	240.94	0.8562
NC_060941.1	26234308	26234480	S3C17H1L.11	test	197.60	197.20	232.00	0.8517
NC_060941.1	26237537	26237704	S3C17H1L.14	test	203.50	201.60	237.18	0.8580
NC_060941.1	26240081	26240252	S3C17H1L.13	test	201.90	200.20	235.53	0.8572
NC_060941.1	26246354	26246520	S3C17H1L.2	test	191.60	191.80	225.65	0.8491
NC_060941.1	26247370	26247541	S3C17H1L.8	test	204.40	202.80	238.59	0.8567
NC_060941.1	26251112	26251279	S3C17H1L.14	test	203.50	201.60	237.18	0.8580
NC_060941.1	26251447	26251614	S3C17H1L.16	test	191.00	190.60	224.24	0.8518
NC_060941.1	26258401	26258572	S3C17H1L.9	test	204.20	203.10	238.94	0.8546
NC_060941.1	26261972	26262140	S3C17H1L.15	test	197.00	196.10	230.71	0.8539
NC_060941.1	26262140	26262307	S3C17H1L.16	test	189.40	189.60	223.06	0.8491
NC_060941.1	26268923	26269094	S3C17H1L.8	test	204.00	202.30	238.00	0.8571
NC_060941.1	26270959	26271130	S3C17H1L.4	test	200.20	199.10	234.24	0.8547
NC_060941.1	26273337	26273503	S3C17H1L.2	test	191.60	191.80	225.65	0.8491
NC_060941.1	26275547	26275715	S3C17H1L.15	test	197.00	196.10	230.71	0.8539
NC_060941.1	26276052	26276218	S3C17H1L.2	test	191.60	191.80	225.65	0.8491
NC_060941.1	26279275	26279446	S3C17H1L.5	test	200.80	199.90	235.18	0.8538
NC_060941.1	26280639	26280810	S3C17H1L.13	test	201.90	200.20	235.53	0.8572
NC_060941.1	26282161	26282332	S3C17H1L.6	test	204.10	202.80	238.59	0.8554
NC_060941.1	26288441	26288613	S3C17H1L.11	test	197.60	197.20	232.00	0.8517
NC_060941.1	26288613	26288784	S3C17H1L.12	test	205.60	203.60	239.53	0.8583
NC_060941.1	26291328	26291499	S3C17H1L.12	test	205.60	203.60	239.53	0.8583
NC_060941.1	26298109	26298280	S3C17H1L.4	test	200.20	199.10	234.24	0.8547
NC_060941.1	26299130	26299301	S3C17H1L.10	test	199.90	198.90	234.00	0.8543
NC_060941.1	26301166	26301337	S3C17H1L.6	test	204.10	202.80	238.59	0.8554
NC_060941.1	26305245	26305412	S3C17H1L.14	test	203.50	201.60	237.18	0.8580
NC_060941.1	26305412	26305580	S3C17H1L.15	test	197.00	196.10	230.71	0.8539
NC_060941.1	26305917	26306083	S3C17H1L.2	test	191.60	191.80	225.65	0.8491
NC_060941.1	26307104	26307275	S3C17H1L.9	test	204.20	203.10	238.94	0.8546
NC_060941.1	26308969	26309140	S3C17H1L.4	test	200.20	199.10	234.24	0.8547
NC_060941.1	26309311	26309482	S3C17H1L.6	test	204.10	202.80	238.59	0.8554
NC_060941.1	26311513	26311684	S3C17H1L.3	test	205.30	203.40	239.29	0.8579
NC_060941.1	26313725	26313892	S3C17H1L.16	test	189.40	189.60	223.06	0.8491
NC_060941.1	26318649	26318820	S3C17H1L.13	test	201.90	200.20	235.53	0.8572
NC_060941.1	26324250	26324417	S3C17H1L.14	test	201.30	199.60	234.82	0.8572
NC_060941.1	26325430	26325601	S3C17H1L.5	test	200.80	199.90	235.18	0.8538
NC_060941.1	26326794	26326965	S3C17H1L.13	test	200.20	198.50	233.53	0.8573
NC_060941.1	26328145	26328316	S3C17H1L.5	test	200.80	199.90	235.18	0.8538
NC_060941.1	26332395	26332562	S3C17H1L.14	test	201.30	199.60	234.82	0.8572
NC_060941.1	26336119	26336290	S3C17H1L.4	test	200.20	199.10	234.24	0.8547
NC_060941.1	26337311	26337483	S3C17H1L.11	test	197.60	197.20	232.00	0.8517
NC_060941.1	26344264	26344435	S3C17H1L.4	test	203.10	201.60	237.18	0.8563
NC_060941.1	26347658	26347829	S3C17H1L.8	test	207.30	205.00	241.18	0.8595
NC_060941.1	26350373	26350544	S3C17H1L.8	test	207.30	205.00	241.18	0.8595
NC_060941.1	26352409	26352580	S3C17H1L.4	test	200.20	199.10	234.24	0.8547
NC_060941.1	26354953	26355124	S3C17H1L.3	test	203.50	201.70	237.29	0.8576
NC_060941.1	26358689	26358860	S3C17H1L.9	test	202.30	201.20	236.71	0.8546
NC_060941.1	26359545	26359712	S3C17H1L.14	test	203.50	201.60	237.18	0.8580
NC_060941.1	26361575	26361746	S3C17H1L.10	test	199.90	198.90	234.00	0.8543
NC_060941.1	26368699	26368870	S3C17H1L.4	test	206.30	204.80	240.94	0.8562
NC_060941.1	26376170	26376337	S3C17H1L.16	test	189.40	189.60	223.06	0.8491
NC_060941.1	26385502	26385668	S3C17H1L.7	test	193.00	192.80	226.82	0.8509
NC_060941.1	26386181	26386353	S3C17H1L.11	test	197.60	197.20	232.00	0.8517
NC_060941.1	26389745	26389912	S3C17H1L.16	test	192.60	192.30	226.24	0.8513
NC_060941.1	26393134	26393305	S3C17H1L.4	test	203.30	202.30	238.00	0.8542
NC_060941.1	26394669	26394840	S3C17H1L.13	test	200.20	198.50	233.53	0.8573
NC_060941.1	26396020	26396191	S3C17H1L.5	test	200.80	199.90	235.18	0.8538
NC_060941.1	26400605	26400772	S3C17H1L.16	test	184.60	185.30	218.00	0.8468
NC_060941.1	26400772	26400942	S3C17H1L.1	test	171.80	176.00	207.06	0.8297
NC_060941.1	26402471	26402643	S3C17H1L.11	test	197.60	197.20	232.00	0.8517
NC_060941.1	26404165	26404336	S3C17H1L.5	test	200.80	199.90	235.18	0.8538
NC_060941.1	26405358	26405529	S3C17H1L.12	test	205.60	203.60	239.53	0.8583
NC_060941.1	26406372	26406538	S3C17H1L.2	test	191.60	191.80	225.65	0.8491
NC_060941.1	26411465	26411632	S3C17H1L.16	test	192.60	192.30	226.24	0.8513
NC_060941.1	26412652	26412818	S3C17H1L.7	test	194.90	194.60	228.94	0.8513
NC_060941.1	26415367	26415533	S3C17H1L.7	test	198.00	197.20	232.00	0.8534
NC_060941.1	26416217	26416388	S3C17H1L.12	test	205.60	203.60	239.53	0.8583
NC_060941.1	26424361	26424532	S3C17H1L.12	test	205.60	203.60	239.53	0.8583
NC_060941.1	26429277	26429448	S3C17H1L.9	test	204.20	203.10	238.94	0.8546
NC_060941.1	26429448	26429619	S3C17H1L.10	test	203.10	201.60	237.18	0.8563
NC_060941.1	26429791	26429962	S3C17H1L.12	test	205.60	203.60	239.53	0.8583
NC_060941.1	26430635	26430805	S3C17H1L.1	test	178.60	181.20	213.18	0.8378
NC_060941.1	26432677	26432848	S3C17H1L.13	test	200.20	198.50	233.53	0.8573
NC_060941.1	26433015	26433183	S3C17H1L.15	test	197.00	196.10	230.71	0.8539
NC_060941.1	26436401	26436572	S3C17H1L.3	test	205.30	203.40	239.29	0.8579
NC_060941.1	26437085	26437251	S3C17H1L.7	test	198.00	197.20	232.00	0.8534
NC_060941.1	26438780	26438950	S3C17H1L.1	test	178.60	181.20	213.18	0.8378
NC_060941.1	26444546	26444717	S3C17H1L.3	test	205.30	203.40	239.29	0.8579
NC_060941.1	26446423	26446590	S3C17H1L.14	test	203.50	201.60	237.18	0.8580
NC_060941.1	26456598	26456769	S3C17H1L.10	test	203.10	201.60	237.18	0.8563
NC_060941.1	26463217	26463383	S3C17H1L.2	test	191.60	191.80	225.65	0.8491
NC_060941.1	26465762	26465932	S3C17H1L.1	test	178.60	181.20	213.18	0.8378
NC_060941.1	26467633	26467804	S3C17H1L.12	test	205.60	203.60	239.53	0.8583
NC_060941.1	26471699	26471870	S3C17H1L.4	test	198.20	197.90	232.82	0.8513
NC_060941.1	26474414	26474585	S3C17H1L.4	test	204.70	203.20	239.06	0.8563
NC_060941.1	26477642	26477808	S3C17H1L.7	test	195.00	194.80	229.18	0.8509
NC_060941.1	26480186	26480357	S3C17H1L.6	test	204.10	202.80	238.59	0.8554
NC_060941.1	26483580	26483751	S3C17H1L.10	test	199.90	198.90	234.00	0.8543
NC_060941.1	26484432	26484600	S3C17H1L.15	test	192.50	192.00	225.88	0.8522
NC_060941.1	26486980	26487148	S3C17H1L.15	test	197.00	196.10	230.71	0.8539
NC_060941.1	26488843	26489014	S3C17H1L.10	test	199.90	198.90	234.00	0.8543
NC_060941.1	26490712	26490883	S3C17H1L.6	test	201.50	200.70	236.12	0.8534
NC_060941.1	26492578	26492748	S3C17H1L.1	test	175.00	178.40	209.88	0.8338
NC_060941.1	26496142	26496313	S3C17H1L.6	test	204.10	202.80	238.59	0.8554
NC_060941.1	26498178	26498344	S3C17H1L.2	test	191.60	191.80	225.65	0.8491
NC_060941.1	26499194	26499365	S3C17H1L.8	test	207.30	205.00	241.18	0.8595
NC_060941.1	26505986	26506153	S3C17H1L.16	test	187.80	188.00	221.18	0.8491
NC_060941.1	26506660	26506831	S3C17H1L.4	test	204.70	203.20	239.06	0.8563
NC_060941.1	26507002	26507173	S3C17H1L.6	test	204.10	202.80	238.59	0.8554
NC_060941.1	26509717	26509888	S3C17H1L.6	test	204.10	202.80	238.59	0.8554
NC_060941.1	26513963	26514131	S3C17H1L.15	test	197.00	196.10	230.71	0.8539
NC_060941.1	26517349	26517520	S3C17H1L.3	test	201.80	200.70	236.12	0.8547
NC_060941.1	26520914	26521085	S3C17H1L.8	test	207.30	205.00	241.18	0.8595
NC_060941.1	26523292	26523463	S3C17H1L.6	test	204.10	202.80	238.59	0.8554
NC_060941.1	26523629	26523800	S3C17H1L.8	test	207.30	205.00	241.18	0.8595
NC_060941.1	26524485	26524656	S3C17H1L.13	test	201.90	200.20	235.53	0.8572
NC_060941.1	26526857	26527029	S3C17H1L.11	test	197.60	197.20	232.00	0.8517
NC_060941.1	26532459	26532630	S3C17H1L.12	test	205.60	203.60	239.53	0.8583
NC_060941.1	26539919	26540090	S3C17H1L.8	test	207.30	205.00	241.18	0.8595
NC_060941.1	26543996	26544166	S3C17H1L.1	test	175.00	178.40	209.88	0.8338
NC_060941.1	26545182	26545353	S3C17H1L.8	test	207.30	205.00	241.18	0.8595
NC_060941.1	26550954	26551125	S3C17H1L.10	test	203.10	201.60	237.18	0.8563
NC_060941.1	26553669	26553840	S3C17H1L.10	test	199.90	198.90	234.00	0.8543
NC_060941.1	26558591	26558757	S3C17H1L.7	test	196.50	195.60	230.12	0.8539
NC_060941.1	26559270	26559442	S3C17H1L.11	test	195.00	195.00	229.41	0.8500
NC_060941.1	26563679	26563850	S3C17H1L.5	test	200.80	199.90	235.18	0.8538
NC_060941.1	26565043	26565214	S3C17H1L.13	test	201.90	200.20	235.53	0.8572
NC_060941.1	26569280	26569451	S3C17H1L.6	test	201.20	200.50	235.88	0.8530
NC_060941.1	26573188	26573359	S3C17H1L.13	test	201.90	200.20	235.53	0.8572
NC_060941.1	26573694	26573861	S3C17H1L.16	test	189.40	189.60	223.06	0.8491
NC_060941.1	26575560	26575732	S3C17H1L.11	test	197.60	197.20	232.00	0.8517
NC_060941.1	26578447	26578618	S3C17H1L.12	test	205.60	203.60	239.53	0.8583
NC_060941.1	26578789	26578956	S3C17H1L.14	test	203.50	201.60	237.18	0.8580
NC_060941.1	26580819	26580990	S3C17H1L.10	test	199.90	198.90	234.00	0.8543
NC_060941.1	26580990	26581162	S3C17H1L.11	test	197.60	197.20	232.00	0.8517
NC_060941.1	26581162	26581333	S3C17H1L.12	test	205.60	203.60	239.53	0.8583
NC_060941.1	26587269	26587436	S3C17H1L.16	test	187.80	188.00	221.18	0.8491
NC_060941.1	26591171	26591337	S3C17H1L.7	test	196.50	195.60	230.12	0.8539
NC_060941.1	26604915	26605086	S3C17H1L.9	test	204.20	203.10	238.94	0.8546
NC_060941.1	26605429	26605600	S3C17H1L.12	test	205.60	203.60	239.53	0.8583
NC_060941.1	26606780	26606951	S3C17H1L.4	test	204.70	203.20	239.06	0.8563
NC_060941.1	26629692	26629864	S3C17H1L.11	test	197.60	197.20	232.00	0.8517
NC_060941.1	26634609	26634780	S3C17H1L.8	test	207.30	205.00	241.18	0.8595
NC_060941.1	26635122	26635294	S3C17H1L.11	test	197.60	197.20	232.00	0.8517
NC_060941.1	26642075	26642246	S3C17H1L.4	test	203.30	202.30	238.00	0.8542
NC_060941.1	26643948	26644116	S3C17H1L.15	test	197.00	196.10	230.71	0.8539
NC_060941.1	26645640	26645811	S3C17H1L.9	test	204.20	203.10	238.94	0.8546
NC_060941.1	26652093	26652261	S3C17H1L.15	test	197.00	196.10	230.71	0.8539
NC_060941.1	26652598	26652764	S3C17H1L.2	test	188.60	189.40	222.82	0.8464
NC_060941.1	26656163	26656329	S3C17H1L.7	test	194.90	194.60	228.94	0.8513
NC_060941.1	26661930	26662101	S3C17H1L.9	test	204.20	203.10	238.94	0.8546
NC_060941.1	26666852	26667023	S3C17H1L.6	test	204.10	202.80	238.59	0.8554
NC_060941.1	26669904	26670075	S3C17H1L.8	test	204.50	202.60	238.35	0.8580
NC_060941.1	26671769	26671940	S3C17H1L.3	test	203.10	201.30	236.82	0.8576
NC_060941.1	26672619	26672790	S3C17H1L.8	test	207.30	205.00	241.18	0.8595
NC_060941.1	26673646	26673813	S3C17H1L.14	test	201.30	199.60	234.82	0.8572
NC_060941.1	26677715	26677886	S3C17H1L.8	test	207.30	205.00	241.18	0.8595
NC_060941.1	26678742	26678909	S3C17H1L.14	test	201.30	199.60	234.82	0.8572
NC_060941.1	26681290	26681457	S3C17H1L.14	test	201.30	199.60	234.82	0.8572
NC_060941.1	26682303	26682474	S3C17H1L.5	test	200.80	199.90	235.18	0.8538
NC_060941.1	26685184	26685355	S3C17H1L.8	test	171.20	174.70	205.53	0.8330
NC_060941.1	26685355	26685527	S3C17H1L.11	test	197.60	197.20	232.00	0.8517
NC_060941.1	26691117	26691287	S3C17H1L.1	test	175.00	178.40	209.88	0.8338
NC_060941.1	26694676	26694847	S3C17H1L.8	test	171.20	174.70	205.53	0.8330
NC_060941.1	26695190	26695361	S3C17H1L.13	test	201.90	200.20	235.53	0.8572
NC_060941.1	26700609	26700779	S3C17H1L.1	test	175.00	178.40	209.88	0.8338
NC_060941.1	26705354	26705524	S3C17H1L.1	test	175.00	178.40	209.88	0.8338
NC_060941.1	26707560	26707727	S3C17H1L.16	test	191.00	190.60	224.24	0.8518
NC_060941.1	26711629	26711799	S3C17H1L.8	test	208.90	206.20	242.59	0.8611
NC_060941.1	26715201	26715372	S3C17H1L.13	test	199.40	197.90	232.82	0.8564
NC_060941.1	26716045	26716211	S3C17H1L.2	test	197.10	196.60	231.29	0.8522
NC_060941.1	26721642	26721813	S3C17H1L.3	test	207.20	205.10	241.29	0.8587
NC_060941.1	26728099	26728270	S3C17H1L.10	test	201.50	200.00	235.29	0.8564
NC_060941.1	26729457	26729623	S3C17H1L.2	test	197.10	196.60	231.29	0.8522
NC_060941.1	26730136	26730307	S3C17H1L.6	test	201.60	200.60	236.00	0.8542
NC_060941.1	26735738	26735909	S3C17H1L.8	test	201.40	200.50	235.88	0.8538
NC_060941.1	26740666	26740838	S3C17H1L.11	test	196.30	196.40	231.06	0.8496
NC_060941.1	26744737	26744908	S3C17H1L.4	test	204.70	203.20	239.06	0.8563
NC_060941.1	26745079	26745250	S3C17H1L.6	test	197.70	197.70	232.59	0.8500
NC_060941.1	26749159	26749326	S3C17H1L.14	test	194.50	193.50	227.65	0.8544
NC_060941.1	26749998	26750169	S3C17H1L.3	test	204.40	202.90	238.71	0.8563
NC_060941.1	26751190	26751361	S3C17H1L.10	test	198.20	197.40	232.24	0.8534
NC_060941.1	26754253	26754424	S3C17H1L.13	test	201.90	200.20	235.53	0.8572
NC_060941.1	26754759	26754930	S3C17H1L.1	test	185.80	187.00	220.00	0.8445
NC_060941.1	26754930	26755096	S3C17H1L.2	test	197.10	196.60	231.29	0.8522
NC_060941.1	26755946	26756117	S3C17H1L.8	test	204.40	202.80	238.59	0.8567
NC_060941.1	26758833	26759004	S3C17H1L.9	test	198.10	198.10	233.06	0.8500
NC_060941.1	26763927	26764098	S3C17H1L.8	test	202.80	201.20	236.71	0.8568
NC_060941.1	26768345	26768516	S3C17H1L.4	test	203.10	202.40	238.12	0.8529
NC_060941.1	26769024	26769195	S3C17H1L.8	test	207.30	205.00	241.18	0.8595
NC_060941.1	26777692	26777863	S3C17H1L.13	test	195.60	195.10	229.53	0.8522
NC_060941.1	26781764	26781935	S3C17H1L.12	test	202.80	201.30	236.82	0.8563
NC_060941.1	26786342	26786513	S3C17H1L.6	test	192.40	193.20	227.29	0.8465
NC_060941.1	26791264	26791430	S3C17H1L.2	test	197.10	196.60	231.29	0.8522
NC_060941.1	26792114	26792280	S3C17H1L.7	test	193.50	193.00	227.06	0.8522
NC_060941.1	26794150	26794321	S3C17H1L.4	test	206.30	204.80	240.94	0.8562
NC_060941.1	26794321	26794492	S3C17H1L.5	test	196.30	195.50	230.00	0.8535
NC_060941.1	26796023	26796191	S3C17H1L.15	test	192.80	192.20	226.12	0.8527
NC_060941.1	26796359	26796526	S3C17H1L.16	test	195.50	194.50	228.82	0.8544
NC_060941.1	26797713	26797884	S3C17H1L.8	test	200.20	199.00	234.12	0.8551
NC_060941.1	26800598	26800769	S3C17H1L.8	test	188.80	189.10	222.47	0.8487
NC_060941.1	26802806	26802977	S3C17H1L.5	test	198.50	197.80	232.71	0.8530
NC_060941.1	26804675	26804845	S3C17H1L.1	test	168.20	172.20	202.59	0.8303
NC_060941.1	26806203	26806374	S3C17H1L.10	test	209.10	206.50	242.94	0.8607
NC_060941.1	26811969	26812140	S3C17H1L.5	test	200.80	199.90	235.18	0.8538
NC_060941.1	26814179	26814345	S3C17H1L.2	test	194.50	194.30	228.59	0.8509
NC_060941.1	26818079	26818250	S3C17H1L.9	test	194.90	195.70	230.24	0.8465
NC_060941.1	26819773	26819944	S3C17H1L.3	test	207.20	205.10	241.29	0.8587
NC_060941.1	26821983	26822150	S3C17H1L.16	test	189.90	189.70	223.18	0.8509
NC_060941.1	26822150	26822321	S3C17H1L.1	test	185.80	187.00	220.00	0.8445
NC_060941.1	26827750	26827921	S3C17H1L.1	test	182.70	184.50	217.06	0.8417
NC_060941.1	26828087	26828257	S3C17H1L.3	test	205.90	203.70	239.65	0.8592
NC_060941.1	26828429	26828600	S3C17H1L.5	test	200.80	199.90	235.18	0.8538
NC_060941.1	26829279	26829450	S3C17H1L.10	test	206.80	204.40	240.47	0.8600
NC_060941.1	26830130	26830298	S3C17H1L.15	test	197.90	196.80	231.53	0.8548
NC_060941.1	26830973	26831144	S3C17H1L.4	test	201.10	200.40	235.76	0.8530
NC_060941.1	26831823	26831994	S3C17H1L.9	test	201.00	200.60	236.00	0.8517
NC_060941.1	26833351	26833517	S3C17H1L.2	test	197.10	196.60	231.29	0.8522
NC_060941.1	26842005	26842176	S3C17H1L.5	test	200.80	199.90	235.18	0.8538
NC_060941.1	26844209	26844380	S3C17H1L.3	test	205.30	203.40	239.29	0.8579
NC_060941.1	26847604	26847775	S3C17H1L.6	test	198.00	198.00	232.94	0.8500
NC_060941.1	26847775	26847941	S3C17H1L.7	test	195.00	194.60	228.94	0.8517
NC_060941.1	26850144	26850315	S3C17H1L.4	test	198.10	197.90	232.82	0.8509
NC_060941.1	26855267	26855438	S3C17H1L.4	test	203.00	202.10	237.76	0.8538
NC_060941.1	26861380	26861551	S3C17H1L.10	test	203.40	201.80	237.41	0.8567
NC_060941.1	26865282	26865453	S3C17H1L.3	test	207.20	205.10	241.29	0.8587
NC_060941.1	26866132	26866303	S3C17H1L.8	test	196.50	196.00	230.59	0.8522
NC_060941.1	26870041	26870212	S3C17H1L.1	test	191.80	191.60	225.41	0.8509
NC_060941.1	26870720	26870891	S3C17H1L.5	test	200.90	199.70	234.94	0.8551
NC_060941.1	26871570	26871741	S3C17H1L.10	test	202.60	201.20	236.71	0.8559
NC_060941.1	26874632	26874803	S3C17H1L.13	test	201.90	200.20	235.53	0.8572
NC_060941.1	26875309	26875475	S3C17H1L.2	test	198.20	197.10	231.88	0.8547
NC_060941.1	26887022	26887188	S3C17H1L.7	test	193.80	193.10	227.18	0.8531
NC_060941.1	26893984	26894155	S3C17H1L.4	test	203.80	202.60	238.35	0.8550
NC_060941.1	26897378	26897549	S3C17H1L.8	test	200.80	199.40	234.59	0.8560
NC_060941.1	26905357	26905523	S3C17H1L.7	test	196.00	195.10	229.53	0.8539
NC_060941.1	26908238	26908409	S3C17H1L.8	test	205.50	203.30	239.18	0.8592
NC_060941.1	26917238	26917409	S3C17H1L.13	test	196.60	195.50	230.00	0.8548
NC_060941.1	26919611	26919782	S3C17H1L.11	test	204.50	202.90	238.71	0.8567
NC_060941.1	26920459	26920626	S3C17H1L.16	test	190.10	189.90	223.41	0.8509
NC_060941.1	26926393	26926564	S3C17H1L.3	test	207.20	205.10	241.29	0.8587
NC_060941.1	26929108	26929279	S3C17H1L.3	test	207.20	205.10	241.29	0.8587
NC_060941.1	26929621	26929792	S3C17H1L.6	test	201.60	200.60	236.00	0.8542
NC_060941.1	26932844	26933015	S3C17H1L.9	test	203.00	201.40	236.94	0.8568
NC_060941.1	26933357	26933528	S3C17H1L.12	test	205.60	203.60	239.53	0.8583
NC_060941.1	26935730	26935901	S3C17H1L.10	test	202.60	201.20	236.71	0.8559
NC_060941.1	26935901	26936072	S3C17H1L.11	test	204.90	203.30	239.18	0.8567
NC_060941.1	26936243	26936414	S3C17H1L.13	test	198.80	197.60	232.47	0.8552
NC_060941.1	26936749	26936916	S3C17H1L.16	test	195.50	194.50	228.82	0.8544
NC_060941.1	26939802	26939968	S3C17H1L.2	test	195.20	194.70	229.06	0.8522
NC_060941.1	26943196	26943367	S3C17H1L.6	test	201.60	200.60	236.00	0.8542
NC_060941.1	26944894	26945061	S3C17H1L.16	test	189.20	189.20	222.59	0.8500
NC_060941.1	26947947	26948113	S3C17H1L.2	test	195.20	194.70	229.06	0.8522
NC_060941.1	26954904	26955075	S3C17H1L.11	test	201.40	200.90	236.35	0.8521
NC_060941.1	26955752	26955923	S3C17H1L.1	test	200.40	199.00	234.12	0.8560
NC_060941.1	26966442	26966613	S3C17H1L.1	test	198.80	197.80	232.71	0.8543
NC_060941.1	26967463	26967628	S3C17H1L.7	test	191.50	191.80	225.65	0.8487
NC_060941.1	26967799	26967970	S3C17H1L.9	test	198.20	197.70	232.59	0.8521
NC_060941.1	26968483	26968654	S3C17H1L.13	test	196.90	195.60	230.12	0.8556
NC_060941.1	26970006	26970177	S3C17H1L.6	test	201.60	200.60	236.00	0.8542
NC_060941.1	26972042	26972208	S3C17H1L.2	test	195.10	194.70	229.06	0.8517
NC_060941.1	26973229	26973400	S3C17H1L.9	test	205.50	203.70	239.65	0.8575
NC_060941.1	26978659	26978830	S3C17H1L.9	test	205.50	203.70	239.65	0.8575
NC_060941.1	26979849	26980016	S3C17H1L.16	test	195.50	194.50	228.82	0.8544
NC_060941.1	26985954	26986125	S3C17H1L.4	test	203.00	202.10	237.76	0.8538
NC_060941.1	26989690	26989861	S3C17H1L.10	test	202.60	201.20	236.71	0.8559
NC_060941.1	26991384	26991555	S3C17H1L.4	test	206.30	204.80	240.94	0.8562
NC_060941.1	26992576	26992747	S3C17H1L.11	test	207.50	205.50	241.76	0.8583
NC_060941.1	26993256	26993424	S3C17H1L.15	test	194.90	194.10	228.35	0.8535
NC_060941.1	26998006	26998177	S3C17H1L.11	test	207.50	205.50	241.76	0.8583
NC_060941.1	26999870	27000041	S3C17H1L.6	test	196.50	196.30	230.94	0.8509
NC_060941.1	27001568	27001735	S3C17H1L.16	test	192.50	191.90	225.76	0.8527
NC_060941.1	27002072	27002243	S3C17H1L.3	test	207.20	205.10	241.29	0.8587
NC_060941.1	27006150	27006321	S3C17H1L.11	test	204.10	202.80	238.59	0.8554
NC_060941.1	27009713	27009880	S3C17H1L.16	test	195.50	194.50	228.82	0.8544
NC_060941.1	27012260	27012428	S3C17H1L.15	test	197.70	196.60	231.29	0.8548
NC_060941.1	27013953	27014124	S3C17H1L.9	test	198.10	197.00	231.76	0.8547
NC_060941.1	27014808	27014975	S3C17H1L.14	test	199.10	197.50	232.35	0.8569
NC_060941.1	27022953	27023120	S3C17H1L.16	test	192.50	192.10	226.00	0.8518
NC_060941.1	27024991	27025162	S3C17H1L.12	test	205.60	203.60	239.53	0.8583
NC_060941.1	27025162	27025333	S3C17H1L.13	test	199.30	197.70	232.59	0.8569
NC_060941.1	27027706	27027877	S3C17H1L.12	test	205.60	203.60	239.53	0.8583
NC_060941.1	27028719	27028890	S3C17H1L.3	test	207.20	205.10	241.29	0.8587
NC_060941.1	27030595	27030762	S3C17H1L.14	test	195.80	194.90	229.29	0.8539
NC_060941.1	27032118	27032284	S3C17H1L.7	test	196.00	195.10	229.53	0.8539
NC_060941.1	27035512	27035683	S3C17H1L.11	test	204.50	202.90	238.71	0.8567
NC_060941.1	27037548	27037714	S3C17H1L.7	test	196.00	195.10	229.53	0.8539
NC_060941.1	27045009	27045180	S3C17H1L.5	test	197.60	197.60	232.47	0.8500
NC_060941.1	27048916	27049087	S3C17H1L.12	test	202.80	201.30	236.82	0.8563
NC_060941.1	27050097	27050268	S3C17H1L.3	test	207.20	205.10	241.29	0.8587
NC_060941.1	27050947	27051118	S3C17H1L.8	test	203.30	201.30	236.82	0.8584
NC_060941.1	27054346	27054517	S3C17H1L.12	test	205.60	203.60	239.53	0.8583
NC_060941.1	27054517	27054688	S3C17H1L.13	test	195.60	195.00	229.41	0.8526
NC_060941.1	27062149	27062320	S3C17H1L.10	test	202.60	201.20	236.71	0.8559
NC_060941.1	27062833	27063000	S3C17H1L.14	test	199.10	197.50	232.35	0.8569
NC_060941.1	27065548	27065715	S3C17H1L.14	test	199.10	197.50	232.35	0.8569
NC_060941.1	27068598	27068765	S3C17H1L.16	test	192.50	192.10	226.00	0.8518
NC_060941.1	27068765	27068936	S3C17H1L.1	test	202.20	200.70	236.12	0.8564
NC_060941.1	27071482	27071653	S3C17H1L.3	test	204.10	202.60	238.35	0.8563
NC_060941.1	27073016	27073187	S3C17H1L.12	test	202.90	201.20	236.71	0.8572
NC_060941.1	27074710	27074881	S3C17H1L.6	test	201.60	200.60	236.00	0.8542
NC_060941.1	27076240	27076408	S3C17H1L.15	test	187.90	189.00	222.35	0.8451
NC_060941.1	27078446	27078617	S3C17H1L.12	test	205.60	203.60	239.53	0.8583
NC_060941.1	27079122	27079293	S3C17H1L.1	test	199.50	198.30	233.29	0.8551
NC_060941.1	27079801	27079972	S3C17H1L.5	test	200.80	199.90	235.18	0.8538
NC_060941.1	27083195	27083366	S3C17H1L.9	test	199.70	198.70	233.76	0.8543
NC_060941.1	27086932	27087100	S3C17H1L.15	test	195.90	194.90	229.29	0.8544
NC_060941.1	27087775	27087946	S3C17H1L.4	test	203.10	202.40	238.12	0.8529
NC_060941.1	27093205	27093376	S3C17H1L.6	test	201.60	200.60	236.00	0.8542
NC_060941.1	27100165	27100333	S3C17H1L.15	test	191.50	191.50	225.29	0.8500
NC_060941.1	27101687	27101858	S3C17H1L.8	test	203.30	201.30	236.82	0.8584
NC_060941.1	27103048	27103215	S3C17H1L.16	test	192.50	191.90	225.76	0.8527
NC_060941.1	27104573	27104744	S3C17H1L.9	test	207.10	205.30	241.53	0.8575
NC_060941.1	27107117	27107288	S3C17H1L.8	test	205.50	203.30	239.18	0.8592
NC_060941.1	27108982	27109153	S3C17H1L.3	test	204.40	202.90	238.71	0.8563
NC_060941.1	27113567	27113738	S3C17H1L.5	test	200.80	199.90	235.18	0.8538
NC_060941.1	27113738	27113909	S3C17H1L.6	test	204.10	202.80	238.59	0.8554
NC_060941.1	27115940	27116111	S3C17H1L.3	test	204.90	203.00	238.82	0.8580
NC_060941.1	27118318	27118489	S3C17H1L.1	test	202.20	200.70	236.12	0.8564
NC_060941.1	27118489	27118655	S3C17H1L.2	test	195.90	195.00	229.41	0.8539
NC_060941.1	27122904	27123075	S3C17H1L.12	test	202.90	201.20	236.71	0.8572
NC_060941.1	27123919	27124085	S3C17H1L.2	test	195.90	195.00	229.41	0.8539
NC_060941.1	27135454	27135625	S3C17H1L.5	test	197.90	197.50	232.35	0.8517
NC_060941.1	27137323	27137490	S3C17H1L.16	test	187.80	187.80	220.94	0.8500
NC_060941.1	27140884	27141055	S3C17H1L.5	test	200.80	199.90	235.18	0.8538
NC_060941.1	27141563	27141734	S3C17H1L.9	test	203.50	201.60	237.18	0.8580
NC_060941.1	27141734	27141905	S3C17H1L.10	test	200.10	199.10	234.24	0.8543
NC_060941.1	27142585	27142753	S3C17H1L.15	test	193.20	192.80	226.82	0.8518
NC_060941.1	27144449	27144620	S3C17H1L.10	test	200.10	199.10	234.24	0.8543
NC_060941.1	27147335	27147506	S3C17H1L.11	test	207.50	205.50	241.76	0.8583
NC_060941.1	27149879	27150050	S3C17H1L.10	test	199.70	198.90	234.00	0.8534
NC_060941.1	27151235	27151401	S3C17H1L.2	test	193.00	192.80	226.82	0.8509
NC_060941.1	27152764	27152935	S3C17H1L.11	test	204.90	203.30	239.18	0.8567
NC_060941.1	27155991	27156158	S3C17H1L.14	test	196.10	194.90	229.29	0.8552
NC_060941.1	27159886	27160057	S3C17H1L.5	test	197.30	197.10	231.88	0.8509
NC_060941.1	27161587	27161755	S3C17H1L.15	test	193.40	193.40	227.53	0.8500
NC_060941.1	27164977	27165148	S3C17H1L.4	test	200.70	200.10	235.41	0.8525
NC_060941.1	27165998	27166169	S3C17H1L.10	test	209.10	206.50	242.94	0.8607
NC_060941.1	27178207	27178378	S3C17H1L.3	test	207.20	205.10	241.29	0.8587
NC_060941.1	27181772	27181943	S3C17H1L.8	test	205.50	203.30	239.18	0.8592
NC_060941.1	27184832	27185003	S3C17H1L.11	test	207.50	205.50	241.76	0.8583
NC_060941.1	27186016	27186187	S3C17H1L.3	test	207.20	205.10	241.29	0.8587
NC_060941.1	27191952	27192123	S3C17H1L.1	test	186.90	188.40	221.65	0.8432
NC_060941.1	27195003	27195174	S3C17H1L.3	test	207.20	205.10	241.29	0.8587
NC_060941.1	27196195	27196366	S3C17H1L.10	test	209.10	206.50	242.94	0.8607
NC_060941.1	27198235	27198401	S3C17H1L.7	test	188.90	190.00	223.53	0.8451
NC_060941.1	27204352	27204523	S3C17H1L.13	test	197.40	197.20	232.00	0.8509
NC_060941.1	27206216	27206387	S3C17H1L.9	test	199.80	199.00	234.12	0.8534
NC_060941.1	27209785	27209956	S3C17H1L.6	test	198.00	198.10	233.06	0.8496
NC_060941.1	27212504	27212670	S3C17H1L.7	test	198.00	197.20	232.00	0.8534
NC_060941.1	27220656	27220822	S3C17H1L.2	test	197.10	196.60	231.29	0.8522
NC_060941.1	27233230	27233401	S3C17H1L.10	test	199.10	197.60	232.47	0.8565
NC_060941.1	27234757	27234928	S3C17H1L.4	test	202.70	201.20	236.71	0.8563
NC_060941.1	27236291	27236462	S3C17H1L.13	test	194.90	193.90	228.12	0.8544
NC_060941.1	27244941	27245107	S3C17H1L.2	test	195.10	194.70	229.06	0.8517
NC_060941.1	27250371	27250537	S3C17H1L.2	test	192.80	192.60	226.59	0.8509
NC_060941.1	27251387	27251558	S3C17H1L.8	test	202.20	200.60	236.00	0.8568
NC_060941.1	27253765	27253936	S3C17H1L.6	test	201.60	200.60	236.00	0.8542
NC_060941.1	27255630	27255801	S3C17H1L.1	test	207.60	205.30	241.53	0.8595
NC_060941.1	27258853	27259024	S3C17H1L.4	test	203.80	202.60	238.35	0.8550
NC_060941.1	27265475	27265646	S3C17H1L.11	test	207.50	205.50	241.76	0.8583
NC_060941.1	27267511	27267677	S3C17H1L.7	test	196.00	195.10	229.53	0.8539
NC_060941.1	27271247	27271418	S3C17H1L.13	test	198.40	196.90	231.65	0.8565
NC_060941.1	27271585	27271753	S3C17H1L.15	test	197.70	196.60	231.29	0.8548
NC_060941.1	27272599	27272770	S3C17H1L.5	test	200.90	199.70	234.94	0.8551
NC_060941.1	27277015	27277183	S3C17H1L.15	test	197.70	196.60	231.29	0.8548
NC_060941.1	27281086	27281252	S3C17H1L.7	test	196.00	195.10	229.53	0.8539
NC_060941.1	27281594	27281765	S3C17H1L.10	test	202.60	201.20	236.71	0.8559
NC_060941.1	27284480	27284651	S3C17H1L.11	test	207.50	205.50	241.76	0.8583
NC_060941.1	27284651	27284822	S3C17H1L.12	test	204.20	202.00	237.65	0.8593
NC_060941.1	27286345	27286516	S3C17H1L.6	test	201.60	200.60	236.00	0.8542
NC_060941.1	27286516	27286682	S3C17H1L.7	test	196.00	195.10	229.53	0.8539
NC_060941.1	27286853	27287024	S3C17H1L.9	test	205.50	203.70	239.65	0.8575
NC_060941.1	27288547	27288718	S3C17H1L.3	test	210.00	207.30	243.88	0.8611
NC_060941.1	27290590	27290758	S3C17H1L.15	test	197.70	196.60	231.29	0.8548
NC_060941.1	27291262	27291433	S3C17H1L.3	test	207.20	205.10	241.29	0.8587
NC_060941.1	27300256	27300427	S3C17H1L.8	test	205.50	203.30	239.18	0.8592
NC_060941.1	27308401	27308572	S3C17H1L.8	test	197.60	196.70	231.41	0.8539
NC_060941.1	27310098	27310269	S3C17H1L.3	test	210.00	207.30	243.88	0.8611
NC_060941.1	27310440	27310611	S3C17H1L.5	test	200.80	199.90	235.18	0.8538
NC_060941.1	27311803	27311974	S3C17H1L.13	test	200.20	198.50	233.53	0.8573
NC_060941.1	27312813	27312984	S3C17H1L.3	test	210.00	207.30	243.88	0.8611
NC_060941.1	27314005	27314176	S3C17H1L.10	test	203.60	201.90	237.53	0.8572
NC_060941.1	27324015	27324186	S3C17H1L.5	test	200.80	199.90	235.18	0.8538
NC_060941.1	27325549	27325716	S3C17H1L.14	test	199.10	197.50	232.35	0.8569
NC_060941.1	27326559	27326730	S3C17H1L.4	test	203.00	202.10	237.76	0.8538
NC_060941.1	27327409	27327580	S3C17H1L.9	test	201.50	199.80	235.06	0.8572
NC_060941.1	27329953	27330124	S3C17H1L.8	test	205.50	203.30	239.18	0.8592
NC_060941.1	27330637	27330808	S3C17H1L.12	test	205.60	203.60	239.53	0.8583
NC_060941.1	27331818	27331989	S3C17H1L.3	test	207.20	205.10	241.29	0.8587
NC_060941.1	27341497	27341668	S3C17H1L.12	test	202.80	201.30	236.82	0.8563
NC_060941.1	27350650	27350821	S3C17H1L.9	test	200.10	198.50	233.53	0.8569
NC_060941.1	27360487	27360658	S3C17H1L.3	test	204.40	202.90	238.71	0.8563
NC_060941.1	27363206	27363377	S3C17H1L.4	test	202.20	201.00	236.47	0.8551
NC_060941.1	27365417	27365583	S3C17H1L.2	test	192.40	192.60	226.59	0.8491
NC_060941.1	27368813	27368984	S3C17H1L.6	test	201.60	200.60	236.00	0.8542
NC_060941.1	27370849	27371015	S3C17H1L.2	test	194.80	194.50	228.82	0.8513
NC_060941.1	27375605	27375773	S3C17H1L.15	test	197.70	196.60	231.29	0.8548
NC_060941.1	27376959	27377125	S3C17H1L.7	test	192.00	192.50	226.47	0.8478
NC_060941.1	27379673	27379839	S3C17H1L.7	test	198.00	197.20	232.00	0.8534
NC_060941.1	27381032	27381200	S3C17H1L.15	test	189.20	189.70	223.18	0.8478
NC_060941.1	27382216	27382387	S3C17H1L.6	test	202.80	201.30	236.82	0.8563
NC_060941.1	27383579	27383746	S3C17H1L.14	test	182.50	183.50	215.88	0.8454
NC_060941.1	27388160	27388330	S3C17H1L.11	test	191.60	191.50	225.29	0.8504
NC_060941.1	27392394	27392565	S3C17H1L.4	test	203.80	202.70	238.47	0.8546
NC_060941.1	27395622	27395788	S3C17H1L.7	test	198.00	197.20	232.00	0.8534
NC_060941.1	27396130	27396301	S3C17H1L.10	test	201.20	199.70	234.94	0.8564
NC_060941.1	27399529	27399696	S3C17H1L.14	test	182.30	183.50	215.88	0.8444
NC_060941.1	27400710	27400881	S3C17H1L.5	test	198.00	197.60	232.47	0.8517
NC_060941.1	27406311	27406482	S3C17H1L.6	test	204.10	202.80	238.59	0.8554
NC_060941.1	27408180	27408346	S3C17H1L.2	test	200.80	199.40	234.59	0.8560
NC_060941.1	27408688	27408859	S3C17H1L.5	test	195.30	195.10	229.53	0.8509
NC_060941.1	27409538	27409709	S3C17H1L.10	test	197.80	197.10	231.88	0.8530
NC_060941.1	27409880	27410051	S3C17H1L.12	test	201.60	199.80	235.06	0.8577
NC_060941.1	27410051	27410222	S3C17H1L.13	test	189.40	190.80	224.47	0.8438
NC_060941.1	27425807	27425978	S3C17H1L.9	test	191.00	190.60	224.24	0.8518
NC_060941.1	27428185	27428351	S3C17H1L.7	test	198.00	197.20	232.00	0.8534
NC_060941.1	27429545	27429712	S3C17H1L.16	test	192.10	192.00	225.88	0.8504
NC_060941.1	27429712	27429883	S3C17H1L.1	test	182.50	184.60	217.18	0.8403
NC_060941.1	27435821	27435992	S3C17H1L.5	test	198.60	197.70	232.59	0.8539
NC_060941.1	27436329	27436500	S3C17H1L.8	test	203.60	201.60	237.18	0.8584
NC_060941.1	27437523	27437690	S3C17H1L.16	test	191.90	191.70	225.53	0.8509
NC_060941.1	27439390	27439561	S3C17H1L.11	test	200.40	199.30	234.47	0.8547
NC_060941.1	27440071	27440238	S3C17H1L.16	test	192.20	191.80	225.65	0.8518
NC_060941.1	27441596	27441767	S3C17H1L.9	test	200.60	199.10	234.24	0.8564
NC_060941.1	27442786	27442957	S3C17H1L.1	test	187.70	188.80	222.12	0.8450
NC_060941.1	27443123	27443294	S3C17H1L.3	test	201.40	200.10	235.41	0.8555
NC_060941.1	27447034	27447205	S3C17H1L.11	test	190.70	191.90	225.76	0.8447
NC_060941.1	27449068	27449239	S3C17H1L.8	test	202.40	200.80	236.24	0.8568
NC_060941.1	27453144	27453315	S3C17H1L.1	test	182.50	184.60	217.18	0.8403
NC_060941.1	27456880	27457046	S3C17H1L.7	test	196.50	195.60	230.12	0.8539
NC_060941.1	27457217	27457388	S3C17H1L.9	test	197.70	196.90	231.65	0.8535
NC_060941.1	27460278	27460449	S3C17H1L.12	test	205.60	203.60	239.53	0.8583
NC_060941.1	27469270	27469441	S3C17H1L.3	test	201.40	200.10	235.41	0.8555
NC_060941.1	27471818	27471989	S3C17H1L.3	test	197.80	197.40	232.24	0.8517
NC_060941.1	27484907	27485078	S3C17H1L.10	test	194.70	193.90	228.12	0.8535
NC_060941.1	27485926	27486096	S3C17H1-B.1	test	170.20	173.30	203.88	0.8348
NC_060941.1	27487619	27487790	S3C17H1-C.8	test	191.30	191.80	225.65	0.8478
NC_060941.1	27488470	27488636	S3C17H1-C.2	test	166.70	170.30	200.35	0.8320
NC_060941.1	27490341	27490512	S3C17H1-C.13	test	207.50	205.20	241.41	0.8595
NC_060941.1	27491702	27491868	S3C17H1-C.7	test	198.60	197.30	232.12	0.8556
NC_060941.1	27494763	27494934	S3C17H1-C.11	test	206.10	204.50	240.59	0.8567
NC_060941.1	27501738	27501909	S3C17H1-C.10	test	207.90	205.20	241.41	0.8612
NC_060941.1	27502928	27503099	S3C17H1-C.3	test	209.20	206.90	243.41	0.8594
NC_060941.1	27503612	27503778	S3C17H1-C.7	test	198.60	197.30	232.12	0.8556
NC_060941.1	27505994	27506160	S3C17H1-C.7	test	198.60	197.30	232.12	0.8556
NC_060941.1	27511266	27511437	S3C17H1-C.10	test	207.90	205.20	241.41	0.8612
NC_060941.1	27516030	27516201	S3C17H1-C.10	test	204.60	202.60	238.35	0.8584
NC_060941.1	27516201	27516372	S3C17H1-C.11	test	206.10	204.50	240.59	0.8567
NC_060941.1	27518583	27518754	S3C17H1-C.11	test	206.10	204.50	240.59	0.8567
NC_060941.1	27522497	27522668	S3C17H1-C.6	test	205.50	203.90	239.88	0.8567
NC_060941.1	27534578	27534744	S3C17H1-C.7	test	198.60	197.30	232.12	0.8556
NC_060941.1	27539342	27539508	S3C17H1-C.7	test	198.60	197.30	232.12	0.8556
NC_060941.1	27540874	27541040	S3C17H1-C.2	test	199.60	198.60	233.65	0.8543
NC_060941.1	27542745	27542916	S3C17H1-C.13	test	207.50	205.20	241.41	0.8595
NC_060941.1	27544106	27544272	S3C17H1-C.7	test	198.60	197.30	232.12	0.8556
NC_060941.1	27545638	27545804	S3C17H1-C.2	test	199.60	198.60	233.65	0.8543
NC_060941.1	27548186	27548357	S3C17H1-C.3	test	206.50	204.70	240.82	0.8575
NC_060941.1	27549207	27549378	S3C17H1-C.9	test	206.00	204.50	240.59	0.8562
NC_060941.1	27550568	27550739	S3C17H1-C.3	test	209.20	206.90	243.41	0.8594
NC_060941.1	27552610	27552784	S3C17H1-C.1	test	197.20	197.20	232.00	0.8500
NC_060941.1	27556695	27556866	S3C17H1-C.11	test	206.10	204.50	240.59	0.8567
NC_060941.1	27558398	27558564	S3C17H1-C.7	test	198.60	197.30	232.12	0.8556
NC_060941.1	27561630	27561801	S3C17H1-C.12	test	203.00	201.40	236.94	0.8568
NC_060941.1	27576465	27576636	R2	test	181.50	180.50	212.35	0.8547
NC_060941.1	27586228	27586399	R2	test	160.00	162.70	191.41	0.8359
NC_060941.1	27588614	27588784	S5C1H6d.1	test	171.60	173.10	203.65	0.8426
NC_060941.1	27601976	27602147	R2	test	156.90	160.70	189.06	0.8299
NC_060941.1	27646324	27646495	S5C1H6d.1	test	164.00	166.50	195.88	0.8372
NC_060941.1	27648205	27648374	S5C1H6d.1	test	158.90	162.60	191.29	0.8307
NC_060941.1	27651962	27652133	Ga	test	158.00	162.20	190.82	0.8280
NC_060941.1	28130104	28130275	Ja	test	146.30	149.80	176.24	0.8301
NC_060946.1	11697483	11697654	Ha	test	172.90	172.10	202.47	0.8540
NC_060946.1	11766092	11766262	Ga	test	157.00	160.10	188.35	0.8335
NC_060946.1	11768824	11768995	Ga	test	167.40	169.00	198.82	0.8420
NC_060946.1	11769165	11769335	Ga	test	167.90	170.30	200.35	0.8380
NC_060946.1	11770861	11771037	S4C15H4.23	test	183.60	184.90	217.53	0.8440
NC_060946.1	11780253	11780419	S4C20H8.1	test	154.30	159.90	188.12	0.8202
NC_060946.1	11780765	11780936	Ga	test	155.80	160.90	189.29	0.8231
NC_060946.1	11786900	11787071	Ga	test	152.70	157.60	185.41	0.8236
NC_060946.1	11787071	11787242	Ga	test	166.30	168.20	197.88	0.8404
NC_060946.1	11789114	11789284	Ga	test	166.40	167.80	197.41	0.8429
NC_060946.1	11820643	11820814	Ga	test	161.20	163.40	192.24	0.8386
NC_060946.1	11822687	11822858	Ga	test	176.80	176.50	207.65	0.8514
NC_060946.1	11830382	11830553	S4/6C13/14/21/22H8.6	test	166.80	172.60	203.06	0.8214
NC_060946.1	11833098	11833270	S4/6C13/14/21/22H8.22	test	199.70	199.70	234.94	0.8500
NC_060946.1	11834470	11834640	S4/6C13/14/21/22H8.30	test	181.40	184.10	216.59	0.8375
NC_060946.1	11836777	11836948	Ga	test	156.10	159.60	187.76	0.8314
NC_060946.1	11965646	11965816	Ga	test	150.90	156.00	183.53	0.8222
NC_060946.1	11977959	11978129	Ga	test	165.00	168.10	197.76	0.8343
NC_060946.1	11985304	11985473	S4C20H8.25	test	166.00	172.70	203.18	0.8170
NC_060946.1	12046471	12046642	Ha	test	166.30	168.10	197.76	0.8409
NC_060946.1	12055197	12055369	Ha	test	156.90	159.90	188.12	0.8341
NC_060946.1	12121256	12121427	Ga	test	169.70	170.80	200.94	0.8445
NC_060946.1	12121427	12121596	Ga	test	168.00	170.20	200.24	0.8390
NC_060946.1	12139452	12139623	Ga	test	160.80	162.70	191.41	0.8401
NC_060946.1	12146761	12146932	Ga	test	159.50	163.60	192.47	0.8287
NC_060946.1	12147608	12147779	Ga	test	171.00	173.70	204.35	0.8368
NC_060946.1	12160026	12160194	Ga	test	179.50	178.60	210.12	0.8543
NC_060946.1	12427035	12427206	Ga	test	157.20	162.30	190.94	0.8233
NC_060946.1	12429959	12430130	Ga	test	155.50	159.00	187.06	0.8313
NC_060946.1	12435289	12435460	Ga	test	159.20	162.70	191.41	0.8317
NC_060946.1	12435631	12435802	Ga	test	159.20	164.40	193.41	0.8231
NC_060946.1	12435973	12436144	Ga	test	161.40	163.10	191.88	0.8411
NC_060946.1	12490320	12490491	R1	test	181.30	182.10	214.24	0.8463
NC_060946.1	12491175	12491344	S5C1H6d.1	test	159.20	163.80	192.71	0.8261
NC_060946.1	12505593	12505764	R1	test	163.90	168.00	197.65	0.8293
NC_060946.1	12506959	12507130	R2	test	155.80	159.50	187.65	0.8303
NC_060946.1	12529205	12529375	Ga	test	165.70	167.40	196.94	0.8414
NC_060946.1	16555716	16555887	S02CMH2d.3	test	159.10	164.10	193.06	0.8241
NC_060946.1	16565761	16565932	S2CMH4d.1	test	186.40	186.80	219.76	0.8482
NC_060946.1	16566103	16566274	S2CMH4d.1	test	176.20	177.70	209.06	0.8428
NC_060946.1	16848873	16849050	Ga	test	156.10	157.90	185.76	0.8403
NC_060946.1	16851612	16851783	Ga	test	192.80	190.40	224.00	0.8607
NC_060946.1	16859766	16859937	S5C1H6d.1	test	182.50	181.30	213.29	0.8556
NC_060946.1	16871961	16872132	Ga	test	156.60	160.20	188.47	0.8309
NC_060946.1	16872474	16872645	Ga	test	164.10	167.50	197.06	0.8327
NC_060948.1	10390972	10391143	Ga	test	158.50	161.20	189.65	0.8358
NC_060948.1	10392682	10392853	Ga	test	168.70	170.40	200.47	0.8415
NC_060948.1	10395763	10395934	Ga	test	172.80	174.70	205.53	0.8408
NC_060948.1	10398988	10399159	Ga	test	155.00	158.40	186.35	0.8318
NC_060948.1	10524214	10524386	Ha	test	161.10	162.80	191.53	0.8411
NC_060948.1	10524557	10524728	Ha	test	180.40	179.50	211.18	0.8543
NC_060948.1	10524729	10524900	Ha	test	150.20	154.80	182.12	0.8247
NC_060948.1	10536905	10537077	Ha	test	170.30	172.00	202.35	0.8416
NC_060948.1	19113446	19113615	Ca	test	121.80	128.60	151.29	0.8051
NC_060948.1	19114982	19115154	Ca	test	166.90	166.20	195.53	0.8536
NC_060948.1	19131128	19131303	Ca	test	142.70	146.20	172.00	0.8297
NC_060948.1	19131303	19131483	Ca	test	154.80	154.00	181.18	0.8544
NC_060948.1	19151820	19151992	Ba	test	164.80	164.70	193.76	0.8505
